event_time,account,return,total_turnover,turnover,total_cost,cost,value,cash,bench
2024-01-14,1000000.0,0.0,0.0,0.0,0.0,0.0,0.0,1000000.0,-0.026037097
2024-01-15,1000000.0,0.0,0.0,0.0,0.0,0.0,0.0,1000000.0,0.018660545
2024-01-16,1007309.8073242188,0.007560986328125047,251179.00390625,0.25117900390625,251.17900390625002,0.00025117900390625,258739.990234375,748569.8170898438,0.014745474
2024-01-17,1001588.8112304688,-0.005679480187874917,251179.00390625,0.0,251.17900390625002,0.0,253018.994140625,748569.8170898438,-0.008388162
2024-01-18,973024.7418037415,-0.028223138192233405,547268.9994812012,0.29562031070534783,547.2689994812011,0.00029562031070534775,520841.0102844238,452183.73151931766,-0.033864737
2024-01-19,974840.9987510681,0.0021479288817283946,820999.9977111816,0.2813196689351933,820.9999977111815,0.0002813196689351932,249200.0,725640.9987510681,0.00802207
2024-01-20,972841.9997276306,-0.0020505898151581096,820999.9977111816,0.0,820.9999977111815,0.0,247201.0009765625,725640.9987510681,0.0008883476
2024-01-21,971346.0036338806,-0.0015377585406148567,820999.9977111816,0.0,820.9999977111815,0.0,245705.0048828125,725640.9987510681,-0.0027751327
2024-01-22,957060.9938682556,-0.01470640710126327,820999.9977111816,0.0,820.9999977111815,0.0,231419.9951171875,725640.9987510681,-0.048395693
2024-01-23,949901.0085166931,-0.007481221570448946,820999.9977111816,0.0,820.9999977111815,0.0,224260.009765625,725640.9987510681,0.008329511
2024-01-24,949143.0007041931,-0.0007979861119251345,820999.9977111816,0.0,820.9999977111815,0.0,223502.001953125,725640.9987510681,0.004693985
2024-01-25,947504.9880088806,-0.0017257807243979222,820999.9977111816,0.0,820.9999977111815,0.0,221863.9892578125,725640.9987510681,-0.0030881763
2024-01-26,952408.9919151306,0.005175702469446036,820999.9977111816,0.0,820.9999977111815,0.0,226767.9931640625,725640.9987510681,0.046605825
2024-01-27,952434.9928916931,2.7300221630852633e-05,820999.9977111816,0.0,820.9999977111815,0.0,226793.994140625,725640.9987510681,0.007104039
2024-01-28,957055.4090492248,0.005386215521151958,1330603.9817810059,0.5350538229623554,1330.6039817810058,0.0005350538229623554,287940.0100708008,669115.398978424,-0.002126515
2024-01-29,974155.3998939514,0.017867294498355474,1330603.9817810059,0.0,1330.6039817810058,0.0,305040.00091552734,669115.398978424,0.03025484
2024-01-30,973332.2362205505,-0.000834565690107029,1340770.9815979004,0.010436733007897233,1340.7709815979003,1.0436733007897234e-05,294060.0044250488,679272.2317955017,-0.0083504915
2024-01-31,960456.2291404724,-0.013228789308443812,1340770.9815979004,0.0,1340.7709815979003,0.0,281183.9973449707,679272.2317955017,-0.008409202
2024-02-01,962921.2247154235,0.002566484031403634,1340770.9815979004,0.0,1340.7709815979003,0.0,283648.9929199219,679272.2317955017,0.011811733
2024-02-02,970954.2371055603,0.008342335991722221,1340770.9815979004,0.0,1340.7709815979003,0.0,291682.0053100586,679272.2317955017,0.0027170181
2024-02-03,963356.2291404724,-0.007825299766689055,1340770.9815979004,0.0,1340.7709815979003,0.0,284083.9973449707,679272.2317955017,-0.0043728948
2024-02-04,956193.2256004333,-0.007435467092406774,1340770.9815979004,0.0,1340.7709815979003,0.0,276920.99380493164,679272.2317955017,-0.009955823
2024-02-05,956694.6944458007,0.0005344284314315617,1350318.9819335938,0.009985429806509846,1350.3189819335937,9.985429806509844e-06,286980.0109863281,669714.6834594726,0.0029547215
2024-02-06,960354.6752197265,0.0038256517938002727,1350318.9819335938,0.0,1350.3189819335937,0.0,290639.9917602539,669714.6834594726,0.009137511
2024-02-07,978144.4401245117,0.01877121896547431,1587581.9702148438,0.2470576698415769,1587.5819702148438,0.0002470576698415769,545930.0079345703,432214.43218994135,0.029018164
2024-02-08,982449.4434814453,0.004401193914045653,1587581.9702148438,0.0,1587.5819702148438,0.0,550235.0112915039,432214.43218994135,0.021173716
2024-02-09,1001263.1677940368,0.019160274798009292,1597858.9698791504,0.010460588819602434,1597.8589698791504,1.0460588819602481e-05,558782.0129394531,442481.15485458367,0.04071927
2024-02-10,1008634.1600730895,0.007361693225261006,1597858.9698791504,0.0,1597.8589698791504,0.0,566153.0052185059,442481.15485458367,0.013118744
2024-02-11,1004980.2475982665,-0.003611826387424216,1608759.9700927734,0.010807684931901491,1608.7599700927735,1.0807684931901537e-05,551608.9935302734,453371.2540679931,0.011494994
2024-02-12,1031962.2513824461,0.02684829263924553,1608759.9700927734,0.0,1608.7599700927735,0.0,578590.9973144531,453371.2540679931,0.0334841
2024-02-13,1032314.2624908446,0.0003411085123771469,1608759.9700927734,0.0,1608.7599700927735,0.0,578943.0084228516,453371.2540679931,-0.004360795
2024-02-14,1058368.2633453368,0.02523843930202723,1608759.9700927734,0.0,1608.7599700927735,0.0,604997.0092773438,453371.2540679931,0.04216492
2024-02-15,1053430.2628570555,-0.004665673243709143,1608759.9700927734,0.0,1608.7599700927735,0.0,600059.0087890625,453371.2540679931,0.0016378164
2024-02-16,1042475.2640777586,-0.010399358330171122,1608759.9700927734,0.0,1608.7599700927735,0.0,589104.0100097656,453371.2540679931,0.00470531
2024-02-17,1036940.2421051024,-0.005309499576043073,1608759.9700927734,0.0,1608.7599700927735,0.0,583568.9880371094,453371.2540679931,-0.009236991
2024-02-18,1055763.2432037352,0.018152445371798914,1608759.9700927734,0.0,1608.7599700927735,0.0,602391.9891357422,453371.2540679931,0.009585738
2024-02-19,1060135.2555328368,0.00414109162944014,1608759.9700927734,0.0,1608.7599700927735,0.0,606764.0014648438,453371.2540679931,-0.0069612265
2024-02-20,1058120.2530914305,-0.001900703170552974,1608759.9700927734,0.0,1608.7599700927735,0.0,604748.9990234375,453371.2540679931,0.009349942
2024-02-21,1043905.4087928771,-0.013423816675926145,1619591.9700622559,0.010237021678618645,1619.591970062256,1.0237021678618689e-05,601376.9866943359,442528.42209854117,-0.007834673
2024-02-22,1043979.7989852905,0.0003630656493164909,1924207.9727172852,0.29180421912678167,1924.2079727172854,0.00029180421912678177,297139.990234375,746839.8087509155,-0.010819197
2024-02-23,1039063.807774353,-0.004708894957273752,1924207.9727172852,0.0,1924.2079727172854,0.0,292223.9990234375,746839.8087509155,-0.010612011
2024-02-24,1046101.8204696655,0.006773417226789697,1924207.9727172852,0.0,1924.2079727172854,0.0,299262.01171875,746839.8087509155,0.016239762
2024-02-25,1058098.8175399778,0.011468288110736797,1924207.9727172852,0.0,1924.2079727172854,0.0,311259.0087890625,746839.8087509155,0.0031149387
2024-02-26,1064433.8028915403,0.005987139619238018,1924207.9727172852,0.0,1924.2079727172854,0.0,317593.994140625,746839.8087509155,0.053115726
2024-02-27,1066291.1068336486,0.0020442924121934014,2242917.977142334,0.2994174025282468,2242.917977142334,0.0002994174025282467,638480.012512207,427811.0943214416,0.047008753
2024-02-28,1111308.1005470275,0.042218296134023725,2242917.977142334,0.0,2242.917977142334,0.0,683497.0062255859,427811.0943214416,0.094583035
2024-02-29,1126292.1039955139,0.013483212658227398,2242917.977142334,0.0,2242.917977142334,0.0,698481.0096740723,427811.0943214416,-0.020840585
2024-03-01,1145725.9317710875,0.017277013402299528,2268053.977203369,0.0223174787178791,2268.0539772033694,2.231747871787918e-05,692803.9733886719,452921.9583824157,0.020561099
2024-03-02,1146115.9601524351,0.0003404203139094025,2268053.977203369,0.0,2268.0539772033694,0.0,693194.0017700195,452921.9583824157,-0.006421387
2024-03-03,1153134.974129486,0.006124174360260407,2268053.977203369,0.0,2268.0539772033694,0.0,700213.0157470703,452921.9583824157,0.018176079
2024-03-04,1175526.9708946226,0.019418365817965653,2268053.977203369,0.0,2268.0539772033694,0.0,722605.012512207,452921.9583824157,0.08130908
2024-03-05,1146623.9420249937,-0.024587295387729434,2268053.977203369,0.0,2268.0539772033694,0.0,693701.9836425781,452921.9583824157,-0.066256166
2024-03-06,1187913.9490440367,0.03601006878168164,2268053.977203369,0.0,2268.0539772033694,0.0,734991.9906616211,452921.9583824157,0.03687823
2024-03-07,1228111.9791343687,0.03383917675407469,2268053.977203369,0.0,2268.0539772033694,0.0,775190.0207519531,452921.9583824157,0.011337757
2024-03-08,1232079.570400238,0.003242353575451997,2282435.977935791,0.011710659106638622,2282.4359779357915,1.1710659106638769e-05,764789.9932861328,467289.57711410517,0.0194695
2024-03-09,1232964.5557518005,0.0007182858744058346,2282435.977935791,0.0,2282.4359779357915,0.0,765674.9786376953,467289.57711410517,0.00277555
2024-03-10,1230550.5725975037,-0.001957869058794596,2282435.977935791,0.0,2282.4359779357915,0.0,763260.9954833984,467289.57711410517,0.009406805
2024-03-11,1260727.58675766,0.024523180787651172,2282435.977935791,0.0,2282.4359779357915,0.0,793438.0096435547,467289.57711410517,0.04527855
2024-03-12,1258015.5811424255,-0.0021511432316707792,2282435.977935791,0.0,2282.4359779357915,0.0,790726.0040283203,467289.57711410517,-0.008686304
2024-03-13,1292609.4595176696,0.02751077561660321,2297541.9776916504,0.012007800207165445,2297.541977691651,1.2007800207165589e-05,810228.9886474609,482380.4708702087,0.022678137
2024-03-14,1310884.0607292175,0.014150438925120265,2313931.977081299,0.012679776763945607,2313.9319770812995,1.2679776763945608e-05,812129.98046875,498754.0802604675,-0.023038387
2024-03-15,1313705.4017723082,0.002165718637925195,2331596.9764709473,0.013475638249672336,2331.596976470948,1.3475638249672406e-05,797303.987121582,516401.41465072625,-0.0264619
2024-03-16,1287597.0348487855,-0.019859834547859893,2349991.9761657715,0.014002378059805257,2349.991976165772,1.4002378059805118e-05,752819.0155029297,534778.0193458557,-0.060420573
2024-03-17,1330826.7204689025,0.033847541932266335,2702300.984954834,0.27361744338782,2702.3009849548343,0.0002736174433878199,444092.00134277344,886734.719126129,0.047363162
2024-03-18,1318904.3466835022,-0.008928287658661601,2742670.986175537,0.03033452860525613,2742.6709861755376,3.0334528605256197e-05,391839.9963378906,927064.3503456115,-0.011455536
2024-03-19,1266704.364994049,-0.03957829225501792,2742670.986175537,0.0,2742.6709861755376,0.0,339640.0146484375,927064.3503456115,-0.0839017
2024-03-20,1310604.3588905334,0.034656858466490414,2742670.986175537,0.0,2742.6709861755376,0.0,383540.0085449219,927064.3503456115,0.09530771
2024-03-21,1285984.363773346,-0.018785222977610937,2742670.986175537,0.0,2742.6709861755376,0.0,358920.0134277344,927064.3503456115,-0.034481466
2024-03-22,1277041.4177726745,-0.006940208801460295,2760616.986846924,0.013955069110427917,2760.616986846924,1.3955069110427848e-05,367941.0140991211,909100.4036735534,-0.026024342
2024-03-23,1271665.3908561706,-0.004209751415800118,2760616.986846924,0.0,2760.616986846924,0.0,362564.9871826172,909100.4036735534,0.0030310154
2024-03-24,1296354.1500267028,0.019428085680060946,2777881.9862365723,0.01357668417634963,2777.8819862365726,1.357668417634963e-05,404536.0107421875,891818.1392845153,0.05032003
2024-03-25,1307596.1513694762,0.008672014003690172,2777881.9862365723,0.0,2777.8819862365726,0.0,415778.01208496094,891818.1392845153,0.039726496
2024-03-26,1310663.2549568175,0.0023600571045440705,2796779.985809326,0.014452474147282849,2796.7799858093267,1.4452474147282988e-05,399966.0140991211,910697.2408576964,0.0015454292
2024-03-27,1301990.2447029112,-0.006617268181667304,2796779.985809326,0.0,2796.7799858093267,0.0,391293.00384521484,910697.2408576964,-0.0074014068
2024-03-28,1308920.2511116026,0.005322625447376296,2796779.985809326,0.0,2796.7799858093267,0.0,398223.01025390625,910697.2408576964,0.018865824
2024-03-29,1313918.2293220519,0.0038183978024670926,2796779.985809326,0.0,2796.7799858093267,0.0,403220.98846435547,910697.2408576964,-0.013140082
2024-03-30,1318517.234449005,0.0035002217218084368,2796779.985809326,0.0,2796.7799858093267,0.0,407819.9935913086,910697.2408576964,-0.0038419366
2024-03-31,1335842.234449005,0.013139759987468,2796779.985809326,0.0,2796.7799858093267,0.0,425144.9935913086,910697.2408576964,0.024400353
2024-04-01,1300888.47851181,-0.025878042363178103,3181553.9894104004,0.28803850760099825,3181.5539894104013,0.0002880385076009985,734860.0158691406,566028.4626426694,-0.02287054
2024-04-02,1279118.0850791929,-0.01646568001911927,3531933.994293213,0.2693390022822249,3531.933994293214,0.0002693390022822249,363059.99755859375,916058.0875205991,-0.060097933
2024-04-03,1286158.0936241148,0.005503798771233864,3531933.994293213,0.0,3531.933994293214,0.0,370100.0061035156,916058.0875205991,0.0076270103
2024-04-04,1284058.0875205991,-0.0016327744730029751,3531933.994293213,0.0,3531.933994293214,0.0,368000.0,916058.0875205991,0.038271427
2024-04-05,1283690.0875205991,0.0,3899933.994293213,0.2865913961186717,3899.933994293214,0.00028659139611867166,0.0,1283690.0875205991,-0.009741485
2024-04-06,1283690.0875205991,0.0,3899933.994293213,0.0,3899.933994293214,0.0,0.0,1283690.0875205991,0.015856266
2024-04-07,1283690.0875205991,0.0,3899933.994293213,0.0,3899.933994293214,0.0,0.0,1283690.0875205991,0.006740451
2024-04-08,1307385.683150482,0.018728052712032935,4245353.9894104,0.26908363511971467,4245.3539894104015,0.00026908363511971483,369461.0107421875,937924.6724082944,0.032577753
2024-04-09,1288563.661666107,-0.014396686247181857,4245353.9894104,0.0,4245.3539894104015,0.0,350638.9892578125,937924.6724082944,-0.034543395
2024-04-10,1292488.661666107,0.003046027229205729,4245353.9894104,0.0,4245.3539894104015,0.0,354563.9892578125,937924.6724082944,0.02147746
2024-04-11,1288176.6743614194,-0.003336189656881826,4245353.9894104,0.0,4245.3539894104015,0.0,350252.001953125,937924.6724082944,-0.0088467
2024-04-12,1261667.665572357,-0.02057870579142699,4245353.9894104,0.0,4245.3539894104015,0.0,323742.9931640625,937924.6724082944,-0.041277826
2024-04-13,1238625.673384857,-0.018263123337671473,4245353.9894104,0.0,4245.3539894104015,0.0,300701.0009765625,937924.6724082944,-0.04755926
2024-04-14,1253435.683150482,0.011956808327049217,4245353.9894104,0.0,4245.3539894104015,0.0,315511.0107421875,937924.6724082944,0.02717781
2024-04-15,1248123.671431732,-0.004237961141650587,4245353.9894104,0.0,4245.3539894104015,0.0,310198.9990234375,937924.6724082944,-0.034142435
2024-04-16,1246346.669478607,-0.0014237386837528591,4245353.9894104,0.0,4245.3539894104015,0.0,308421.9970703125,937924.6724082944,0.005887747
2024-04-17,1236465.663619232,-0.007927975499391829,4245353.9894104,0.0,4245.3539894104015,0.0,298540.9912109375,937924.6724082944,-0.039440155
2024-04-18,1244364.6626426694,0.006388369087675682,4245353.9894104,0.0,4245.3539894104015,0.0,306439.990234375,937924.6724082944,0.03578329
2024-04-19,1243570.6685020444,-0.0006380719128898975,4245353.9894104,0.0,4245.3539894104015,0.0,305645.99609375,937924.6724082944,0.005481839
2024-04-20,1253503.6763145444,0.007987489624908011,4245353.9894104,0.0,4245.3539894104015,0.0,315579.00390625,937924.6724082944,0.017590284
2024-04-21,1252691.6645957944,-0.0006477936475921752,4245353.9894104,0.0,4245.3539894104015,0.0,314766.9921875,937924.6724082944,8.583069e-06
2024-04-22,1257944.667525482,0.004193372621651861,4245353.9894104,0.0,4245.3539894104015,0.0,320019.9951171875,937924.6724082944,0.028921127
2024-04-23,1257623.6475547787,-7.957238409503474e-07,4565372.983551025,0.2543983073358371,4565.372983551027,0.00025439830733583725,0.0,1257623.6475547787,-0.006065905
2024-04-24,1257623.6475547787,0.0,4565372.983551025,0.0,4565.372983551027,0.0,0.0,1257623.6475547787,-0.03198737
2024-04-25,1257623.6475547787,0.0,4565372.983551025,0.0,4565.372983551027,0.0,0.0,1257623.6475547787,0.0032470226
2024-04-26,1257623.6475547787,0.0,4565372.983551025,0.0,4565.372983551027,0.0,0.0,1257623.6475547787,-0.011292219
2024-04-27,1257623.6475547787,0.0,4565372.983551025,0.0,4565.372983551027,0.0,0.0,1257623.6475547787,-0.0048303604
2024-04-28,1258088.0827842709,0.0006281610845271131,4890927.988433838,0.2588652062290616,4890.927988433839,0.00025886520622906176,326344.9951171875,931743.0876670834,-0.0054104924
2024-04-29,1253416.0857139584,-0.003713569132594371,4890927.988433838,0.0,4890.927988433839,0.0,321672.998046875,931743.0876670834,0.01184082
2024-04-30,1233148.0925498959,-0.016170203490341876,4890927.988433838,0.0,4890.927988433839,0.0,301405.0048828125,931743.0876670834,-0.05001098
2024-05-01,1228989.0837608334,-0.003372675848253171,4890927.988433838,0.0,4890.927988433839,0.0,297245.99609375,931743.0876670834,-0.038024664
2024-05-02,1230362.0818077084,0.0011171767634204563,4890927.988433838,0.0,4890.927988433839,0.0,298618.994140625,931743.0876670834,0.011918783
2024-05-03,1242004.0984092709,0.00946226868797637,4890927.988433838,0.0,4890.927988433839,0.0,310261.0107421875,931743.0876670834,0.06470311
2024-05-04,1247209.602664947,0.004730270428506274,5560438.991546631,0.5390569998684277,5560.438991546633,0.000539056999868428,365125.00762939453,882084.5950355525,0.01606226
2024-05-05,1246409.5843544002,-0.0006414465610571422,5560438.991546631,0.0,5560.438991546633,0.0,364324.98931884766,882084.5950355525,0.0018775463
2024-05-06,1256440.992887115,0.008299878830206294,5874078.981781006,0.2516347709222971,5874.078981781007,0.0002516347709222968,688310.0280761719,568130.9648109431,-0.013228893
2024-05-07,1244158.7115394587,-0.009531702966287501,6180337.990570068,0.2437512071978205,6180.337990570069,0.0002437512071978202,370074.9969482422,874083.7145912165,-0.013506055
2024-05-08,1229533.6962806697,-0.01175494341931088,6180337.990570068,0.0,6180.337990570069,0.0,355449.9816894531,874083.7145912165,-0.01795876
2024-05-09,1255508.7329017634,0.021125924974376906,6180337.990570068,0.0,6180.337990570069,0.0,381425.0183105469,874083.7145912165,0.030738473
2024-05-10,1239108.7008583064,-0.013062459554186345,6180337.990570068,0.0,6180.337990570069,0.0,365024.98626708984,874083.7145912165,-0.03605324
2024-05-11,1237633.7100135798,-0.0011903643673108462,6180337.990570068,0.0,6180.337990570069,0.0,363549.9954223633,874083.7145912165,0.00042760372
2024-05-12,1232658.6962806697,-0.004019778786451743,6180337.990570068,0.0,6180.337990570069,0.0,358574.9816894531,874083.7145912165,0.010817766
2024-05-13,1242933.6978065486,0.008335641939558705,6180337.990570068,0.0,6180.337990570069,0.0,368849.98321533203,874083.7145912165,0.023682475
2024-05-14,1229158.7115394587,-0.011082639638300158,6180337.990570068,0.0,6180.337990570069,0.0,355074.9969482422,874083.7145912165,-0.021649003
2024-05-15,1270383.7252723689,0.033539211288083313,6180337.990570068,0.0,6180.337990570069,0.0,396300.01068115234,874083.7145912165,0.075173736
2024-05-16,1272508.7023841853,0.0016727049233575576,6180337.990570068,0.0,6180.337990570069,0.0,398424.98779296875,874083.7145912165,-0.01467061
2024-05-17,1296659.7845115657,0.018991632891910193,6196273.9906311035,0.012523293578407207,6196.273990631104,1.2523293578407065e-05,406656.005859375,890003.7786521907,0.02742064
2024-05-18,1306234.6150230402,0.007635752746408848,6522416.989898682,0.2515254989499283,6522.416989898682,0.0002515254989499279,708813.9801025391,597420.6349205012,-0.0016232729
2024-05-19,1295378.612215423,-0.008310913432213478,6522416.989898682,0.0,6522.416989898682,0.0,697957.9772949219,597420.6349205012,-0.0095822215
2024-05-20,1393008.6308311457,0.07536794084375902,6522416.989898682,0.0,6522.416989898682,0.0,795587.9959106445,597420.6349205012,0.078048825
2024-05-21,1386125.6306480402,-0.004941103759708001,6522416.989898682,0.0,6522.416989898682,0.0,788704.9957275391,597420.6349205012,-0.01817125
2024-05-22,1378178.6259483332,-0.005733249947908152,6522416.989898682,0.0,6522.416989898682,0.0,780757.991027832,597420.6349205012,-0.013994992
2024-05-23,1380949.6540855402,0.002010645126135424,6522416.989898682,0.0,6522.416989898682,0.0,783529.0191650391,597420.6349205012,-0.017305613
2024-05-24,1355958.6308311457,-0.018096983608677245,6522416.989898682,0.0,6522.416989898682,0.0,758537.9959106445,597420.6349205012,0.008538246
2024-05-25,1359599.8808509822,0.0026977371848646175,6539186.989593506,0.012367633726808401,6539.186989593506,1.2367633726808267e-05,778966.015625,580633.8652259822,0.010803461
2024-05-26,1355464.8710853572,-0.0030413431362150984,6539186.989593506,0.0,6539.186989593506,0.0,774831.005859375,580633.8652259822,-0.011298776
2024-05-27,1378415.8476478572,0.01693218101928568,6539186.989593506,0.0,6539.186989593506,0.0,797781.982421875,580633.8652259822,0.013556957
2024-05-28,1369934.8417884822,-0.006152719350874466,6539186.989593506,0.0,6539.186989593506,0.0,789300.9765625,580633.8652259822,-0.014949501
2024-05-29,1361344.8759681697,-0.00627034626632176,6539186.989593506,0.0,6539.186989593506,0.0,780711.0107421875,580633.8652259822,-0.0109062195
2024-05-30,1355936.8681556697,-0.003972547961921772,6539186.989593506,0.0,6539.186989593506,0.0,775303.0029296875,580633.8652259822,0.010343313
2024-05-31,1354422.8544837947,-0.0011165812416726634,6539186.989593506,0.0,6539.186989593506,0.0,773788.9892578125,580633.8652259822,-0.011882067
2024-06-01,1359378.2974281306,0.003952239075091297,6936746.974945068,0.2935272275090801,6936.746974945068,0.00029352722750907996,381582.0068359375,977796.2905921931,0.0033586025
2024-06-02,1355887.2818031306,-0.002568097218857187,6936746.974945068,0.0,6936.746974945068,0.0,378090.9912109375,977796.2905921931,-1.8000603e-05
2024-06-03,1354502.2964515681,-0.001021460537428062,6936746.974945068,0.0,6936.746974945068,0.0,376706.005859375,977796.2905921931,0.015409946
2024-06-04,1358819.2886390681,0.0031871427599712153,6936746.974945068,0.0,6936.746974945068,0.0,381022.998046875,977796.2905921931,0.025111914
2024-06-05,1368048.182984161,0.007082610927553254,7331840.972137451,0.29076272356134353,7331.840972137451,0.0002907627235613434,785740.983581543,582307.199402618,0.008082986
2024-06-06,1354998.181458282,-0.009539138817035362,7331840.972137451,0.0,7331.840972137451,0.0,772690.9820556641,582307.199402618,-0.004344642
2024-06-07,1341092.8472145076,-0.009973437191825908,7723185.958099365,0.28881587541375076,7723.185958099365,0.00028881587541375076,367832.0068359375,973260.8403785701,-0.020388126
2024-06-08,1340724.0152320857,-7.463887117327069e-07,8091016.96395874,0.27427706189274786,8091.01696395874,0.00027427706189274805,0.0,1340724.0152320857,-0.0006508827
2024-06-09,1340724.0152320857,0.0,8091016.96395874,0.0,8091.01696395874,0.0,0.0,1340724.0152320857,0.0048719645
2024-06-10,1340724.0152320857,0.0,8091016.96395874,0.0,8091.01696395874,0.0,0.0,1340724.0152320857,-0.0015526414
2024-06-11,1340724.0152320857,0.0,8091016.96395874,0.0,8091.01696395874,0.0,0.0,1340724.0152320857,-0.03200686
2024-06-12,1340724.0152320857,0.0,8091016.96395874,0.0,8091.01696395874,0.0,0.0,1340724.0152320857,0.014109254
2024-06-13,1340724.0152320857,0.0,8091016.96395874,0.0,8091.01696395874,0.0,0.0,1340724.0152320857,-0.021841466
2024-06-14,1340724.0152320857,0.0,8091016.96395874,0.0,8091.01696395874,0.0,0.0,1340724.0152320857,-0.010917842
2024-06-15,1340724.0152320857,0.0,8091016.96395874,0.0,8091.01696395874,0.0,0.0,1340724.0152320857,0.0027899742
2024-06-16,1340724.0152320857,0.0,8091016.96395874,0.0,8091.01696395874,0.0,0.0,1340724.0152320857,0.0067738295
2024-06-17,1340724.0152320857,0.0,8091016.96395874,0.0,8091.01696395874,0.0,0.0,1340724.0152320857,-0.002587676
2024-06-18,1340724.0152320857,0.0,8091016.96395874,0.0,8091.01696395874,0.0,0.0,1340724.0152320857,-0.019983768
2024-06-19,1340724.0152320857,0.0,8091016.96395874,0.0,8091.01696395874,0.0,0.0,1340724.0152320857,-0.003083229
2024-06-20,1340724.0152320857,0.0,8091016.96395874,0.0,8091.01696395874,0.0,0.0,1340724.0152320857,-0.001606524
2024-06-21,1340724.0152320857,0.0,8091016.96395874,0.0,8091.01696395874,0.0,0.0,1340724.0152320857,-0.011198223
2024-06-22,1340724.0152320857,0.0,8091016.96395874,0.0,8091.01696395874,0.0,0.0,1340724.0152320857,0.0018466711
2024-06-23,1340724.0152320857,0.0,8091016.96395874,0.0,8091.01696395874,0.0,0.0,1340724.0152320857,-0.016370475
2024-06-24,1340724.0152320857,0.0,8091016.96395874,0.0,8091.01696395874,0.0,0.0,1340724.0152320857,-0.046143174
2024-06-25,1340724.0152320857,0.0,8091016.96395874,0.0,8091.01696395874,0.0,0.0,1340724.0152320857,0.025089145
2024-06-26,1340724.0152320857,0.0,8091016.96395874,0.0,8091.01696395874,0.0,0.0,1340724.0152320857,-0.01522541
2024-06-27,1340724.0152320857,0.0,8091016.96395874,0.0,8091.01696395874,0.0,0.0,1340724.0152320857,0.013825417
2024-06-28,1315166.7485847468,-0.018771962271091347,8480262.981414795,0.2903252369867294,8480.262981414795,0.0002903252369867294,364077.9968261719,951088.751758575,-0.020721138
2024-06-29,1315816.7485847468,0.0004942339066125767,8480262.981414795,0.0,8480.262981414795,0.0,364727.9968261719,951088.751758575,0.009248018
2024-06-30,1332274.753345489,0.012507824344418723,8480262.981414795,0.0,8480.262981414795,0.0,381186.00158691406,951088.751758575,0.029274106
2024-07-01,1332422.085753631,0.00012159159197177186,8494923.98147583,0.011004486892977419,8494.92398147583,1.1004486892976871e-05,396008.99505615234,936413.0906974787,0.0020387173
2024-07-02,1352294.0874015803,0.014914194128438977,8494923.98147583,0.0,8494.92398147583,0.0,415880.99670410156,936413.0906974787,-0.01215452
2024-07-03,1316681.0808097834,-0.026335252755727796,8494923.98147583,0.0,8494.92398147583,0.0,380267.9901123047,936413.0906974787,-0.031011105
2024-07-04,1281635.092345428,-0.02661691504126537,8494923.98147583,0.0,8494.92398147583,0.0,345222.0016479492,936413.0906974787,-0.052460432
2024-07-05,1299077.1104728694,0.013609192063805016,8494923.98147583,0.0,8494.92398147583,0.0,362664.0197753906,936413.0906974787,-0.007383406
2024-07-06,1322648.0989372248,0.018144410577579595,8494923.98147583,0.0,8494.92398147583,0.0,386235.0082397461,936413.0906974787,0.028277874
2024-07-07,1291841.0890495295,-0.02329191711117219,8494923.98147583,0.0,8494.92398147583,0.0,355427.9983520508,936413.0906974787,-0.04074043
2024-07-08,1313900.0841056819,0.017075625820496407,8494923.98147583,0.0,8494.92398147583,0.0,377486.9934082031,936413.0906974787,0.015339136
2024-07-09,1318394.1048149103,0.003431008007015039,8508904.98123169,0.010640839379636443,8508.904981231688,1.064083937963589e-05,395975.9948730469,922418.1099418635,0.023545623
2024-07-10,1319962.0979789728,0.001189320521334272,8508904.98123169,0.0,8508.904981231688,0.0,397543.9880371094,922418.1099418635,-0.005583942
2024-07-11,1302462.0979789728,-0.01325795644192715,8508904.98123169,0.0,8508.904981231688,0.0,380043.9880371094,922418.1099418635,-0.0066860914
2024-07-12,1312906.1287406916,0.008018683060278474,8508904.98123169,0.0,8508.904981231688,0.0,390488.0187988281,922418.1099418635,0.009578109
2024-07-13,1319738.0928520197,0.005203695802594191,8508904.98123169,0.0,8508.904981231688,0.0,397319.98291015625,922418.1099418635,0.022714376
2024-07-14,1335866.1201957697,0.012220627282869838,8508904.98123169,0.0,8508.904981231688,0.0,413448.01025390625,922418.1099418635,0.026921988
2024-07-15,1392176.5977592464,0.04239571368895414,8833424.976348877,0.24292853169270395,8833.424976348875,0.00024292853169270367,794603.0029296875,597573.5948295587,0.064578414
2024-07-16,1391581.632439422,-0.00041591585524756736,8849361.975860596,0.011447541595922435,8849.361975860595,1.1447541595922958e-05,778086.9750976562,613494.6573417658,0.004941702
2024-07-17,1372545.5997367855,-0.013667879957414352,8865423.975372314,0.011542261795711046,8865.423975372314,1.1542261795711568e-05,743005.0048828125,629540.5948539729,-0.014697731
2024-07-18,1386162.5980278011,0.009920980617057073,8865423.975372314,0.0,8865.423975372314,0.0,756622.0031738281,629540.5948539729,-0.0015614033
2024-07-19,1419631.610478973,0.024145084060694454,8865423.975372314,0.0,8865.423975372314,0.0,790091.015625,629540.5948539729,0.041759133
2024-07-20,1432650.6107231136,0.009170689176009621,8865423.975372314,0.0,8865.423975372314,0.0,803110.0158691406,629540.5948539729,0.007200122
2024-07-21,1461700.2413841244,0.020288959809223735,8882783.975982666,0.012117400069783452,8882.783975982666,1.2117400069783452e-05,814817.0059204102,646883.2354637141,0.01527226
2024-07-22,1438633.7821296686,-0.01576794584919931,8901232.976531982,0.012621603271985873,8901.232976531983,1.2621603271986372e-05,773319.9951171875,665313.7870124812,-0.009291172
2024-07-23,1428836.7850593561,-0.006809931194448669,8901232.976531982,0.0,8901.232976531983,0.0,763522.998046875,665313.7870124812,-0.023633242
2024-07-24,1426238.7870124811,-0.0018182608916854524,8901232.976531982,0.0,8901.232976531983,0.0,760925.0,665313.7870124812,-0.008493185
2024-07-25,1395301.7997077936,-0.02169130974869271,8901232.976531982,0.0,8901.232976531983,0.0,729988.0126953125,665313.7870124812,0.006484866
2024-07-26,1421887.2312263483,0.0192811179067203,9218779.973602295,0.22758301977164633,9218.779973602295,0.00022758301977164632,439343.994140625,982543.2370857234,0.03203714
2024-07-27,1423951.232691192,0.0014515929389587326,9218779.973602295,0.0,9218.779973602295,0.0,441407.99560546875,982543.2370857234,-0.00016921759
2024-07-28,1426303.2224372858,0.0016517347589556242,9218779.973602295,0.0,9218.779973602295,0.0,443759.9853515625,982543.2370857234,0.0052046776
2024-07-29,1420711.2546638483,-0.003920602355424727,9218779.973602295,0.0,9218.779973602295,0.0,438168.017578125,982543.2370857234,-0.021468103
2024-07-30,1412527.2458747858,-0.005760501130821901,9218779.973602295,0.0,9218.779973602295,0.0,429984.0087890625,982543.2370857234,-0.008934498
2024-07-31,1394647.2531990046,-0.01265815772969963,9218779.973602295,0.0,9218.779973602295,0.0,412104.01611328125,982543.2370857234,-0.023569226
2024-08-01,1384231.2253669733,-0.007468575159875907,9218779.973602295,0.0,9218.779973602295,0.0,401687.98828125,982543.2370857234,0.011233807
2024-08-02,1349191.2473396296,-0.025313674034519996,9218779.973602295,0.0,9218.779973602295,0.0,366648.01025390625,982543.2370857234,-0.058996975
2024-08-03,1324591.2473396296,-0.018233145262769025,9218779.973602295,0.0,9218.779973602295,0.0,342048.01025390625,982543.2370857234,-0.013014019
2024-08-04,1314535.2414802546,-0.0075917803923073995,9218779.973602295,0.0,9218.779973602295,0.0,331992.00439453125,982543.2370857234,-0.041796923
2024-08-05,1294015.2341560358,-0.015610085356944747,9218779.973602295,0.0,9218.779973602295,0.0,311471.9970703125,982543.2370857234,-0.071219385
2024-08-06,1329103.2224372858,0.027115591343199748,9218779.973602295,0.0,9218.779973602295,0.0,346559.9853515625,982543.2370857234,0.037083387
2024-08-07,1329991.2473396296,0.0006681384014067062,9218779.973602295,0.0,9218.779973602295,0.0,347448.01025390625,982543.2370857234,-0.015848279
2024-08-08,1374055.2488044733,0.033131046202736,9218779.973602295,0.0,9218.779973602295,0.0,391512.01171875,982543.2370857234,0.11883426
2024-08-09,1357615.2341560358,-0.011964595064675523,9218779.973602295,0.0,9218.779973602295,0.0,375071.9970703125,982543.2370857234,-0.013747036
2024-08-10,1352167.2239021296,-0.004012926576573823,9218779.973602295,0.0,9218.779973602295,0.0,369623.98681640625,982543.2370857234,0.001405716
2024-08-11,1322311.2546638483,-0.022080086479334925,9218779.973602295,0.0,9218.779973602295,0.0,339768.017578125,982543.2370857234,-0.03629011
2024-08-12,1333639.220972442,0.008566792628164911,9218779.973602295,0.0,9218.779973602295,0.0,351095.98388671875,982543.2370857234,0.010799289
2024-08-13,1334503.2224372858,0.0006478524710856592,9218779.973602295,0.0,9218.779973602295,0.0,351959.9853515625,982543.2370857234,0.020902753
2024-08-14,1327447.2531990046,-0.005287337729611845,9218779.973602295,0.0,9218.779973602295,0.0,344904.01611328125,982543.2370857234,-0.03142178
2024-08-15,1324735.2414802546,-0.0020430278583306,9218779.973602295,0.0,9218.779973602295,0.0,342192.00439453125,982543.2370857234,-0.019466043
2024-08-16,1316239.220972442,-0.006413372454951131,9218779.973602295,0.0,9218.779973602295,0.0,333695.98388671875,982543.2370857234,0.023175478
2024-08-17,1323175.2195075983,0.005269557710058138,9218779.973602295,0.0,9218.779973602295,0.0,340631.982421875,982543.2370857234,0.010486484
2024-08-18,1324351.232691192,0.0008887811427056405,9218779.973602295,0.0,9218.779973602295,0.0,341807.99560546875,982543.2370857234,-0.01789546
2024-08-19,1328839.220972442,0.00338882025437469,9218779.973602295,0.0,9218.779973602295,0.0,346295.98388671875,982543.2370857234,0.01730609
2024-08-20,1323991.2473396296,-0.0036482770498486353,9218779.973602295,0.0,9218.779973602295,0.0,341448.01025390625,982543.2370857234,-0.0071451664
2024-08-21,1325239.220972442,0.0009425845037269875,9218779.973602295,0.0,9218.779973602295,0.0,342695.98388671875,982543.2370857234,0.03630054
2024-08-22,1323826.4833503717,-0.0006089426091042913,9824522.966766357,0.4570819996706532,9824.522966766357,0.00045708199967065265,262287.98828125,1061538.4950691217,-0.012757421
2024-08-23,1337786.4931159967,0.01054519602168305,9824522.966766357,0.0,9824.522966766357,0.0,276247.998046875,1061538.4950691217,0.060643435
2024-08-24,1357179.9771888726,0.014794577599512514,10223024.977874756,0.2978816224853641,10223.024977874755,0.00029788162248536355,694541.9952392578,662637.9819496148,0.0018703938
2024-08-25,1350442.9654701226,-0.0049639781252184215,10223024.977874756,0.0,10223.024977874755,0.0,687804.9835205078,662637.9819496148,0.0009818077
2024-08-26,1339198.9682777398,-0.008326154809854186,10223024.977874756,0.0,10223.024977874755,0.0,676560.986328125,662637.9819496148,-0.021582067
2024-08-27,1290024.9723060601,-0.03671896195896812,10223024.977874756,0.0,10223.024977874755,0.0,627386.9903564453,662637.9819496148,-0.0544132
2024-08-28,1289740.9818275445,-0.0002201433961452398,10223024.977874756,0.0,10223.024977874755,0.0,627102.9998779297,662637.9819496148,-0.006397426
2024-08-29,1279398.9926918023,-0.008018655901813507,10223024.977874756,0.0,10223.024977874755,0.0,616761.0107421875,662637.9819496148,0.005490184
2024-08-30,1274011.9962318414,-0.004210568001641865,10223024.977874756,0.0,10223.024977874755,0.0,611374.0142822266,662637.9819496148,-0.0039593577
2024-08-31,1265848.998795318,-0.006407315991267916,10223024.977874756,0.0,10223.024977874755,0.0,603211.0168457031,662637.9819496148,-0.002537012
2024-09-01,1239309.9790199273,-0.02096539144925442,10223024.977874756,0.0,10223.024977874755,0.0,576671.9970703125,662637.9819496148,-0.028353691
2024-09-02,1267282.9892738336,0.02257143953285029,10223024.977874756,0.0,10223.024977874755,0.0,604645.0073242188,662637.9819496148,0.031940818
2024-09-03,1236770.988236236,-0.024076706856991235,10223024.977874756,0.0,10223.024977874755,0.0,574133.0062866211,662637.9819496148,-0.027808905
2024-09-04,1255172.9764564508,0.014879058770983942,10223024.977874756,0.0,10223.024977874755,0.0,592534.9945068359,662637.9819496148,0.008404732
2024-09-05,1235984.9973304742,-0.015287119373894762,10223024.977874756,0.0,10223.024977874755,0.0,573347.0153808594,662637.9819496148,-0.030893087
2024-09-06,1210290.9879310601,-0.020788285824592474,10223024.977874756,0.0,10223.024977874755,0.0,547653.0059814453,662637.9819496148,-0.039462984
2024-09-07,1222041.9873817437,0.009709234859933491,10223024.977874756,0.0,10223.024977874755,0.0,559404.0054321289,662637.9819496148,0.0036671162
2024-09-08,1230757.9709632867,0.007132311059309171,10223024.977874756,0.0,10223.024977874755,0.0,568119.9890136719,662637.9819496148,0.013092279
2024-09-09,1249795.986710357,0.015468529309763222,10223024.977874756,0.0,10223.024977874755,0.0,587158.0047607422,662637.9819496148,0.03958547
2024-09-10,1254127.9965980523,0.00346617362654347,10223024.977874756,0.0,10223.024977874755,0.0,591490.0146484375,662637.9819496148,0.01041317
2024-09-11,1240984.9820716851,-0.010479803147700178,10223024.977874756,0.0,10223.024977874755,0.0,578347.0001220703,662637.9819496148,-0.0051701665
2024-09-12,1252543.9908607476,0.009314382491370711,10223024.977874756,0.0,10223.024977874755,0.0,589906.0089111328,662637.9819496148,0.013853312
2024-09-13,1268008.9871986383,0.012346868813176842,10223024.977874756,0.0,10223.024977874755,0.0,605371.0052490234,662637.9819496148,0.040694714
2024-09-14,1262675.1530204767,-0.004003136598272806,10480845.972442627,0.20332741894634734,10480.845972442627,0.0002033274189463479,370277.9983520508,892397.1546684259,-0.008346856
2024-09-15,1247096.1414848322,-0.012338099390312378,10480845.972442627,0.0,10480.845972442627,0.0,354698.98681640625,892397.1546684259,-0.014352202
2024-09-16,1246768.441838836,2.1671438382706848e-05,10835571.98562622,0.2844415930605364,10835.57198562622,0.0002844415930605364,0.0,1246768.441838836,-0.015524805
2024-09-17,1246768.441838836,0.0,10835571.98562622,0.0,10835.57198562622,0.0,0.0,1246768.441838836,0.036073804
2024-09-18,1246768.441838836,0.0,10835571.98562622,0.0,10835.57198562622,0.0,0.0,1246768.441838836,0.023974538
2024-09-19,1269490.73208847,0.01851587469257602,11198289.975738525,0.2909265088369886,11198.289975738526,0.0002909265088369892,385802.9983520508,883687.7337364191,0.01923573
2024-09-20,1289042.2167686457,0.015595234510849366,11444810.971832275,0.1941888899718018,11444.810971832276,0.0001941888899718018,652122.0001220703,636920.2166465754,0.004020214
2024-09-21,1301567.2167686457,0.009716516524491733,11444810.971832275,0.0,11444.810971832276,0.0,664647.0001220703,636920.2166465754,0.0023403168
2024-09-22,1285521.2298301691,-0.012328204591932916,11444810.971832275,0.0,11444.810971832276,0.0,648601.0131835938,636920.2166465754,0.0036275387
2024-09-23,1292550.1955894465,0.005467794382676935,11444810.971832275,0.0,11444.810971832276,0.0,655629.9789428711,636920.2166465754,-0.0037555695
2024-09-24,1314611.2002281183,0.017067812696133874,11444810.971832275,0.0,11444.810971832276,0.0,677690.983581543,636920.2166465754,0.014567614
2024-09-25,1294921.9272041316,-0.014965640806972791,11460084.972381592,0.011618644772436125,11460.084972381592,1.1618644772435848e-05,642742.9840087891,652178.9431953424,-0.017283559
2024-09-26,1319834.9521064754,0.0192390169468622,11460084.972381592,0.0,11460.084972381592,0.0,667656.0089111328,652178.9431953424,0.03201759
2024-09-27,1331485.934772491,0.008827605790724433,11460084.972381592,0.0,11460.084972381592,0.0,679306.9915771484,652178.9431953424,0.009144187
2024-09-28,1327249.9392890926,-0.0031814046042643596,11460084.972381592,0.0,11460.084972381592,0.0,675070.99609375,652178.9431953424,0.0013387203
2024-09-29,1329936.9723701472,0.002024511737777082,11460084.972381592,0.0,11460.084972381592,0.0,677758.0291748047,652178.9431953424,-0.0038870573
2024-09-30,1308875.955524444,-0.015836101471913538,11460084.972381592,0.0,11460.084972381592,0.0,656697.0123291016,652178.9431953424,-0.034669936
2024-10-01,1274295.959796905,-0.0264196126314227,11460084.972381592,0.0,11460.084972381592,0.0,622117.0166015625,652178.9431953424,-0.039821625
2024-10-02,1261180.1490791314,-0.010100505001126503,11704862.97531128,0.19208881661109542,11704.86297531128,0.00019208881661109597,364467.98095703125,896712.1681221002,-0.0025737882
2024-10-03,1252444.187165069,-0.006926815269365908,11704862.97531128,0.0,11704.86297531128,0.0,355732.01904296875,896712.1681221002,0.0017054081
2024-10-04,1269136.1824043267,0.013327536197074346,11704862.97531128,0.0,11704.86297531128,0.0,372424.01428222656,896712.1681221002,0.021946192
2024-10-05,1267446.1586006158,-0.0013316331431897689,11704862.97531128,0.0,11704.86297531128,0.0,370733.9904785156,896712.1681221002,-0.00045096874
2024-10-06,1277560.1570137017,0.007979824897850318,11704862.97531128,0.0,11704.86297531128,0.0,380847.98889160156,896712.1681221002,0.012277365
2024-10-07,1271008.1855781549,-0.005128503264270635,11704862.97531128,0.0,11704.86297531128,0.0,374296.0174560547,896712.1681221002,-0.00948602
2024-10-08,1269786.1824043267,-0.0009614439841488995,11704862.97531128,0.0,11704.86297531128,0.0,373074.01428222656,896712.1681221002,-0.0010206699
2024-10-09,1258970.1728828424,-0.008517977019567479,11704862.97531128,0.0,11704.86297531128,0.0,362258.0047607422,896712.1681221002,-0.024524748
2024-10-10,1258190.164948272,-0.0006195602972739361,11704862.97531128,0.0,11704.86297531128,0.0,361477.9968261719,896712.1681221002,-0.00510633
2024-10-11,1275090.164948272,0.013431991817146981,11704862.97531128,0.0,11704.86297531128,0.0,378377.9968261719,896712.1681221002,0.03669393
2024-10-12,1277352.1522529596,0.0017739822381731447,11704862.97531128,0.0,11704.86297531128,0.0,380639.9841308594,896712.1681221002,0.010652661
2024-10-13,1276945.552536773,-2.0343425051270776e-05,12085476.973724365,0.29797107848588905,12085.476973724366,0.0002979710784858891,0.0,1276945.552536773,-0.005319059
2024-10-14,1301201.1796348565,0.01928428119969294,12454826.987457275,0.2892449196437244,12454.826987457276,0.00028924491964372437,393974.99084472656,907226.18879013,0.051120877
2024-10-15,1291625.183358001,-0.007157246257310219,12717805.991363525,0.2021047997974051,12717.805991363526,0.00020210479979740508,647640.9774780273,643984.2058799737,0.014983177
2024-10-16,1290794.212593841,-0.0006433528665024761,12717805.991363525,0.0,12717.805991363526,0.0,646810.0067138672,643984.2058799737,0.008138299
2024-10-17,1280814.2107627862,-0.0077316753775955906,12717805.991363525,0.0,12717.805991363526,0.0,636830.0048828125,643984.2058799737,-0.0029314756
2024-10-18,1295551.2041709893,0.011505957135989724,12717805.991363525,0.0,12717.805991363526,0.0,651566.9982910156,643984.2058799737,0.014924288
2024-10-19,1308279.1842124932,0.009824374367085257,12717805.991363525,0.0,12717.805991363526,0.0,664294.9783325195,643984.2058799737,-0.00073069334
2024-10-20,1337175.1818321222,0.0220870269651371,12717805.991363525,0.0,12717.805991363526,0.0,693190.9759521484,643984.2058799737,0.0095644
2024-10-21,1326185.4559928887,-0.00820609445114684,12734545.990753174,0.01251892767461645,12734.545990753175,1.2518927674616721e-05,665477.9907226562,660707.4652702325,-0.023967028
2024-10-22,1325204.462340545,-0.0007397107605959225,12734545.990753174,0.0,12734.545990753175,0.0,664496.9970703125,660707.4652702325,0.0007197857
2024-10-23,1323208.4906608574,-0.0015061613029601951,12734545.990753174,0.0,12734.545990753175,0.0,662501.025390625,660707.4652702325,-0.0112323165
2024-10-24,1338171.0208854668,0.011498558497592576,12987006.000518799,0.19079382542318596,12987.0060005188,0.0001907938254231865,425256.005859375,912915.0150260918,0.022943854
2024-10-25,1300112.705107879,-0.02823780681299182,13258307.007598877,0.20274016014825852,13258.307007598878,0.00020274016014825796,623331.9976806641,676780.7074272148,-0.021993995
2024-10-26,1313623.6439506523,0.010579853405796341,13502369.995880127,0.1877244852099176,13502.369995880128,0.0001877244852099176,393024.01123046875,920599.6327201836,0.005913615
2024-10-27,1326848.6439506523,0.01006757153078223,13502369.995880127,0.0,13502.369995880128,0.0,406249.01123046875,920599.6327201836,0.013845682
2024-10-28,1330666.617278289,0.002877474642675759,13502369.995880127,0.0,13502.369995880128,0.0,410066.98455810547,920599.6327201836,0.028527737
2024-10-29,1340139.8853691095,0.007312137362959752,13759118.994903564,0.19294765171804282,13759.118994903565,0.00019294765171804255,676546.0006713867,663593.8846977226,0.039652944
2024-10-30,1331713.867607879,-0.006287416599730351,13759118.994903564,0.0,13759.118994903565,0.0,668119.9829101562,663593.8846977226,-0.005384922
2024-10-31,1303441.9010551446,-0.02122976056674887,13759118.994903564,0.0,13759.118994903565,0.0,639848.0163574219,663593.8846977226,-0.028374314
2024-11-01,1297233.0484672538,-0.004570201074805405,14010980.005645752,0.19322764638631335,14010.980005645753,0.00019322764638631388,382030.01403808594,915203.0344291679,-0.011324167
2024-11-02,1297394.030217742,0.00012409624521861302,14010980.005645752,0.0,14010.980005645753,0.0,382190.9957885742,915203.0344291679,-0.001744926
2024-11-03,1296988.8748435965,-1.7718106594718216e-05,14393148.014068604,0.29456587553336605,14393.148014068605,0.00029456587553336634,0.0,1296988.8748435965,-0.008630633
2024-11-04,1296988.8748435965,0.0,14393148.014068604,0.0,14393.148014068605,0.0,0.0,1296988.8748435965,-0.013463795
2024-11-05,1296988.8748435965,0.0,14393148.014068604,0.0,14393.148014068605,0.0,0.0,1296988.8748435965,0.02243185
2024-11-06,1296988.8748435965,0.0,14393148.014068604,0.0,14393.148014068605,0.0,0.0,1296988.8748435965,0.08937299
2024-11-07,1296988.8748435965,0.0,14393148.014068604,0.0,14393.148014068605,0.0,0.0,1296988.8748435965,0.0037831068
2024-11-08,1309585.2572120656,0.010222919890733855,15055779.012298584,0.5108995235675302,15055.779012298586,0.0005108995235675305,675890.0115966797,633695.245615386,0.008593559
2024-11-09,1326107.240549468,0.01261619527740826,15055779.012298584,0.0,15055.779012298586,0.0,692411.994934082,633695.245615386,0.0021916628
2024-11-10,1351149.2556251516,0.018883853665792157,15055779.012298584,0.0,15055.779012298586,0.0,717454.0100097656,633695.245615386,0.048156857
2024-11-11,1392901.2636817922,0.03090110724837927,15055779.012298584,0.0,15055.779012298586,0.0,759206.0180664062,633695.245615386,0.102998376
2024-11-12,1360191.2493385305,-0.023483368991137846,15055779.012298584,0.0,15055.779012298586,0.0,726496.0037231445,633695.245615386,-0.007851124
2024-11-13,1361158.2461036672,0.0007109270594168102,15055779.012298584,0.0,15055.779012298586,0.0,727463.0004882812,633695.245615386,0.027551293
2024-11-14,1337760.266367339,-0.017189757181654036,15055779.012298584,0.0,15055.779012298586,0.0,704065.0207519531,633695.245615386,-0.03374386
2024-11-15,1357751.2407936086,0.014943615032426263,15055779.012298584,0.0,15055.779012298586,0.0,724055.9951782227,633695.245615386,0.04244435
2024-11-16,1356831.2700904836,-0.0006775694070345869,15055779.012298584,0.0,15055.779012298586,0.0,723136.0244750977,633695.245615386,-0.0048900247
2024-11-17,1392488.2479347219,0.02627959616663346,15055779.012298584,0.0,15055.779012298586,0.0,758793.0023193359,633695.245615386,-0.0080688
2024-11-18,1409820.4915351858,0.0124640122646117,15079526.012420654,0.01705364491031851,15079.526012420656,1.705364491031825e-05,752401.9927978516,657418.4987373343,0.006767392
2024-11-19,1395896.5016670218,-0.009876427496809831,15079526.012420654,0.0,15079.526012420656,0.0,738478.0029296875,657418.4987373343,0.020413756
2024-11-20,1388279.488117217,-0.005456717987836648,15079526.012420654,0.0,15079.526012420656,0.0,730860.9893798828,657418.4987373343,0.021403551
2024-11-21,1454465.4958076468,0.047674843759444335,15079526.012420654,0.0,15079.526012420656,0.0,797046.9970703125,657418.4987373343,0.042747974
2024-11-22,1452616.4906806936,-0.0012712609080673964,15079526.012420654,0.0,15079.526012420656,0.0,795197.9919433594,657418.4987373343,0.0058472157
2024-11-23,1455786.7983009329,0.0022001661416711717,15105216.011810303,0.017685328202222284,15105.216011810304,1.7685328202221786e-05,772703.9901733398,683082.808127593,-0.012332678
2024-11-24,1448843.795981597,-0.004769243908132155,15105216.011810303,0.0,15105.216011810304,0.0,765760.9878540039,683082.808127593,0.0023306608
2024-11-25,1422637.7946998586,-0.01808752700216632,15105216.011810303,0.0,15105.216011810304,0.0,739554.9865722656,683082.808127593,-0.04994923
2024-11-26,1407356.3933021536,-0.010725135698828075,15128634.01107788,0.01646097084923766,15128.634011077882,1.646097084923766e-05,747715.0024414062,659641.3908607473,-0.011233747
2024-11-27,1460497.4058753958,0.037759456542883686,15128634.01107788,0.0,15128.634011077882,0.0,800856.0150146484,659641.3908607473,0.0423851
2024-11-28,1445182.3881752004,-0.010486165630000396,15128634.01107788,0.0,15128.634011077882,0.0,785540.9973144531,659641.3908607473,-0.0022858977
2024-11-29,1456856.3902503958,0.008077874578817567,15128634.01107788,0.0,15128.634011077882,0.0,797214.9993896484,659641.3908607473,0.018987298
2024-11-30,1457681.4116127004,0.000566302463184369,15128634.01107788,0.0,15128.634011077882,0.0,798040.0207519531,659641.3908607473,-0.010794222
2024-12-01,1456642.4070960989,-0.0007127788749477595,15128634.01107788,0.0,15128.634011077882,0.0,797001.0162353516,659641.3908607473,0.008061409
2024-12-02,1430279.385245513,-0.01809848575199877,15128634.01107788,0.0,15128.634011077882,0.0,770637.9943847656,659641.3908607473,-0.0138350725
2024-12-03,1427000.0701545705,-0.002008699229164726,15534948.003387451,0.2840801569966171,15534.948003387452,0.0002840801569966166,361451.0009765625,1065549.069178008,9.4652176e-05
2024-12-04,1449329.0740608205,0.015647514231608522,15534948.003387451,0.0,15534.948003387452,0.0,383780.0048828125,1065549.069178008,0.028561711
2024-12-05,1444069.0642951955,-0.003629272233452943,15534948.003387451,0.0,15534.948003387452,0.0,378519.9951171875,1065549.069178008,-0.016652107
2024-12-06,1465436.080896758,0.014796395220883057,15534948.003387451,0.0,15534.948003387452,0.0,399887.01171875,1065549.069178008,0.028832793
2024-12-07,1465171.0662483205,-0.00018084353994841392,15534948.003387451,0.0,15534.948003387452,0.0,399621.9970703125,1065549.069178008,0.0009138584
2024-12-08,1465964.059412383,0.0005412290635065692,15534948.003387451,0.0,15534.948003387452,0.0,400414.990234375,1065549.069178008,0.012797475
2024-12-09,1436749.069178008,-0.019928858451062938,15534948.003387451,0.0,15534.948003387452,0.0,371200.0,1065549.069178008,-0.03791058
2024-12-10,1428374.069178008,-0.005829132017319837,15534948.003387451,0.0,15534.948003387452,0.0,362825.0,1065549.069178008,-0.0070260167
2024-12-11,1448730.075037383,0.014251172923553107,15534948.003387451,0.0,15534.948003387452,0.0,383181.005859375,1065549.069178008,0.04691851
2024-12-12,1453710.0799201955,0.003437496721177681,15534948.003387451,0.0,15534.948003387452,0.0,388161.0107421875,1065549.069178008,-0.011082411
2024-12-13,1456229.0740608205,0.001732803655570226,15534948.003387451,0.0,15534.948003387452,0.0,390680.0048828125,1065549.069178008,0.0141990185
2024-12-14,1452578.073084258,-0.0025071611613833315,15534948.003387451,0.0,15534.948003387452,0.0,387029.00390625,1065549.069178008,-4.1902065e-05
2024-12-15,1461458.0779670705,0.006113272014328009,15534948.003387451,0.0,15534.948003387452,0.0,395909.0087890625,1065549.069178008,0.03001368
2024-12-16,1464173.0682014455,0.0018577270708658494,15534948.003387451,0.0,15534.948003387452,0.0,398623.9990234375,1065549.069178008,0.015265226
2024-12-17,1454850.0701545705,-0.006367415334532237,15534948.003387451,0.0,15534.948003387452,0.0,389301.0009765625,1065549.069178008,0.00070798397
2024-12-18,1428229.0740608205,-0.018298102766645674,15534948.003387451,0.0,15534.948003387452,0.0,362680.0048828125,1065549.069178008,-0.055870414
2024-12-19,1427866.3940559376,-3.3113542744039033e-17,15897628.008270264,0.25393685891831097,15897.628008270263,0.00025393685891831046,0.0,1427866.3940559376,-0.027365685
2024-12-20,1427866.3940559376,0.0,15897628.008270264,0.0,15897.628008270263,0.0,0.0,1427866.3940559376,0.003525257
2024-12-21,1427866.3940559376,0.0,15897628.008270264,0.0,15897.628008270263,0.0,0.0,1427866.3940559376,-0.005249679
2024-12-22,1427866.3940559376,0.0,15897628.008270264,0.0,15897.628008270263,0.0,0.0,1427866.3940559376,-0.021643281
2024-12-23,1427866.3940559376,0.0,15897628.008270264,0.0,15897.628008270263,0.0,0.0,1427866.3940559376,-0.0032022
2024-12-24,1427866.3940559376,0.0,15897628.008270264,0.0,15897.628008270263,0.0,0.0,1427866.3940559376,0.03986144
2024-12-25,1427866.3940559376,0.0,15897628.008270264,0.0,15897.628008270263,0.0,0.0,1427866.3940559376,0.007763982
2024-12-26,1427866.3940559376,0.0,15897628.008270264,0.0,15897.628008270263,0.0,0.0,1427866.3940559376,-0.03658873
2024-12-27,1427866.3940559376,0.0,15897628.008270264,0.0,15897.628008270263,0.0,0.0,1427866.3940559376,-0.015581429
2024-12-28,1427866.3940559376,0.0,15897628.008270264,0.0,15897.628008270263,0.0,0.0,1427866.3940559376,0.010614872
2024-12-29,1427866.3940559376,0.0,15897628.008270264,0.0,15897.628008270263,0.0,0.0,1427866.3940559376,-0.016388237
2024-12-30,1427866.3940559376,0.0,15897628.008270264,0.0,15897.628008270263,0.0,0.0,1427866.3940559376,-0.010093629
2024-12-31,1427866.3940559376,0.0,15897628.008270264,0.0,15897.628008270263,0.0,0.0,1427866.3940559376,0.008448482
2025-01-01,1427866.3940559376,0.0,15897628.008270264,0.0,15897.628008270263,0.0,0.0,1427866.3940559376,0.010855198
2025-01-02,1427866.3940559376,0.0,15897628.008270264,0.0,15897.628008270263,0.0,0.0,1427866.3940559376,0.025298238
2025-01-03,1446829.7989326466,0.01357270187427163,16314228.01437378,0.29176399685417276,16314.228014373779,0.0002917639968541728,435980.0109863281,1010849.7879463185,0.012263656
2025-01-04,1448616.872565459,0.0014846069899838669,16675128.01437378,0.24944191795485735,16675.12801437378,0.0002494419179548571,799027.9846191406,649588.8879463185,0.00047183037
2025-01-05,1440007.8942939746,-0.0059428952088885455,16675128.01437378,0.0,16675.12801437378,0.0,790419.0063476562,649588.8879463185,0.0014569759
2025-01-06,1454773.8855049121,0.01025410434862731,16675128.01437378,0.0,16675.12801437378,0.0,805184.9975585938,649588.8879463185,0.0393641
2025-01-07,1392059.890143584,-0.04310910168665959,16675128.01437378,0.0,16675.12801437378,0.0,742471.0021972656,649588.8879463185,-0.051655114
2025-01-08,1382341.7542549123,-0.006738219346184065,17013259.020233154,0.24289975471134254,17013.259020233152,0.0002428997547113415,394959.9914550781,987381.7627998341,-0.019534886
2025-01-09,1356009.008818816,-0.01903508836040794,17033007.01980591,0.014285902536018061,17033.007019805907,1.4285902536019114e-05,388394.9935913086,967614.0152275075,-0.026384413
2025-01-10,1361741.999846648,0.004227841401161406,17033007.01980591,0.0,17033.007019805907,0.0,394127.9846191406,967614.0152275075,0.023485184
2025-01-11,1362603.0075370776,0.0006322840086643795,17033007.01980591,0.0,17033.007019805907,0.0,394988.9923095703,967614.0152275075,-0.001331389
2025-01-12,1363485.0036918628,0.0006472876912104983,17033007.01980591,0.0,17033.007019805907,0.0,395870.98846435547,967614.0152275075,-0.00058066845
2025-01-13,1351641.004973601,-0.008686563245061089,17033007.01980591,0.0,17033.007019805907,0.0,384026.98974609375,967614.0152275075,-9.4771385e-05
2025-01-14,1361511.0306083667,0.007302253777776146,17033007.01980591,0.0,17033.007019805907,0.0,393897.0153808594,967614.0152275075,0.021417856
2025-01-15,1361117.133592986,1.3627279911112695e-16,17426904.035186768,0.2893087213585435,17426.904035186766,0.000289308721358543,0.0,1361117.133592986,0.040766954
2025-01-16,1356066.850177764,-0.003169454198036607,18163189.037322998,0.5409416897079493,18163.189037322998,0.0005409416897079504,731971.0037231445,624095.8464546193,-0.005075276
2025-01-17,1371638.0359199513,0.011726552967509681,18493993.041229248,0.24394372877921586,18493.99304122925,0.0002439437287792164,417068.9895629883,954569.046356963,0.040907025
2025-01-18,1435371.6915229787,0.046718607908322114,18841357.03048706,0.2532475625209949,18841.357030487063,0.00025324756252099594,828513.9984130859,606857.6931098927,0.004599929
2025-01-19,1418753.5213386524,-0.011310662794779356,19224522.02682495,0.26694479109542657,19224.522026824954,0.0002669447910954271,429113.99688720703,989639.5244514454,-0.03084135
2025-01-20,1401362.528601836,-0.012257938024645245,19224522.02682495,0.0,19224.522026824954,0.0,411723.0041503906,989639.5244514454,0.009162426
2025-01-21,1415200.5275642383,0.009874674597021484,19224522.02682495,0.0,19224.522026824954,0.0,425561.00311279297,989639.5244514454,0.037979722
2025-01-22,1427151.4995491016,0.008444719848594606,19224522.02682495,0.0,19224.522026824954,0.0,437511.97509765625,989639.5244514454,-0.02296096
2025-01-23,1419926.525489043,-0.00506251372915999,19224522.02682495,0.0,19224.522026824954,0.0,430287.00103759766,989639.5244514454,0.0019640923
2025-01-24,1420368.516150664,0.0003112771356031016,19224522.02682495,0.0,19224.522026824954,0.0,430728.99169921875,989639.5244514454,0.00924027
2025-01-25,1425536.5306770313,0.00363850259112544,19224522.02682495,0.0,19224.522026824954,0.0,435897.00622558594,989639.5244514454,-0.0011790395
2025-01-26,1389542.658216094,-0.025016543380353654,19556398.027801514,0.23280778418140174,19556.398027801515,0.00023280778418140075,732111.0107421875,657431.6474739064,-0.02030468
2025-01-27,1379682.3961677542,-0.0068634100444539044,19879659.0385437,0.2326384215920313,19879.6590385437,0.00023263842159203024,399312.99896240234,980369.3972053517,-0.005234599
2025-01-28,1366371.3930549612,-0.009647874865814043,19879659.0385437,0.0,19879.6590385437,0.0,386001.9958496094,980369.3972053517,-0.007320583
2025-01-29,1368328.6980415334,0.0014491016105811741,19902365.03829956,0.01661773648897379,19902.365038299562,1.661773648897485e-05,410688.0065917969,957640.6914497365,0.023661137
2025-01-30,1386598.6870552052,0.013352046945899339,19902365.03829956,0.0,19902.365038299562,0.0,428957.99560546875,957640.6914497365,0.009540796
2025-01-31,1374826.6991401662,-0.00848983056520836,19902365.03829956,0.0,19902.365038299562,0.0,417186.0076904297,957640.6914497365,-0.021899462
2025-02-01,1322419.59513626,-0.03787895960811091,20232464.037322998,0.2401022610558011,20232.464037323,0.0002401022610558011,695208.0017089844,627211.5934272755,-0.017513633
2025-02-02,1280497.5767036427,-0.03170099610350799,20232464.037322998,0.0,20232.464037323,0.0,653285.9832763672,627211.5934272755,-0.029165149
2025-02-03,1304505.581464385,0.018748965400266885,20232464.037322998,0.0,20232.464037323,0.0,677293.9880371094,627211.5934272755,0.037133098
2025-02-04,1272282.5864692677,-0.024701308643651002,20232464.037322998,0.0,20232.464037323,0.0,645070.9930419922,627211.5934272755,-0.03518647
2025-02-05,1259052.584638213,-0.010398634683643264,20232464.037322998,0.0,20232.464037323,0.0,631840.9912109375,627211.5934272755,-0.011770308
2025-02-06,1237047.570600127,-0.017477438437894195,20232464.037322998,0.0,20232.464037323,0.0,609835.9771728516,627211.5934272755,-0.00060117245
2025-02-07,1235003.6130805959,-0.0016522869193620969,20232464.037322998,0.0,20232.464037323,0.0,607792.0196533203,627211.5934272755,-0.0004925132
2025-02-08,1249233.6027046193,0.011522225095785849,20232464.037322998,0.0,20232.464037323,0.0,622022.0092773438,627211.5934272755,-0.0006430149
2025-02-09,1250775.5887886037,0.0012343456665318158,20232464.037322998,0.0,20232.464037323,0.0,623563.9953613281,627211.5934272755,0.00018668175
2025-02-10,1254176.5897651662,0.002719113650000496,20232464.037322998,0.0,20232.464037323,0.0,626964.9963378906,627211.5934272755,0.010035634
2025-02-11,1243798.614301299,-0.008274732241502271,20232464.037322998,0.0,20232.464037323,0.0,616587.0208740234,627211.5934272755,-0.016961932
2025-02-12,1255242.593183135,0.009200829419049133,20232464.037322998,0.0,20232.464037323,0.0,628030.9997558594,627211.5934272755,0.021839976
2025-02-13,1244448.6051460255,-0.008599125058158838,20232464.037322998,0.0,20232.464037323,0.0,617237.01171875,627211.5934272755,-0.01289314
2025-02-14,1258708.5874458302,0.011458876036211554,20232464.037322998,0.0,20232.464037323,0.0,631496.9940185547,627211.5934272755,0.009236693
2025-02-15,1246579.5896430959,-0.009636065030227943,20232464.037322998,0.0,20232.464037323,0.0,619367.9962158203,627211.5934272755,0.0007095337
2025-02-16,1232238.5923286427,-0.011504277331027896,20232464.037322998,0.0,20232.464037323,0.0,605026.9989013672,627211.5934272755,-0.014876962
2025-02-17,1221170.5961128224,-0.008982023680092982,20232464.037322998,0.0,20232.464037323,0.0,593959.0026855469,627211.5934272755,-0.003517747
2025-02-18,1199186.6056343068,-0.018002390942341812,20232464.037322998,0.0,20232.464037323,0.0,571975.0122070312,627211.5934272755,-0.0011302829
2025-02-19,1202835.5802436818,0.003042874722107894,20232464.037322998,0.0,20232.464037323,0.0,575623.9868164062,627211.5934272755,0.010166287
2025-02-20,1217815.5973335255,0.012453919168909982,20232464.037322998,0.0,20232.464037323,0.0,590604.00390625,627211.5934272755,0.017182946
2025-02-21,1209994.7934272755,-0.006161855639458451,20549264.037322998,0.2601379065054275,20549.264037323,0.0002601379065054269,266300.0,943694.7934272755,-0.021596313
2025-02-22,1220016.790497588,0.008282677846840548,20549264.037322998,0.0,20549.264037323,0.0,276321.9970703125,943694.7934272755,0.003836751
2025-02-23,1225663.7875679005,0.0046286224208515634,20549264.037322998,0.0,20549.264037323,0.0,281968.994140625,943694.7934272755,-0.0030347705
2025-02-24,1195046.7953804005,-0.024979927201939832,20549264.037322998,0.0,20549.264037323,0.0,251352.001953125,943694.7934272755,-0.04888028
2025-02-25,1193264.788544463,-0.0014911607167401857,20549264.037322998,0.0,20549.264037323,0.0,249569.9951171875,943694.7934272755,-0.03137511
2025-02-26,1177331.8051460255,-0.013352429026144695,20549264.037322998,0.0,20549.264037323,0.0,233637.01171875,943694.7934272755,-0.04995811
2025-02-27,1174466.790497588,-0.0024334810593876293,20549264.037322998,0.0,20549.264037323,0.0,230771.9970703125,943694.7934272755,0.005441904
2025-02-28,1167453.802216338,-0.005971210372222442,20549264.037322998,0.0,20549.264037323,0.0,223759.0087890625,943694.7934272755,-0.004233837
2025-03-01,1165433.782685088,-0.0017302779154216804,20549264.037322998,0.0,20549.264037323,0.0,221738.9892578125,943694.7934272755,0.020327091
2025-03-02,1195505.804169463,0.025803286236555548,20549264.037322998,0.0,20549.264037323,0.0,251811.0107421875,943694.7934272755,0.09534085
2025-03-03,1158595.794403838,-0.030873969525615958,20549264.037322998,0.0,20549.264037323,0.0,214901.0009765625,943694.7934272755,-0.085386574
2025-03-04,1160845.794403838,0.0019420060135448276,20549264.037322998,0.0,20549.264037323,0.0,217151.0009765625,943694.7934272755,0.012309909
2025-03-05,1167853.802216338,0.006036984280154989,20549264.037322998,0.0,20549.264037323,0.0,224159.0087890625,943694.7934272755,0.03808379
2025-03-06,1163914.788544463,-0.0033728653915409534,20549264.037322998,0.0,20549.264037323,0.0,220219.9951171875,943694.7934272755,-0.00744009
2025-03-07,1157854.8031929005,-0.005206554131974585,20549264.037322998,0.0,20549.264037323,0.0,214160.009765625,943694.7934272755,-0.034805655
2025-03-08,1164052.8012397755,0.0053530011101421355,20549264.037322998,0.0,20549.264037323,0.0,220358.0078125,943694.7934272755,-0.006673813
2025-03-09,1145735.7968452442,-0.015735544276877053,20549264.037322998,0.0,20549.264037323,0.0,202041.00341796875,943694.7934272755,-0.06365031
2025-03-10,1130204.7909858692,-0.013555486266676181,20549264.037322998,0.0,20549.264037323,0.0,186509.99755859375,943694.7934272755,-0.026488185
2025-03-11,1136037.7987983692,0.0051610184800330835,20549264.037322998,0.0,20549.264037323,0.0,192343.00537109375,943694.7934272755,0.055182695
2025-03-12,1134514.788544463,-0.0013406334327230982,20549264.037322998,0.0,20549.264037323,0.0,190819.9951171875,943694.7934272755,0.009008765
2025-03-13,1130153.7900093067,-0.003843932735994774,20549264.037322998,0.0,20549.264037323,0.0,186458.99658203125,943694.7934272755,-0.030644536
2025-03-14,1134859.7958686817,0.004164040240343083,20549264.037322998,0.0,20549.264037323,0.0,191165.00244140625,943694.7934272755,0.035349727
2025-03-15,1137411.7978218067,0.002248737652364857,20549264.037322998,0.0,20549.264037323,0.0,193717.00439453125,943694.7934272755,0.004229784
2025-03-16,1132394.7934272755,-0.0044108953363584166,20549264.037322998,0.0,20549.264037323,0.0,188700.0,943694.7934272755,-0.020914614
2025-03-17,1136325.7992866505,0.0034714093372661347,20549264.037322998,0.0,20549.264037323,0.0,192631.005859375,943694.7934272755,0.01738429
2025-03-18,1136848.7973335255,0.0004602536061429932,20549264.037322998,0.0,20549.264037323,0.0,193154.00390625,943694.7934272755,-0.015414834
2025-03-19,1149300.7992866505,0.010953085390362485,20549264.037322998,0.0,20549.264037323,0.0,205606.005859375,943694.7934272755,0.04994142
2025-03-20,1149094.193305205,-8.709439367099325e-07,20754869.04220581,0.17889572948215793,20754.86904220581,0.00017889572948215666,0.0,1149094.193305205,-0.03019768
2025-03-21,1149094.193305205,0.0,20754869.04220581,0.0,20754.86904220581,0.0,0.0,1149094.193305205,-0.0015981197
2025-03-22,1149094.193305205,0.0,20754869.04220581,0.0,20754.86904220581,0.0,0.0,1149094.193305205,-0.0029515624
2025-03-23,1149094.193305205,0.0,20754869.04220581,0.0,20754.86904220581,0.0,0.0,1149094.193305205,0.026740074
2025-03-24,1169162.039298247,0.017753088586779108,21086994.0574646,0.2890320194756872,21086.9940574646,0.00028903201947568717,352524.98626708984,816637.0530311572,0.016445398
2025-03-25,1174023.9266273486,0.004336445380369913,21295114.052581787,0.17800782793299122,21295.114052581786,0.00017800782793299123,565714.9887084961,608308.9379188525,-0.0012033582
2025-03-26,1152610.930716704,-0.018238977439035884,21295114.052581787,0.0,21295.114052581786,0.0,544301.9927978516,608308.9379188525,-0.0055347085
2025-03-27,1154749.9230262744,0.0018557799970196946,21295114.052581787,0.0,21295.114052581786,0.0,546440.9851074219,608308.9379188525,0.0037146807
2025-03-28,1121723.954093169,-0.028600104901114608,21295114.052581787,0.0,21295.114052581786,0.0,513415.0161743164,608308.9379188525,-0.032185733
2025-03-29,1121235.5003578174,2.227488055209029e-05,21808554.055023193,0.4577240243179835,21808.554055023193,0.00045772402431798346,0.0,1121235.5003578174,-0.021034718
2025-03-30,1121235.5003578174,0.0,21808554.055023193,0.0,21808.554055023193,0.0,0.0,1121235.5003578174,-0.0031282902
2025-03-31,1121235.5003578174,0.0,21808554.055023193,0.0,21808.554055023193,0.0,0.0,1121235.5003578174,0.0019421577
2025-04-01,1121235.5003578174,0.0,21808554.055023193,0.0,21808.554055023193,0.0,0.0,1121235.5003578174,0.03159702
2025-04-02,1121235.5003578174,0.0,21808554.055023193,0.0,21808.554055023193,0.0,0.0,1121235.5003578174,-0.031025171
2025-04-03,1121235.5003578174,0.0,21808554.055023193,0.0,21808.554055023193,0.0,0.0,1121235.5003578174,0.008444428
2025-04-04,1121235.5003578174,0.0,21808554.055023193,0.0,21808.554055023193,0.0,0.0,1121235.5003578174,0.008133054
2025-04-05,1121235.5003578174,0.0,21808554.055023193,0.0,21808.554055023193,0.0,0.0,1121235.5003578174,-0.004194498
2025-04-06,1121235.5003578174,0.0,21808554.055023193,0.0,21808.554055023193,0.0,0.0,1121235.5003578174,-0.061145723
2025-04-07,1121235.5003578174,0.0,21808554.055023193,0.0,21808.554055023193,0.0,0.0,1121235.5003578174,0.0093489885
2025-04-08,1121235.5003578174,0.0,21808554.055023193,0.0,21808.554055023193,0.0,0.0,1121235.5003578174,-0.035885572
2025-04-09,1121235.5003578174,0.0,21808554.055023193,0.0,21808.554055023193,0.0,0.0,1121235.5003578174,0.08245015
2025-04-10,1121235.5003578174,0.0,21808554.055023193,0.0,21808.554055023193,0.0,0.0,1121235.5003578174,-0.036408782
2025-04-11,1121235.5003578174,0.0,21808554.055023193,0.0,21808.554055023193,0.0,0.0,1121235.5003578174,0.04794216
2025-04-12,1121235.5003578174,0.0,21808554.055023193,0.0,21808.554055023193,0.0,0.0,1121235.5003578174,0.022212505
2025-04-13,1111254.8988182056,-0.008606578656133634,22139154.068756104,0.29485332352338695,22139.154068756103,0.00029485332352338693,320950.01220703125,790304.8866111743,-0.017787933
2025-04-14,1113854.8820335376,0.0023396821180244557,22139154.068756104,0.0,22139.154068756103,0.0,323549.9954223633,790304.8866111743,0.009928107
2025-04-15,1105579.8881370532,-0.007429149012101937,22139154.068756104,0.0,22139.154068756103,0.0,315275.0015258789,790304.8866111743,-0.011201918
2025-04-16,1119140.281524657,0.012276818286123382,22151764.068603516,0.011405778978722622,22151.764068603516,1.140577897872328e-05,341458.0047607422,777682.2767639149,0.004619479
2025-04-17,1128240.281524657,0.00813124158805422,22151764.068603516,0.0,22151.764068603516,0.0,350558.0047607422,777682.2767639149,0.010918975
2025-04-18,1126186.2593078602,-0.0018205538752978708,22151764.068603516,0.0,22151.764068603516,0.0,348503.9825439453,777682.2767639149,-0.0055707097
2025-04-19,1141344.2640686024,0.013459589508806567,22151764.068603516,0.0,22151.764068603516,0.0,363661.9873046875,777682.2767639149,0.007130146
2025-04-20,1136304.2923507679,-0.004403566808017307,22165750.06866455,0.01225397148024262,22165.75006866455,1.2253971480242621e-05,344650.0015258789,791654.290824889,0.0012016296
2025-04-21,1133054.2847213733,-0.0028601560790296483,22165750.06866455,0.0,22165.75006866455,0.0,341399.9938964844,791654.290824889,0.027436137
2025-04-22,1163629.274040221,0.026984575877021,22165750.06866455,0.0,22165.75006866455,0.0,371974.98321533203,791654.290824889,0.06772196
2025-04-23,1169157.4273513784,0.004763571555560314,22180628.06854248,0.012785859044497902,22180.62806854248,1.2785859044496652e-05,362640.0146484375,806517.4127029408,0.00265491
2025-04-24,1169914.9188674917,0.0008014314324132026,22360136.06414795,0.15353620599419882,22360.136064147948,0.0001535362059941988,543085.009765625,626829.9091018665,0.003088832
2025-04-25,1167257.9242385854,-0.002271100732246658,22360136.06414795,0.0,22360.136064147948,0.0,540428.0151367188,626829.9091018665,0.007003665
2025-04-26,1167021.9257034292,-0.00020218199444668093,22360136.06414795,0.0,22360.136064147948,0.0,540192.0166015625,626829.9091018665,-0.00011283159
2025-04-27,1161110.9027542104,-0.0050650487527523075,22360136.06414795,0.0,22360.136064147948,0.0,534280.9936523438,626829.9091018665,-0.009285867
2025-04-28,1161633.9008010854,0.0004504290207200912,22360136.06414795,0.0,22360.136064147948,0.0,534803.9916992188,626829.9091018665,0.013460159
2025-04-29,1157754.9091018667,-0.0033392549034112397,22360136.06414795,0.0,22360.136064147948,0.0,530925.0,626829.9091018665,-0.007939696
2025-04-30,1160286.8915237417,0.002186976191566483,22360136.06414795,0.0,22360.136064147948,0.0,533456.982421875,626829.9091018665,-0.0008999109
2025-05-01,1172680.9222854604,0.010681867434908572,22360136.06414795,0.0,22360.136064147948,0.0,545851.0131835938,626829.9091018665,0.0246135
2025-05-02,1166369.911543273,-0.005381694732347014,22360136.06414795,0.0,22360.136064147948,0.0,539540.0024414062,626829.9091018665,0.004116893
2025-05-03,1162285.927168273,-0.0035014486695702815,22360136.06414795,0.0,22360.136064147948,0.0,535456.0180664062,626829.9091018665,-0.010638356
2025-05-04,1153195.9003128042,-0.00782081813346495,22360136.06414795,0.0,22360.136064147948,0.0,526365.9912109375,626829.9091018665,-0.016470492
2025-05-05,1160976.9061721792,0.006747340896082274,22360136.06414795,0.0,22360.136064147948,0.0,534146.9970703125,626829.9091018665,0.0048373938
2025-05-06,1161041.9208206167,5.5999949776656435e-05,22360136.06414795,0.0,22360.136064147948,0.0,534212.01171875,626829.9091018665,0.02217102
2025-05-07,1161508.925215148,0.0004022287103993406,22360136.06414795,0.0,22360.136064147948,0.0,534679.0161132812,626829.9091018665,0.0020290613
2025-05-08,1242272.9144729604,0.06953367942726095,22360136.06414795,0.0,22360.136064147948,0.0,615443.0053710938,626829.9091018665,0.064217925
2025-05-09,1275157.4648712147,0.02648451561296744,22376582.064819336,0.01323863740389446,22376.582064819333,1.323863740389329e-05,631898.0010986328,643259.4637725819,-0.002804637
2025-05-10,1310729.4604156483,0.027896159121043304,22376582.064819336,0.0,22376.582064819333,0.0,667469.9966430664,643259.4637725819,0.017845035
2025-05-11,1293053.4762237538,-0.01348560837740632,22376582.064819336,0.0,22376.582064819333,0.0,649794.0124511719,643259.4637725819,-0.0065979958
2025-05-12,1293512.4636505116,0.00035496399429530475,22376582.064819336,0.0,22376.582064819333,0.0,650252.9998779297,643259.4637725819,-0.012742102
2025-05-13,1333855.459866332,0.031188718585645116,22376582.064819336,0.0,22376.582064819333,0.0,690595.99609375,643259.4637725819,0.012767553
2025-05-14,1311198.086453246,-0.01697260242526925,22394957.064819336,0.013775855445267954,22394.957064819333,1.3775855445267954e-05,649581.9976806641,661616.0887725819,-0.0057240725
2025-05-15,1288637.0909698475,-0.01720639750506752,22394957.064819336,0.0,22394.957064819333,0.0,627021.0021972656,661616.0887725819,0.0024721622
2025-05-16,1283608.0870635975,-0.003902575784517499,22394957.064819336,0.0,22394.957064819333,0.0,621991.9982910156,661616.0887725819,-0.0028893948
2025-05-17,1274029.362811278,-0.007449301970980824,22411697.064208984,0.013041363293326648,22411.69706420898,1.3041363293325515e-05,629170.0134277344,644859.3493835438,-0.0032595992
2025-05-18,1293227.3593322742,0.015068723752672169,22411697.064208984,0.0,22411.69706420898,0.0,648368.0099487305,644859.3493835438,0.032267213
2025-05-19,1281451.3400451648,-0.009105915678423034,22411697.064208984,0.0,22411.69706420898,0.0,636591.9906616211,644859.3493835438,-0.008271277
2025-05-20,1285035.3351013171,0.0027968249313516857,22411697.064208984,0.0,22411.69706420898,0.0,640175.9857177734,644859.3493835438,0.012088656
2025-05-21,1299077.345599364,0.010927334147539023,22411697.064208984,0.0,22411.69706420898,0.0,654217.9962158203,644859.3493835438,0.026148796
2025-05-22,1324605.339373778,0.01965086517819002,22411697.064208984,0.0,22411.69706420898,0.0,679745.9899902344,644859.3493835438,0.01871717
2025-05-23,1297732.3367492664,-0.0202875542063089,22411697.064208984,0.0,22411.69706420898,0.0,652872.9873657227,644859.3493835438,-0.039194822
2025-05-24,1302400.32838745,0.0035970373134698976,22411697.064208984,0.0,22411.69706420898,0.0,657540.9790039062,644859.3493835438,0.004133582
2025-05-25,1304183.3590881336,0.0013690342837146163,22411697.064208984,0.0,22411.69706420898,0.0,659324.0097045898,644859.3493835438,0.011528015
2025-05-26,1303522.3529235828,-0.0005068353003775078,22411697.064208984,0.0,22411.69706420898,0.0,658663.0035400391,644859.3493835438,0.0039503574
2025-05-27,1317373.3706848132,0.010625838314291236,22411697.064208984,0.0,22411.69706420898,0.0,672514.0213012695,644859.3493835438,-0.0045379996
2025-05-28,1309102.3745910632,-0.006278399334465421,22411697.064208984,0.0,22411.69706420898,0.0,664243.0252075195,644859.3493835438,-0.01061511
2025-05-29,1303708.2354461658,-0.003817908544892165,22807803.0670166,0.30257832427456455,22807.803067016597,0.0003025783242745645,263138.9892578125,1040569.2461883534,-0.0203377
2025-05-30,1293703.2549774158,-0.007674248115281724,22807803.0670166,0.0,22807.803067016597,0.0,253134.0087890625,1040569.2461883534,-0.015193462
2025-05-31,1293375.2520477283,-0.0002535379952284544,22807803.0670166,0.0,22807.803067016597,0.0,252806.005859375,1040569.2461883534,0.0058315992
2025-06-01,1294490.2422821033,0.0008620779101886314,22807803.0670166,0.0,22807.803067016597,0.0,253920.99609375,1040569.2461883534,0.0100489855
2025-06-02,1301310.2373992908,0.005268479355367164,22807803.0670166,0.0,22807.803067016597,0.0,260740.9912109375,1040569.2461883534,0.002035737
2025-06-03,1299905.2569305408,-0.0010796660384059511,22807803.0670166,0.0,22807.803067016597,0.0,259336.0107421875,1040569.2461883534,-0.0045447946
2025-06-04,1301337.2393524158,0.0011016052241040492,22807803.0670166,0.0,22807.803067016597,0.0,260767.9931640625,1040569.2461883534,-0.0064533353
2025-06-05,1281970.2471649158,-0.014882377605006979,22807803.0670166,0.0,22807.803067016597,0.0,241401.0009765625,1040569.2461883534,-0.030451536
2025-06-06,1288179.2559539783,0.004843332989040702,22807803.0670166,0.0,22807.803067016597,0.0,247610.009765625,1040569.2461883534,0.0273844
2025-06-07,1293032.2344696033,0.003767316150446051,22807803.0670166,0.0,22807.803067016597,0.0,252462.98828125,1040569.2461883534,0.012117505
2025-06-08,1291552.2540008533,-0.0011445812635576577,22807803.0670166,0.0,22807.803067016597,0.0,250983.0078125,1040569.2461883534,0.0017228127
2025-06-09,1308582.2344696033,0.013185668962286328,22807803.0670166,0.0,22807.803067016597,0.0,268012.98828125,1040569.2461883534,0.042834163
2025-06-10,1322209.2364227283,0.010413561787844628,22807803.0670166,0.0,22807.803067016597,0.0,281639.990234375,1040569.2461883534,0.000103116035
2025-06-11,1307373.9835906972,-0.010920332762774263,23204091.05529785,0.2997165481564911,23204.091055297846,0.00029971654815649004,663489.013671875,643884.9699188222,-0.01477474
2025-06-12,1294115.5979095448,-0.009845716568455235,23590443.045043945,0.2955175753803664,23590.44304504394,0.00029551757538036637,264264.990234375,1029850.6076751698,-0.02736789
2025-06-13,1287769.6018157948,-0.004903732018995082,23590443.045043945,0.0,23590.44304504394,0.0,257918.994140625,1029850.6076751698,0.0037367344
2025-06-14,1282926.6086517323,-0.0037607605873237965,23590443.045043945,0.0,23590.44304504394,0.0,253076.0009765625,1029850.6076751698,-0.0061466694
2025-06-15,1284611.6184173573,0.0013134108796728672,23590443.045043945,0.0,23590.44304504394,0.0,254761.0107421875,1029850.6076751698,0.0017015934
2025-06-16,1284267.5998626698,-0.0002677996600336927,23590443.045043945,0.0,23590.44304504394,0.0,254416.9921875,1029850.6076751698,0.011369228
2025-06-17,1284013.1828704823,0.0,23844860.037231445,0.1981027880908196,23844.86003723144,0.00019810278809081962,0.0,1284013.1828704823,-0.021006286
2025-06-18,1284013.1828704823,0.0,23844860.037231445,0.0,23844.86003723144,0.0,0.0,1284013.1828704823,0.0032099485
2025-06-19,1284013.1828704823,0.0,23844860.037231445,0.0,23844.86003723144,0.0,0.0,1284013.1828704823,-0.0021755695
2025-06-20,1284013.1828704823,0.0,23844860.037231445,0.0,23844.86003723144,0.0,0.0,1284013.1828704823,-0.013000369
2025-06-21,1284013.1828704823,0.0,23844860.037231445,0.0,23844.86003723144,0.0,0.0,1284013.1828704823,-0.011403739
2025-06-22,1284013.1828704823,0.0,23844860.037231445,0.0,23844.86003723144,0.0,0.0,1284013.1828704823,-0.011321366
2025-06-23,1284013.1828704823,0.0,23844860.037231445,0.0,23844.86003723144,0.0,0.0,1284013.1828704823,0.043283463
2025-06-24,1284013.1828704823,0.0,23844860.037231445,0.0,23844.86003723144,0.0,0.0,1284013.1828704823,0.00711143
2025-06-25,1284013.1828704823,0.0,23844860.037231445,0.0,23844.86003723144,0.0,0.0,1284013.1828704823,0.011854649
2025-06-26,1284013.1828704823,0.0,23844860.037231445,0.0,23844.86003723144,0.0,0.0,1284013.1828704823,-0.0036660433
2025-06-27,1284013.1828704823,0.0,23844860.037231445,0.0,23844.86003723144,0.0,0.0,1284013.1828704823,0.00093996525
2025-06-28,1284013.1828704823,0.0,23844860.037231445,0.0,23844.86003723144,0.0,0.0,1284013.1828704823,0.002327919
2025-06-29,1290111.3868728627,0.005042805695517809,24221685.026550293,0.29347439290026184,24221.685026550287,0.0002934743929002618,383300.0183105469,906811.3685623158,0.009880424
2025-06-30,1292124.341731261,0.0017540840970891852,24471694.035339355,0.19378870021065883,24471.69403533935,0.00019378870021065998,635571.9909667969,656552.3507644642,-0.011170745
2025-07-01,1264253.3639480579,-0.02156988834825294,24471694.035339355,0.0,24471.69403533935,0.0,607701.0131835938,656552.3507644642,-0.013676226
2025-07-02,1277487.8614212025,0.010658463610522657,24712195.036315918,0.1902316480499739,24712.195036315912,0.00019023164804997275,380675.01068115234,896812.8507400502,0.029981375
2025-07-03,1279539.8200637805,0.0018074532866560213,24969236.027526855,0.20120816719540485,24969.23602752685,0.000201208167195406,640025.0015258789,639514.8185379017,0.0067540407
2025-07-04,1259568.814814757,-0.0156079591552125,24969236.027526855,0.0,24969.23602752685,0.0,620053.9962768555,639514.8185379017,-0.014605463
2025-07-05,1260030.8173782337,0.00036679422199295124,24969236.027526855,0.0,24969.23602752685,0.0,620515.998840332,639514.8185379017,0.0019806623
2025-07-06,1276199.8298294055,0.012832235710563808,24969236.027526855,0.0,24969.23602752685,0.0,636685.0112915039,639514.8185379017,0.009295225
2025-07-07,1265943.8346511829,-0.008036355230977905,24969236.027526855,0.0,24969.23602752685,0.0,626429.0161132812,639514.8185379017,-0.00861603
2025-07-08,1280214.813960265,0.011272995624655216,24969236.027526855,0.0,24969.23602752685,0.0,640699.9954223633,639514.8185379017,0.0060966015
2025-07-09,1309013.8251907337,0.022495452260375585,24969236.027526855,0.0,24969.23602752685,0.0,669499.006652832,639514.8185379017,0.021216989
2025-07-10,1345493.8132888782,0.027868298558901095,24969236.027526855,0.0,24969.23602752685,0.0,705978.9947509766,639514.8185379017,0.042936563
2025-07-11,1342661.7972976672,-0.0021048153200262263,24969236.027526855,0.0,24969.23602752685,0.0,703146.9787597656,639514.8185379017,0.013082147
2025-07-12,1335567.8275711047,-0.005283512006404224,24969236.027526855,0.0,24969.23602752685,0.0,696053.0090332031,639514.8185379017,-0.0009160042
2025-07-13,1339592.8062088,0.0030136834345697245,24969236.027526855,0.0,24969.23602752685,0.0,700077.9876708984,639514.8185379017,0.0141938925
2025-07-14,1346401.8470413196,0.005082918332317632,24969236.027526855,0.0,24969.23602752685,0.0,706887.028503418,639514.8185379017,0.006336093
2025-07-15,1363253.7971145618,0.01251628561730948,24969236.027526855,0.0,24969.23602752685,0.0,723738.9785766602,639514.8185379017,-0.017382026
2025-07-16,1410724.8405105579,0.034821867722996586,24969236.027526855,0.0,24969.23602752685,0.0,771210.0219726562,639514.8185379017,0.0074079037
2025-07-17,1426876.8180496204,0.011449417402487156,24969236.027526855,0.0,24969.23602752685,0.0,787361.9995117188,639514.8185379017,0.004612088
2025-07-18,1437406.8076736438,0.007379746794412671,24969236.027526855,0.0,24969.23602752685,0.0,797891.9891357422,639514.8185379017,-0.010511339
2025-07-19,1441115.836299132,0.0025803611098037865,24969236.027526855,0.0,24969.23602752685,0.0,801601.0177612305,639514.8185379017,-0.00071948767
2025-07-20,1468758.7943679797,0.019181635072331418,24969236.027526855,0.0,24969.23602752685,0.0,829243.9758300781,639514.8185379017,-0.004878521
2025-07-21,1505047.8294021594,0.024707280169713085,24969236.027526855,0.0,24969.23602752685,0.0,865533.0108642578,639514.8185379017,0.0009827614
2025-07-22,1527368.2354293813,0.014843367493654907,24988808.027648926,0.013004237964879012,24988.80802764892,1.3004237964878045e-05,868300.9887695312,659067.24665985,0.021929264
2025-07-23,1478065.6662231435,-0.03226595791596293,25009378.02734375,0.013467609982763246,25009.378027343744,1.3467609982763246e-05,798448.9898681641,679616.6763549794,-0.009990692
2025-07-24,1470911.6592651356,-0.004840114428940245,25009378.02734375,0.0,25009.378027343744,0.0,791294.9829101562,679616.6763549794,-0.0034945607
2025-07-25,1482030.370776366,0.0075714944820565455,25027666.02783203,0.012433105940174475,25027.666027832027,1.2433105940175463e-05,820719.9829101562,661310.3878662098,-0.00614053
2025-07-26,1479132.4093505847,-0.001955399486356777,25027666.02783203,0.0,25027.666027832027,0.0,817822.021484375,661310.3878662098,0.002599001
2025-07-27,1501256.396166991,0.01495740792139077,25027666.02783203,0.0,25027.666027832027,0.0,839946.0083007812,661310.3878662098,0.0126827955
2025-07-28,1480674.3893310535,-0.013709854551486007,25027666.02783203,0.0,25027.666027832027,0.0,819364.0014648438,661310.3878662098,-0.011332095
2025-07-29,1476241.3815185535,-0.002993911318006092,25027666.02783203,0.0,25027.666027832027,0.0,814930.9936523438,661310.3878662098,-0.00094497204
2025-07-30,1468958.398120116,-0.004933463788249704,25027666.02783203,0.0,25027.666027832027,0.0,807648.0102539062,661310.3878662098,-0.0009365082
2025-07-31,1457370.7393676746,-0.007597907984644552,25454314.038085938,0.2904425413271775,25454.314038085933,0.0002904425413271775,369838.9892578125,1087531.750109862,-0.017618895
2025-08-01,1436351.7452270496,-0.014422544362146822,25454314.038085938,0.0,25454.314038085933,0.0,348819.9951171875,1087531.750109862,-0.021303236
2025-08-02,1426925.744250487,-0.006562460071416905,25454314.038085938,0.0,25454.314038085933,0.0,339393.994140625,1087531.750109862,-0.0066336393
2025-08-03,1437205.7491332996,0.007204302623478293,25454314.038085938,0.0,25454.314038085933,0.0,349673.9990234375,1087531.750109862,0.014771223
2025-08-04,1459630.7491332996,0.01560319391536201,25454314.038085938,0.0,25454.314038085933,0.0,372098.9990234375,1087531.750109862,0.0074095726
2025-08-05,1448731.750109862,-0.007466956303783758,25454314.038085938,0.0,25454.314038085933,0.0,361200.0,1087531.750109862,-0.008042097
2025-08-06,1455862.755969237,0.004922240338029613,25454314.038085938,0.0,25454.314038085933,0.0,368331.005859375,1087531.750109862,0.007557392
2025-08-07,1478562.755969237,0.01559212907049575,25454314.038085938,0.0,25454.314038085933,0.0,391031.005859375,1087531.750109862,0.021564364
2025-08-08,1488481.750109862,0.006708537801713284,25454314.038085938,0.0,25454.314038085933,0.0,400950.0,1087531.750109862,-0.006786883
2025-08-09,1513593.761828612,0.016870889896296364,25454314.038085938,0.0,25454.314038085933,0.0,426062.01171875,1087531.750109862,-0.0018212199
2025-08-10,1518888.8248855579,0.0037955779275872735,25904214.054870605,0.29723960822957673,25904.2140548706,0.00029723960822957676,881706.9915771484,637181.8333084094,0.024314761
2025-08-11,1496603.845637511,-0.0146718962460771,25904214.054870605,0.0,25904.2140548706,0.0,859422.0123291016,637181.8333084094,-0.0050967336
2025-08-12,1532871.7648345935,0.024525524445665758,26341289.059448242,0.29204455531213414,26341.289059448238,0.0002920445553121341,459052.001953125,1073819.7628814685,0.012200952
2025-08-13,1570710.6498794544,0.024972706088573684,26782360.069274902,0.2877416232363406,26782.3600692749,0.0002877416232363411,938402.9678344727,632307.6820449817,0.026406765
2025-08-14,1529672.669227599,-0.026127014962943663,26782360.069274902,0.0,26782.3600692749,0.0,897364.9871826172,632307.6820449817,-0.040641308
2025-08-15,1503410.706336974,-0.017168354654519553,26782360.069274902,0.0,26782.3600692749,0.0,871103.0242919922,632307.6820449817,-0.008056521
2025-08-16,1510957.1484588613,0.005031900525033984,26800931.06994629,0.01235257976620011,26800.931069946284,1.2352579766199141e-05,897239.0380859375,613718.1103729237,0.00032901764
2025-08-17,1519327.1313690175,0.005539523684502518,26800931.06994629,0.0,26800.931069946284,0.0,905609.0209960938,613718.1103729237,0.00020742416
2025-08-18,1484073.1396697988,-0.023203687324040937,26800931.06994629,0.0,26800.931069946284,0.0,870355.029296875,613718.1103729237,-0.010033309
2025-08-19,1444205.1220916738,-0.026863916954251662,26800931.06994629,0.0,26800.931069946284,0.0,830487.01171875,613718.1103729237,-0.028858244
2025-08-20,1469839.2009246815,0.01804245562998591,27223859.072875977,0.2928448296299847,27223.85907287597,0.0002928448296299837,433616.015625,1036223.1852996815,0.012388349
2025-08-21,1440702.872352599,-0.0195286964458723,27656144.065856934,0.2941035949435863,27656.144065856926,0.00029410359494358576,837196.9650268555,603505.9073257435,-0.015500307
2025-08-22,1548299.8953628528,0.07468370132042085,27656144.065856934,0.0,27656.144065856926,0.0,944793.9880371094,603505.9073257435,0.039431095
2025-08-23,1550867.8961563099,0.001658593920433745,27656144.065856934,0.0,27656.144065856926,0.0,947361.9888305664,603505.9073257435,-0.012809932
2025-08-24,1555274.8877334583,0.002841629250351226,27656144.065856934,0.0,27656.144065856926,0.0,951768.9804077148,603505.9073257435,-0.016844153
2025-08-25,1471683.9178848255,-0.05374674953470898,27656144.065856934,0.0,27656.144065856926,0.0,868178.010559082,603505.9073257435,-0.029795647
2025-08-26,1514046.897010802,0.02878537885150139,27656144.065856934,0.0,27656.144065856926,0.0,910540.9896850586,603505.9073257435,0.014996052
2025-08-27,1520961.8964004505,0.004567229326450053,27656144.065856934,0.0,27656.144065856926,0.0,917455.989074707,603505.9073257435,-0.004484594
2025-08-28,1547815.8865737903,0.017655925659211598,27656144.065856934,0.0,27656.144065856926,0.0,944309.9792480469,603505.9073257435,0.011728048
2025-08-29,1512121.4852004992,-0.023047287912897972,27677587.06512451,0.013853714420158753,27677.587065124506,1.3853714420159693e-05,887194.0216064453,624927.463594054,-0.037217855
2025-08-30,1506449.4564407337,-0.003462691849453516,28113605.082702637,0.2883485367052445,28113.60508270263,0.00028834853670524406,445939.9932861328,1060509.463154601,0.0040500164
2025-08-31,1501873.4524124134,-0.003037608735398246,28113605.082702637,0.0,28113.60508270263,0.0,441363.9892578125,1060509.463154601,-0.0052379966
2025-09-01,1494613.4792678822,-0.0048339446528399424,28113605.082702637,0.0,28113.60508270263,0.0,434104.01611328125,1060509.463154601,0.00915575
2025-09-02,1521739.4497268666,0.018149154169459045,28113605.082702637,0.0,28113.60508270263,0.0,461229.9865722656,1060509.463154601,0.018332362
2025-09-03,1524203.472554015,0.0016192146609530949,28113605.082702637,0.0,28113.60508270263,0.0,463694.00939941406,1060509.463154601,0.004186511
2025-09-04,1489877.4176467885,-0.02222866534634013,28558651.078796387,0.2919859481411714,28558.65107879638,0.0002919859481411724,874858.9965820312,615018.4210647572,-0.008726895
2025-09-05,1491736.6722610462,0.0015363751359709233,28988407.08465576,0.2884505804096019,28988.407084655755,0.0002884505804096009,447392.00134277344,1044344.6709182728,-0.0006400943
2025-09-06,1484696.6789749134,-0.004719327088380951,28988407.08465576,0.0,28988.407084655755,0.0,440352.0080566406,1044344.6709182728,-0.004265547
2025-09-07,1498314.6843460072,0.00917224747919292,28988407.08465576,0.0,28988.407084655755,0.0,453970.0134277344,1044344.6709182728,0.008615971
2025-09-08,1515386.6722610462,0.011394127077177208,28988407.08465576,0.0,28988.407084655755,0.0,471042.00134277344,1044344.6709182728,0.008348942
2025-09-09,1522206.6856887806,0.004500510366478618,28988407.08465576,0.0,28988.407084655755,0.0,477862.0147705078,1044344.6709182728,-0.004629791
2025-09-10,1537298.687031554,0.009914554629580073,28988407.08465576,0.0,28988.407084655755,0.0,492954.01611328125,1044344.6709182728,0.021637678
2025-09-11,1547061.2557022083,0.006365044576538572,29010813.08441162,0.014574916341810079,29010.813084411613,1.4574916341809131e-05,480332.99102783203,1066728.2646743762,0.013361573
2025-09-12,1600193.3740982043,0.03463211376170725,29456696.09222412,0.28821289795025895,29456.696092224112,0.00028821289795025846,979794.0002441406,620399.3738540637,0.004734397
2025-09-13,1596006.1434036242,-0.002601568512092253,29480914.0914917,0.01513442041417418,29480.91409149169,1.5134420414173726e-05,951412.98828125,644593.1551223742,-0.00095778704
2025-09-14,1584562.167573546,-0.007170383320500781,29480914.0914917,0.0,29480.91409149169,0.0,939969.0124511719,644593.1551223742,-0.0056098104
2025-09-15,1565587.1736770617,-0.011974912871699411,29480914.0914917,0.0,29480.91409149169,0.0,920994.0185546875,644593.1551223742,0.00070881844
2025-09-16,1568642.1724563586,0.0019513437709901926,29480914.0914917,0.0,29480.91409149169,0.0,924049.0173339844,644593.1551223742,0.012477279
2025-09-17,1593326.1263137804,0.015735872903868783,29480914.0914917,0.0,29480.91409149169,0.0,948732.9711914062,644593.1551223742,-0.0029229522
2025-09-18,1598359.1707473742,0.0031588287861932488,29480914.0914917,0.0,29480.91409149169,0.0,953766.015625,644593.1551223742,0.005375266
2025-09-19,1568512.137055968,-0.01867354612008146,29480914.0914917,0.0,29480.91409149169,0.0,923918.9819335938,644593.1551223742,-0.01230979
2025-09-20,1571595.1387649523,0.001965558082815375,29480914.0914917,0.0,29480.91409149169,0.0,927001.9836425781,644593.1551223742,0.0004605055
2025-09-21,1561410.183930968,-0.006480647962546057,29480914.0914917,0.0,29480.91409149169,0.0,916817.0288085938,644593.1551223742,-0.003918767
2025-09-22,1529406.6649368273,-0.020211870859354573,29925412.089538574,0.2846772761067933,29925.412089538564,0.0002846772761067928,440760.009765625,1088646.6551712023,-0.022400796
2025-09-23,1515246.661274718,-0.009258494805038828,29925412.089538574,0.0,29925.412089538564,0.0,426600.0061035156,1088646.6551712023,-0.0057895184
2025-09-24,1511846.6673782335,-0.002243855065566746,29925412.089538574,0.0,29925.412089538564,0.0,423200.01220703125,1088646.6551712023,0.011680484
2025-09-25,1474126.6661575304,-0.02494962090706937,29925412.089538574,0.0,29925.412089538564,0.0,385480.0109863281,1088646.6551712023,-0.038060367
2025-09-26,1498986.651509093,0.016864212501061883,29925412.089538574,0.0,29925.412089538564,0.0,410339.9963378906,1088646.6551712023,0.0059541464
2025-09-27,1495566.6685989366,-0.0022815299300452136,29925412.089538574,0.0,29925.412089538564,0.0,406920.0134277344,1088646.6551712023,-6.937981e-05
2025-09-28,1510306.6588333116,0.009855789476896798,29925412.089538574,0.0,29925.412089538564,0.0,421660.0036621094,1088646.6551712023,0.02305913
2025-09-29,1514146.6551712023,0.002542527582350039,29925412.089538574,0.0,29925.412089538564,0.0,425500.0,1088646.6551712023,0.019150615
2025-09-30,1513701.186146544,-1.3201504361289806e-05,30350892.100524902,0.28100317068574826,30350.892100524892,0.00028100317068574824,0.0,1513701.186146544,-0.0023009777
2025-10-01,1513701.186146544,0.0,30350892.100524902,0.0,30350.892100524892,0.0,0.0,1513701.186146544,0.039860606
2025-10-02,1526898.4144180284,0.009005761093907381,30785695.079040527,0.2872449215835727,30785.695079040517,0.00028724492158357267,448435.009765625,1078463.4046524034,0.016310692
2025-10-03,1525694.3929656968,-0.000496441305287218,31231701.08947754,0.29209933432736274,31231.70108947753,0.0002920993343273637,893683.0047607422,632011.3882049547,0.01412642
2025-10-04,1513660.3795989975,-0.00788756478504656,31231701.08947754,0.0,31231.70108947753,0.0,881648.991394043,632011.3882049547,0.0013008118
2025-10-05,1517707.3659881577,0.002673642280464719,31231701.08947754,0.0,31231.70108947753,0.0,885695.9777832031,632011.3882049547,0.008916616
2025-10-06,1541877.3763641343,0.01592534299933361,31231701.08947754,0.0,31231.70108947753,0.0,909865.9881591797,632011.3882049547,0.009525418
2025-10-07,1494724.4100555405,-0.030581528097768762,31231701.08947754,0.0,31231.70108947753,0.0,862713.0218505859,632011.3882049547,-0.026677549
2025-10-08,1502127.4395797716,0.005232396998067898,31649663.081359863,0.279624785057731,31649.663081359853,0.00027962478505773,452572.021484375,1049555.4180953966,0.016261458
2025-10-09,1470539.2338760362,-0.020739284753875428,32084820.079040527,0.28969379442426113,32084.820079040517,0.0002896937944242611,856575.9704589844,613963.2634170519,-0.013329446
2025-10-10,1354952.2465713487,-0.07860177045397435,32084820.079040527,0.0,32084.820079040517,0.0,740988.9831542969,613963.2634170519,-0.07305378
2025-10-11,1326120.2580459581,-0.021278970235555382,32084820.079040527,0.0,32084.820079040517,0.0,712156.9946289062,613963.2634170519,-0.018888175
2025-10-12,1403492.2673233019,0.05834464016962656,32084820.079040527,0.0,32084.820079040517,0.0,789529.00390625,613963.2634170519,0.03899336
2025-10-13,1434559.2778213487,0.022135505283044372,32084820.079040527,0.0,32084.820079040517,0.0,820596.0144042969,613963.2634170519,0.0018024445
2025-10-14,1411101.2700088487,-0.016352065874981093,32084820.079040527,0.0,32084.820079040517,0.0,797138.0065917969,613963.2634170519,-0.01856327
2025-10-15,1380820.2672012316,-0.021459128023764942,32084820.079040527,0.0,32084.820079040517,0.0,766857.0037841797,613963.2634170519,-0.020038009
2025-10-16,1354629.275990294,-0.01896770480058474,32084820.079040527,0.0,32084.820079040517,0.0,740666.0125732422,613963.2634170519,-0.023193598
2025-10-17,1342844.283009337,-0.008699792031544334,32084820.079040527,0.0,32084.820079040517,0.0,728881.0195922852,613963.2634170519,-0.016291082
2025-10-18,1359248.25487213,0.012215840712395473,32084820.079040527,0.0,32084.820079040517,0.0,745284.9914550781,613963.2634170519,0.0070780516
2025-10-19,1369155.2723892198,0.007288600505153371,32084820.079040527,0.0,32084.820079040517,0.0,755192.008972168,613963.2634170519,0.013600588
2025-10-20,1372334.273243712,0.0023218702207126072,32084820.079040527,0.0,32084.820079040517,0.0,758371.0098266602,613963.2634170519,0.017390132
2025-10-21,1353965.2775772081,-0.01338521963973552,32084820.079040527,0.0,32084.820079040517,0.0,740002.0141601562,613963.2634170519,-0.020215154
2025-10-22,1336744.2570693956,-0.012718952836536455,32084820.079040527,0.0,32084.820079040517,0.0,722780.9936523438,613963.2634170519,-0.006742835
2025-10-23,1363208.279896544,0.01979737162676629,32084820.079040527,0.0,32084.820079040517,0.0,749245.0164794922,613963.2634170519,0.02334106
2025-10-24,1375272.244740294,0.008849685716892472,32084820.079040527,0.0,32084.820079040517,0.0,761308.9813232422,613963.2634170519,0.008418679
2025-10-25,1377641.2632949816,0.001722581520675468,32084820.079040527,0.0,32084.820079040517,0.0,763677.9998779297,613963.2634170519,0.005777955
2025-10-26,1409866.257191466,0.02339142616809405,32084820.079040527,0.0,32084.820079040517,0.0,795902.9937744141,613963.2634170519,0.02609241
2025-10-27,1403202.2414871203,-0.004698324873584252,32124826.078796387,0.028375740997982044,32124.826078796377,2.837574099798256e-05,829284.9838256836,573917.2576614367,-0.0039433837
2025-10-28,1379552.2399612414,-0.016854307117422022,32124826.078796387,0.0,32124.826078796377,0.0,805634.9822998047,573917.2576614367,-0.010596991
2025-10-29,1378586.3430618274,-0.00041171177779345826,32522745.07293701,0.2884406857632333,32522.745072937003,0.0002884406857632338,407148.01025390625,971438.3328079211,-0.025484502
2025-10-30,1359287.3379348742,-0.013999126876659908,32522745.07293701,0.0,32522.745072937003,0.0,387849.0051269531,971438.3328079211,-0.015437067
2025-10-31,1364579.3469070422,0.0038932231798818667,32522745.07293701,0.0,32522.745072937003,0.0,393141.0140991211,971438.3328079211,0.011863828
2025-11-01,1362773.345625304,-0.0013234857216854166,32522745.07293701,0.0,32522.745072937003,0.0,391335.0128173828,971438.3328079211,0.004471302
2025-11-02,1365629.3469070422,0.002095727283562194,32522745.07293701,0.0,32522.745072937003,0.0,394191.0140991211,971438.3328079211,0.0040198565
2025-11-03,1320164.327680968,-0.03329235661861403,32522745.07293701,0.0,32522.745072937003,0.0,348725.9948730469,971438.3328079211,-0.035802543
2025-11-04,1297001.3302444445,-0.017545541074581304,32522745.07293701,0.0,32522.745072937003,0.0,325562.99743652344,971438.3328079211,-0.047716975
2025-11-05,1312415.3225540149,0.011884330378184926,32522745.07293701,0.0,32522.745072937003,0.0,340976.98974609375,971438.3328079211,0.023527145
2025-11-06,1297526.3302444445,-0.011344726058665417,32522745.07293701,0.0,32522.745072937003,0.0,326087.99743652344,971438.3328079211,-0.0244416
2025-11-07,1311197.3187088,0.010536193482701775,32522745.07293701,0.0,32522.745072937003,0.0,339758.9859008789,971438.3328079211,0.019665718
2025-11-08,1303280.341780089,-0.006037975227486867,32522745.07293701,0.0,32522.745072937003,0.0,331842.00897216797,971438.3328079211,-0.009929836
2025-11-09,1316951.3302444445,0.010489675955430211,32522745.07293701,0.0,32522.745072937003,0.0,345512.99743652344,971438.3328079211,0.023555398
2025-11-10,1322789.327680968,0.0044329636961145885,32522745.07293701,0.0,32522.745072937003,0.0,351350.9948730469,971438.3328079211,0.01230073
2025-11-11,1296161.3430618274,-0.020130177997295422,32522745.07293701,0.0,32522.745072937003,0.0,324723.01025390625,971438.3328079211,-0.027847469
2025-11-12,1293620.3289627063,-0.001960414968956443,32522745.07293701,0.0,32522.745072937003,0.0,322181.99615478516,971438.3328079211,-0.013629317
2025-11-13,1275371.3238357531,-0.01410692512971418,32522745.07293701,0.0,32522.745072937003,0.0,303932.99102783203,971438.3328079211,-0.019304097
2025-11-14,1263170.3289627063,-0.009566621614442198,32522745.07293701,0.0,32522.745072937003,0.0,291731.99615478516,971438.3328079211,-0.051137745
2025-11-15,1264619.3340896594,0.0011471177668834441,32522745.07293701,0.0,32522.745072937003,0.0,293181.0012817383,971438.3328079211,0.010595202
2025-11-16,1259495.3289627063,-0.004051816217598521,32522745.07293701,0.0,32522.745072937003,0.0,288056.99615478516,971438.3328079211,-0.0139629245
2025-11-17,1246517.3443435656,-0.010304114926594462,32522745.07293701,0.0,32522.745072937003,0.0,275079.01153564453,971438.3328079211,-0.021708727
2025-11-18,1266887.3379348742,0.01634152439494192,32522745.07293701,0.0,32522.745072937003,0.0,295449.0051269531,971438.3328079211,0.008086443
2025-11-19,1259264.327680968,-0.006017117722821632,32522745.07293701,0.0,32522.745072937003,0.0,287825.9948730469,971438.3328079211,-0.015123248
2025-11-20,1252145.3289627063,-0.005653299757463869,32522745.07293701,0.0,32522.745072937003,0.0,280706.99615478516,971438.3328079211,-0.05371344
2025-11-21,1241666.3174270617,-0.0083688460862011,32522745.07293701,0.0,32522.745072937003,0.0,270227.9846191406,971438.3328079211,-0.017403543
2025-11-22,1239377.3251174914,-0.0018434842577621689,32522745.07293701,0.0,32522.745072937003,0.0,267938.9923095703,971438.3328079211,-0.004577577
2025-11-23,1245656.336653136,0.005066263040635578,32522745.07293701,0.0,32522.745072937003,0.0,274218.00384521484,971438.3328079211,0.024666786
2025-11-24,1262162.3379348742,0.013250846799436724,32522745.07293701,0.0,32522.745072937003,0.0,290724.0051269531,971438.3328079211,0.016929746
2025-11-25,1263254.3469070422,0.0008651890009289081,32522745.07293701,0.0,32522.745072937003,0.0,291816.0140991211,971438.3328079211,-0.010532796
2025-11-26,1271780.341780089,0.006749230583628673,32522745.07293701,0.0,32522.745072937003,0.0,300342.00897216797,971438.3328079211,0.035642266
2025-11-27,1267223.345625304,-0.003583162913500304,32522745.07293701,0.0,32522.745072937003,0.0,295785.0128173828,971438.3328079211,0.009393096
2025-11-28,1259831.336653136,-0.0058332329479934145,32522745.07293701,0.0,32522.745072937003,0.0,288393.00384521484,971438.3328079211,-0.00485307
2025-11-29,1256849.3404983508,-0.0023669804584374905,32522745.07293701,0.0,32522.745072937003,0.0,285411.0076904297,971438.3328079211,-0.0009711385
2025-11-30,1251746.3238357531,-0.0040601657638410895,32522745.07293701,0.0,32522.745072937003,0.0,280307.99102783203,971438.3328079211,-0.004872501
2025-12-01,1237424.3404983508,-0.011441602075982283,32522745.07293701,0.0,32522.745072937003,0.0,265986.0076904297,971438.3328079211,-0.045086265
2025-12-02,1262666.3174270617,0.020398804276425642,32522745.07293701,0.0,32522.745072937003,0.0,291227.9846191406,971438.3328079211,0.057852626
2025-12-03,1297691.523863219,0.0280422586341303,32905554.078674316,0.3031751147978316,32905.55407867431,0.0003031751147978316,709445.0057983398,588246.5180648791,0.023577094
2025-12-04,1276899.5042098986,-0.016022312907941795,32905554.078674316,0.0,32905.55407867431,0.0,688652.9861450195,588246.5180648791,-0.014469564
2025-12-05,1250307.5028671252,-0.020825445741893094,32905554.078674316,0.0,32905.55407867431,0.0,662060.9848022461,588246.5180648791,-0.029844522
2025-12-06,1251575.6228149403,0.001302082028584493,33265437.060546875,0.28783557728582604,33265.437060546865,0.0002878355772858249,303806.005859375,947769.6169555652,-0.0010438561
2025-12-07,1253754.6267211903,0.0017410085867198058,33265437.060546875,0.0,33265.437060546865,0.0,305985.009765625,947769.6169555652,0.012982607
2025-12-08,1260185.6081665028,0.0051293780363792195,33265437.060546875,0.0,33265.437060546865,0.0,312415.9912109375,947769.6169555652,0.0026443005
2025-12-09,1279573.6208618153,0.015385045321633959,33265437.060546875,0.0,33265.437060546865,0.0,331804.00390625,947769.6169555652,0.02255714
2025-12-10,1275464.355578612,-0.0029205168311221257,33637686.04736328,0.29091642774386833,33637.68604736327,0.0002909164277438672,700315.9744262695,575148.3811523425,-0.0071583986
2025-12-11,1267195.755213927,-0.006472132544613151,33651312.046813965,0.010683167578212865,33651.31204681395,1.0683167578212865e-05,705686.9995117188,561508.7557022083,0.00541234
2025-12-12,1240350.7784072864,-0.021184553922459024,33651312.046813965,0.0,33651.31204681395,0.0,678842.0227050781,561508.7557022083,-0.024266362
2025-12-13,1242986.35754547,0.002423478250745678,34021696.043395996,0.2986122982545592,34021.69604339598,0.000298612298254558,311463.9892578125,931522.3682876575,-0.00031477213
2025-12-14,1237872.3682876574,-0.004114276256346944,34021696.043395996,0.0,34021.69604339598,0.0,306350.0,931522.3682876575,-0.022914827
2025-12-15,1228007.3780532824,-0.007969311285315457,34021696.043395996,0.0,34021.69604339598,0.0,296485.009765625,931522.3682876575,-0.019735157
2025-12-16,1227752.37317047,-0.0002076574517139713,34021696.043395996,0.0,34021.69604339598,0.0,296230.0048828125,931522.3682876575,0.016560316
2025-12-17,1214871.367311095,-0.010491534075484544,34021696.043395996,0.0,34021.69604339598,0.0,283348.9990234375,931522.3682876575,-0.018440008
2025-12-18,1214379.375123595,-0.0004049747164499716,34021696.043395996,0.0,34021.69604339598,0.0,282857.0068359375,931522.3682876575,-0.008427501
2025-12-19,1229472.3682876574,0.012428565136431433,34021696.043395996,0.0,34021.69604339598,0.0,297950.0,931522.3682876575,0.030643582
2025-12-20,1229315.36145172,-0.00012770261454201742,34021696.043395996,0.0,34021.69604339598,0.0,297792.9931640625,931522.3682876575,0.0025410652
2025-12-21,1231724.3702407824,0.001959634496243226,34021696.043395996,0.0,34021.69604339598,0.0,300202.001953125,931522.3682876575,0.0033720732
2025-12-22,1232471.367311095,0.0006064644723774314,34021696.043395996,0.0,34021.69604339598,0.0,300948.9990234375,931522.3682876575,-0.00042939186
2025-12-23,1228024.3702407824,-0.0036081950366235235,34021696.043395996,0.0,34021.69604339598,0.0,296502.001953125,931522.3682876575,-0.012804985
2025-12-24,1226269.36535797,-0.0014291287089590828,34021696.043395996,0.0,34021.69604339598,0.0,294746.9970703125,931522.3682876575,0.0020968914
2025-12-25,1221917.363404845,-0.0035489771465134603,34021696.043395996,0.0,34021.69604339598,0.0,290394.9951171875,931522.3682876575,-0.005066514
2025-12-26,1224321.367311095,0.001967403016151025,34021696.043395996,0.0,34021.69604339598,0.0,292798.9990234375,931522.3682876575,0.0016542673
2025-12-27,1226427.37317047,0.0017201413906548875,34021696.043395996,0.0,34021.69604339598,0.0,294905.0048828125,931522.3682876575,0.005807996
2025-12-28,1226613.359498595,0.00015164887232107502,34021696.043395996,0.0,34021.69604339598,0.0,295090.9912109375,931522.3682876575,0.00086152554
2025-12-29,1225312.3585220324,-0.001060644714561329,34021696.043395996,0.0,34021.69604339598,0.0,293789.990234375,931522.3682876575,-0.008135915
2025-12-30,1228891.3624282824,0.0029208910539080682,34021696.043395996,0.0,34021.69604339598,0.0,297368.994140625,931522.3682876575,0.014310002
2025-12-31,1228593.9934341419,7.696974026856229e-17,34319065.03753662,0.24198151539858295,34319.06503753661,0.00024198151539858413,0.0,1228593.9934341419,-0.009462297
2026-01-01,1231550.8323501574,0.0026485591852475434,34616230.027770996,0.24187403798365092,34616.23002777099,0.0002418740379836533,300418.994140625,931131.8382095324,0.013586402
2026-01-02,1258910.764225768,0.022514678369643555,34984269.03839111,0.2988419161861079,34984.2690383911,0.00029884191618610674,696185.9756469727,562724.7885787952,0.013013363
2026-01-03,1262208.7851608265,0.0026197416280627976,34984269.03839111,0.0,34984.2690383911,0.0,699483.9965820312,562724.7885787952,0.007032275
2026-01-04,1266142.7695358265,0.0031167461526571015,34984269.03839111,0.0,34984.2690383911,0.0,703417.9809570312,562724.7885787952,0.009949684
2026-01-05,1285133.7699020375,0.014999098698145329,34984269.03839111,0.0,34984.2690383911,0.0,722408.9813232422,562724.7885787952,0.02545607
2026-01-06,1301210.0118606556,0.012520123068753285,34998060.038757324,0.010731178877403704,34998.060038757314,1.0731178877403705e-05,724708.0139160156,576501.9979446399,-0.0011905432
2026-01-07,1275265.9933059681,-0.019938379138037098,34998060.038757324,0.0,34998.060038757314,0.0,698763.9953613281,576501.9979446399,-0.025427878
2026-01-08,1274602.97450714,-0.0005199062801865605,34998060.038757324,0.0,34998.060038757314,0.0,698100.9765625,576501.9979446399,-0.002891302
2026-01-09,1266057.9915969837,-0.006704034967014259,34998060.038757324,0.0,34998.060038757314,0.0,689555.9936523438,576501.9979446399,-0.0050352216
2026-01-10,1265525.9847610462,-0.00042020732025587214,34998060.038757324,0.0,34998.060038757314,0.0,689023.9868164062,576501.9979446399,-0.0015068054
2026-01-11,1280006.9845169056,0.01144267279394792,34998060.038757324,0.0,34998.060038757314,0.0,703504.9865722656,576501.9979446399,0.00562346
2026-01-12,1275893.0013626087,-0.0032140318014354866,34998060.038757324,0.0,34998.060038757314,0.0,699391.0034179688,576501.9979446399,0.0031045675
2026-01-13,1316511.9893997181,0.03183573230179155,34998060.038757324,0.0,34998.060038757314,0.0,740009.9914550781,576501.9979446399,0.04510367
2026-01-14,1322725.9969680775,0.0047200539139736495,34998060.038757324,0.0,34998.060038757314,0.0,746223.9990234375,576501.9979446399,0.016116977
2026-01-15,1307090.9749954212,-0.011820302926301058,34998060.038757324,0.0,34998.060038757314,0.0,730588.9770507812,576501.9979446399,-0.013893366
2026-01-16,1311821.9991653431,0.0036195064157171215,34998060.038757324,0.0,34998.060038757314,0.0,735320.0012207031,576501.9979446399,-0.0005633831
2026-01-17,1309974.0072219837,-0.0014087215678157358,34998060.038757324,0.0,34998.060038757314,0.0,733472.0092773438,576501.9979446399,-0.004219353
2026-01-18,1290940.9872024525,-0.014529311203581752,34998060.038757324,0.0,34998.060038757314,0.0,714438.9892578125,576501.9979446399,-0.01549834
2026-01-19,1269089.00966339,-0.016927169991261228,34998060.038757324,0.0,34998.060038757314,0.0,692587.01171875,576501.9979446399,-0.011125267
2026-01-20,1243748.3610549914,-0.019673180061802662,35371692.04559326,0.29440961507896024,35371.69204559325,0.00029440961507895796,293987.98828125,949760.3727737414,-0.045377314
2026-01-21,1247987.3747268664,0.0034082566897047557,35371692.04559326,0.0,35371.69204559325,0.0,298227.001953125,949760.3727737414,0.0116147995
2026-01-22,1245029.3669143664,-0.002370222545838965,35371692.04559326,0.0,35371.69204559325,0.0,295268.994140625,949760.3727737414,0.0011731386
2026-01-23,1245401.3639846789,0.0002987857798362166,35371692.04559326,0.0,35371.69204559325,0.0,295640.9912109375,949760.3727737414,0.0004531145
2026-01-24,1245082.3698440539,-0.0002561376194453279,35371692.04559326,0.0,35371.69204559325,0.0,295321.9970703125,949760.3727737414,-0.0041843057
2026-01-25,1231449.3620315539,-0.010949482654876504,35371692.04559326,0.0,35371.69204559325,0.0,281688.9892578125,949760.3727737414,-0.028635204
2026-01-26,1242795.3825393664,0.009213550193484753,35371692.04559326,0.0,35371.69204559325,0.0,293035.009765625,949760.3727737414,0.01934588
2026-01-27,1252437.3747268664,0.007758310276144419,35371692.04559326,0.0,35371.69204559325,0.0,302677.001953125,949760.3727737414,0.01022017
2026-01-28,1250838.3757034289,-0.0012767097626627537,35371692.04559326,0.0,35371.69204559325,0.0,301078.0029296875,949760.3727737414,0.00056016445
2026-01-29,1232019.3815628039,-0.01504510455241017,35371692.04559326,0.0,35371.69204559325,0.0,282259.0087890625,949760.3727737414,-0.052069843
2026-01-30,1220498.3610549914,-0.009351330571762762,35371692.04559326,0.0,35371.69204559325,0.0,270737.98828125,949760.3727737414,-0.004603207
2026-01-31,1194955.3678909289,-0.020928330573081057,35371692.04559326,0.0,35371.69204559325,0.0,245194.9951171875,949760.3727737414,-0.065504014
2026-02-01,1176775.3630081164,-0.015213961434308485,35371692.04559326,0.0,35371.69204559325,0.0,227014.990234375,949760.3727737414,-0.022515357
2026-02-02,1184462.3747268664,0.006532267721088398,35371692.04559326,0.0,35371.69204559325,0.0,234702.001953125,949760.3727737414,0.02300167
2026-02-03,1173132.3698440539,-0.00956552535949077,35371692.04559326,0.0,35371.69204559325,0.0,223371.9970703125,949760.3727737414,-0.0376994
2026-02-04,1164586.3737503039,-0.007284767101675006,35371692.04559326,0.0,35371.69204559325,0.0,214826.0009765625,949760.3727737414,-0.03437209
2026-02-05,1132443.3683792101,-0.02760036189293887,35371692.04559326,0.0,35371.69204559325,0.0,182682.99560546875,949760.3727737414,-0.14017433
2026-02-06,1156098.3610549914,0.020888455296124032,35371692.04559326,0.0,35371.69204559325,0.0,206337.98828125,949760.3727737414,0.121926785
2026-02-07,1158468.3805862414,0.002050015475402328,35371692.04559326,0.0,35371.69204559325,0.0,208708.0078125,949760.3727737414,-0.018289447
2026-02-08,1158734.3717971789,0.00022960593089549453,35371692.04559326,0.0,35371.69204559325,0.0,208973.9990234375,949760.3727737414,0.015023947
2026-02-09,1160262.3747268664,0.0013186826652234294,35371692.04559326,0.0,35371.69204559325,0.0,210502.001953125,949760.3727737414,-0.002735436
2026-02-10,1152027.3771682726,-0.007097530470668175,35371692.04559326,0.0,35371.69204559325,0.0,202267.00439453125,949760.3727737414,-0.01848799
2026-02-11,1143878.3781448351,-0.007073615770718966,35371692.04559326,0.0,35371.69204559325,0.0,194118.00537109375,949760.3727737414,-0.0255481
2026-02-12,1144545.3703323351,0.0005830971196271245,35371692.04559326,0.0,35371.69204559325,0.0,194784.99755859375,949760.3727737414,-0.012079895
2026-02-13,1154632.3698440539,0.00881310586122929,35371692.04559326,0.0,35371.69204559325,0.0,204871.9970703125,949760.3727737414,0.038957357
2026-02-14,1158419.3815628039,0.0032798419805790467,35371692.04559326,0.0,35371.69204559325,0.0,208659.0087890625,949760.3727737414,0.0140731335
2026-02-15,1146418.3683792101,-0.010359817329198504,35371692.04559326,0.0,35371.69204559325,0.0,196657.99560546875,949760.3727737414,-0.014184117
2026-02-16,1149593.3683792101,0.0027694950530919786,35371692.04559326,0.0,35371.69204559325,0.0,199832.99560546875,949760.3727737414,0.00086951256
2026-02-17,1148926.3761917101,-0.0005801983604345071,35371692.04559326,0.0,35371.69204559325,0.0,199166.00341796875,949760.3727737414,-0.020160496
2026-02-18,1145351.3761917101,-0.0031116005986822908,35371692.04559326,0.0,35371.69204559325,0.0,195591.00341796875,949760.3727737414,-0.015443981
2026-02-19,1144668.3683792101,-0.0005963303722312702,35371692.04559326,0.0,35371.69204559325,0.0,194907.99560546875,949760.3727737414,0.008166075
2026-02-20,1146648.3732620226,0.0017297629055794406,35371692.04559326,0.0,35371.69204559325,0.0,196888.00048828125,949760.3727737414,0.015167475
2026-02-21,1147095.3703323351,0.0003898292455958998,35371692.04559326,0.0,35371.69204559325,0.0,197334.99755859375,949760.3727737414,-0.0006480217
2026-02-22,1145542.3674026476,-0.0013538568543237741,35371692.04559326,0.0,35371.69204559325,0.0,195781.99462890625,949760.3727737414,-0.0048918724
2026-02-23,1135390.3776565539,-0.008862168728959301,35371692.04559326,0.0,35371.69204559325,0.0,185630.0048828125,949760.3727737414,-0.044163644
2026-02-24,1134954.3669143664,-0.0003840183524255563,35371692.04559326,0.0,35371.69204559325,0.0,185193.994140625,949760.3727737414,-0.009246945
2026-02-25,1155508.3708206164,0.018109982661356484,35371692.04559326,0.0,35371.69204559325,0.0,205747.998046875,949760.3727737414,0.061348796
2026-02-26,1152528.3781448351,-0.0025789451215008728,35371692.04559326,0.0,35371.69204559325,0.0,202768.00537109375,949760.3727737414,-0.0073962808
2026-02-27,1126160.708589171,-0.02257994686682262,35715332.0602417,0.2981618684318879,35715.332060241686,0.00029816186843188795,520383.9904785156,605776.7181106554,-0.023902714
2026-02-28,1139627.7129837023,0.01195833267118901,35715332.0602417,0.0,35715.332060241686,0.0,533850.9948730469,605776.7181106554,0.0167166
2026-03-01,1136431.2619827257,-0.0026324386164194185,35911783.06121826,0.1723817337349815,35911.78306121825,0.00017238173373498405,334399.9938964844,802031.2680862413,-0.017869651
2026-03-02,1148591.265644835,0.010700166449921378,35911783.06121826,0.0,35911.78306121825,0.0,346559.99755859375,802031.2680862413,0.046423793
2026-03-03,1145254.547273253,-0.002728546236367638,36114517.05780029,0.17650665005554744,36114.51705780028,0.00017650665005554492,546160.009765625,599094.5375076281,-0.0071489215
2026-03-04,1175222.5343338,0.026167097202886402,36114517.05780029,0.0,36114.51705780028,0.0,576127.9968261719,599094.5375076281,0.063343525
2026-03-05,1161660.4492187486,-0.011532283222150039,36123603.05786133,0.0077313017710179885,36123.60305786131,7.73130177101675e-06,553488.9976501465,608171.4515686022,-0.024441063
2026-03-06,1136369.4450378404,-0.021771425719036196,36123603.05786133,0.0,36123.60305786131,0.0,528197.9934692383,608171.4515686022,-0.039168656
2026-03-07,1130244.1245727525,-0.005208678819479837,36329940.06347656,0.18157563679333483,36329.94006347655,0.00018157563679333484,332880.0048828125,797364.1196899401,-0.012495458
2026-03-08,1123724.1050415025,-0.005768682525746069,36329940.06347656,0.0,36329.94006347655,0.0,326359.9853515625,797364.1196899401,-0.019203782
2026-03-09,1137204.1160278306,0.011995836812480114,36329940.06347656,0.0,36329.94006347655,0.0,339839.9963378906,797364.1196899401,0.037303448
2026-03-10,1145038.8156127916,0.007064691789978216,36529237.060546875,0.17525173736307084,36529.23706054686,0.00017525173736307082,547170.9899902344,597867.8256225573,0.022160292
2026-03-11,1149384.8300170884,0.003795517099541306,36529237.060546875,0.0,36529.23706054686,0.0,551517.0043945312,597867.8256225573,0.0034772158
2026-03-12,1152579.8129272447,0.002779732972557806,36529237.060546875,0.0,36529.23706054686,0.0,554711.9873046875,597867.8256225573,0.0049790144
2026-03-13,1159809.8239135728,0.006272893994183214,36529237.060546875,0.0,36529.23706054686,0.0,561941.9982910156,597867.8256225573,0.005509615
2026-03-14,1159603.8119506822,-0.00017762564055154675,36529237.060546875,0.0,36529.23706054686,0.0,561735.986328125,597867.8256225573,0.0039750338
2026-03-15,1184897.842712401,0.021812648855620096,36529237.060546875,0.0,36529.23706054686,0.0,587030.0170898438,597867.8256225573,0.022514343
2026-03-16,1217566.579547118,0.027578721689346903,36538468.060302734,0.0077905448242932855,36538.46806030272,7.790544824295742e-06,610476.985168457,607089.5943786608,0.02842033
2026-03-17,1207993.9753173813,-0.007854178482009156,36548087.060546875,0.007900184191749478,36548.087060546866,7.900184191751868e-06,591294.9996948242,616698.9756225572,-0.013024211
2026-03-18,1179341.9718383774,-0.02371866421889732,36548087.060546875,0.0,36548.087060546866,0.0,562642.9962158203,616698.9756225572,-0.036028206
2026-03-19,1168134.972132109,-0.009495119289991194,36557094.06051636,0.007637309774909617,36557.09406051635,7.637309774909617e-06,560452.0034790039,607682.9686531053,-0.018478632
2026-03-20,1172680.9514411911,0.0038916558595832435,36557094.06051636,0.0,36557.09406051635,0.0,564997.9827880859,607682.9686531053,0.0083043575
2026-03-21,1157653.9708503708,-0.012814210525337336,36557094.06051636,0.0,36557.09406051635,0.0,549971.0021972656,607682.9686531053,-0.022586763
2026-03-22,1149251.9460090622,-0.007257803327134765,36557094.06051636,0.0,36557.09406051635,0.0,541568.977355957,607682.9686531053,-0.015367746
2026-03-23,1179462.9727729782,0.02628755763157767,36557094.06051636,0.0,36557.09406051635,0.0,571780.004119873,607682.9686531053,0.044908643
2026-03-24,1177425.9786018357,-0.0017270522417109032,36557094.06051636,0.0,36557.09406051635,0.0,569743.0099487305,607682.9686531053,-0.0049319863
2026-03-25,1182214.9587043747,0.004067330082376693,36557094.06051636,0.0,36557.09406051635,0.0,574531.9900512695,607682.9686531053,0.011051893
2026-03-26,1151192.9570564255,-0.02624057614864489,36557094.06051636,0.0,36557.09406051635,0.0,543509.9884033203,607682.9686531053,-0.03527254
2026-03-27,1131086.9710334763,-0.017465348358592963,36557094.06051636,0.0,36557.09406051635,0.0,523404.0023803711,607682.9686531053,-0.03506279
2026-03-28,1127307.9533943161,-0.003341049570845344,36557094.06051636,0.0,36557.09406051635,0.0,519624.98474121094,607682.9686531053,-0.0004554987
2026-03-29,1123762.9796394333,-0.0031446365158774247,36557094.06051636,0.0,36557.09406051635,0.0,516080.0109863281,607682.9686531053,-0.005515456
2026-03-30,1132236.9702705368,0.00754072770204839,36557094.06051636,0.0,36557.09406051635,0.0,524554.0016174316,607682.9686531053,0.011913776
2026-03-31,1142705.9499153122,0.00924627963903522,36557094.06051636,0.0,36557.09406051635,0.0,535022.981262207,607682.9686531053,0.02226305
2026-04-01,1138319.9796089157,-0.0038382317924585373,36557094.06051636,0.0,36557.09406051635,0.0,530637.0109558105,607682.9686531053,-0.0024977326
2026-04-02,1129724.3293525681,-0.0072730070587625865,36873735.07003784,0.2781652041548725,36873.73507003783,0.00027816520415486996,205716.9921875,924007.3371650681,-0.017792702
2026-04-03,1129390.3449775681,-0.0002956335154713385,36873735.07003784,0.0,36873.73507003783,0.0,205383.0078125,924007.3371650681,0.00093126297
2026-04-04,1130559.3391181931,0.0010350665257796395,36873735.07003784,0.0,36873.73507003783,0.0,206552.001953125,924007.3371650681,0.0050194263
2026-04-05,1135024.3293525681,0.003949363894386628,36873735.07003784,0.0,36873.73507003783,0.0,211016.9921875,924007.3371650681,0.025761485
2026-04-06,1134723.3283760056,-0.00026519341372549667,36873735.07003784,0.0,36873.73507003783,0.0,210715.9912109375,924007.3371650681,-0.002614975
2026-04-07,1148008.3381416306,0.011707708331543913,36873735.07003784,0.0,36873.73507003783,0.0,224001.0009765625,924007.3371650681,0.04459548
2026-04-08,1130705.1057197556,-0.014774276342885006,37215975.06027222,0.2981162931171608,37215.975060272205,0.00029811629311716077,549279.9987792969,581425.1069404588,-0.011877656
2026-04-09,1130354.852301787,-1.7699953447751843e-05,37546215.05050659,0.2920655337663477,37546.21505050658,0.0002920655337663477,219019.9951171875,911334.8571845994,0.010103226
2026-04-10,1135839.862067412,0.004852467129641329,37546215.05050659,0.0,37546.21505050658,0.0,224505.0048828125,911334.8571845994,0.016363978
2026-04-11,1139894.530097197,0.003868492543580578,37885535.05783081,0.29873930177675007,37885.5350578308,0.0002987393017767501,568219.0002441406,571675.5298530564,0.0011026859
2026-04-12,1116960.515204619,-0.020119418320765674,37885535.05783081,0.0,37885.5350578308,0.0,545284.9853515625,571675.5298530564,-0.0315181
2026-04-13,1134455.3696052537,0.015954918872877255,38211695.06149292,0.29200674439450464,38211.69506149291,0.0002920067443945046,236945.99609375,897509.3735115037,0.051978588
2026-04-14,1118534.9750732407,-0.013736111566120018,38549084.06982422,0.2974017465743911,38549.08406982421,0.00029740174657439365,558751.9989013672,559782.9761718735,-0.0038491488
2026-04-15,1126997.6052703843,0.007573301135899703,38557456.06994629,0.007484790649056031,38557.45606994628,7.484790649057332e-06,575595.0012207031,551402.6040496811,0.009151936
2026-04-16,1142419.6084442125,0.01368414901833633,38557456.06994629,0.0,38557.45606994628,0.0,591017.0043945312,551402.6040496811,0.004602313
2026-04-17,1148363.7061370835,0.005210873175342176,38566362.06970215,0.007795734325663301,38566.36206970214,7.795734325662027e-06,588064.0083312988,560299.6978057846,0.025516987
2026-04-18,1131355.7189239487,-0.014810627610608649,38566362.06970215,0.0,38566.36206970214,0.0,571056.0211181641,560299.6978057846,-0.017908454
2026-04-19,1112159.7045196518,-0.016967266866829936,38566362.06970215,0.0,38566.36206970214,0.0,551860.0067138672,560299.6978057846,-0.02496928
2026-04-20,1116892.179327391,0.004547915008919139,38891895.07446289,0.2927034700482533,38891.89507446288,0.0002927034700482533,231385.009765625,885507.1695617661,0.027630448
2026-04-21,1120774.5194847092,0.0037738389066588624,39224526.07803345,0.2978183657538653,39224.526078033436,0.0002978183657538627,568230.9844970703,552543.5349876389,0.006529212
2026-04-22,1128743.5525352464,0.007110291063898363,39224526.07803345,0.0,39224.526078033436,0.0,576200.0175476074,552543.5349876389,0.024131179
2026-04-23,1121437.5466758714,-0.006472688896397361,39224526.07803345,0.0,39224.526078033436,0.0,568894.0116882324,552543.5349876389,0.0010137558
2026-04-24,1120144.535201262,-0.0011529946348256999,39224526.07803345,0.0,39224.526078033436,0.0,567601.000213623,552543.5349876389,-0.010482609
2026-04-25,1120595.5361778245,0.0004026274845696287,39224526.07803345,0.0,39224.526078033436,0.0,568052.0011901855,552543.5349876389,0.0024260283
2026-04-26,1128514.5303184495,0.00706677287653264,39224526.07803345,0.0,39224.526078033436,0.0,575970.9953308105,552543.5349876389,0.01330173
2026-04-27,1113708.5259849534,-0.013119905801583313,39224526.07803345,0.0,39224.526078033436,0.0,561164.9909973145,552543.5349876389,-0.016352236
2026-04-28,1113146.3610183701,-8.98777857172949e-07,39785690.0680542,0.5038697082115482,39785.69006805419,0.0005038697082115482,0.0,1113146.3610183701,-0.013293624
2026-04-29,1113146.3610183701,0.0,39785690.0680542,0.0,39785.69006805419,0.0,0.0,1113146.3610183701,-0.007371664
2026-04-30,1113146.3610183701,0.0,39785690.0680542,0.0,39785.69006805419,0.0,0.0,1113146.3610183701,0.007476568
2026-05-01,1113146.3610183701,0.0,39785690.0680542,0.0,39785.69006805419,0.0,0.0,1113146.3610183701,0.02468431
2026-05-02,1113146.3610183701,0.0,39785690.0680542,0.0,39785.69006805419,0.0,0.0,1113146.3610183701,0.005825281
2026-05-03,1113146.3610183701,0.0,39785690.0680542,0.0,39785.69006805419,0.0,0.0,1113146.3610183701,-0.0015031695
2026-05-04,1115365.0970046981,0.002201867663044818,40017955.058288574,0.20865629028503105,40017.955058288564,0.00020865629028503236,234715.9912109375,880649.1057937607,0.01644981
2026-05-05,1116726.1077468856,0.0012202378807105233,40017955.058288574,0.0,40017.955058288564,0.0,236077.001953125,880649.1057937607,0.013079166
2026-05-06,1126311.223016356,0.008876856378821334,40345857.06176758,0.29362795514880663,40345.857061767565,0.000293627955148804,573892.0227050781,552419.2003112778,0.006692767
2026-05-07,1117521.199212645,-0.007804258382661336,40345857.06176758,0.0,40345.857061767565,0.0,565101.9989013672,552419.2003112778,-0.017692566
2026-05-08,1130934.1082824692,0.012207388177777018,40574963.06762695,0.20501267091916714,40574.96306762694,0.00020501267091916454,349638.0081176758,781296.1001647934,0.0023394823
2026-05-09,1135069.8876670823,0.0036650953878933387,40584165.06729126,0.008136636429050288,40584.165067291244,8.136636429050287e-06,344580.9898376465,790488.8978294358,0.006050706
2026-05-10,1151679.2681419358,0.014837873553877074,40816808.06045532,0.20495917977545455,40816.8080604553,0.00020495917977545199,594066.0064697266,557613.2616722092,0.018984914
2026-05-11,1151768.6371871934,8.597449646355253e-05,40826454.06036377,0.008375595684734049,40826.45406036375,8.37559568473405e-06,584519.0216064453,567249.6155807481,-0.005649209
2026-05-12,1134153.6072799668,-0.015293896133728155,40826454.06036377,0.0,40826.45406036375,0.0,566903.9916992188,567249.6155807481,-0.015183449
2026-05-13,1122731.1090621934,-0.009870798054905436,41053951.05743408,0.20058746505768038,41053.95105743406,0.00020058746505767782,328211.9934082031,794519.1156539903,-0.014792442
2026-05-14,1126259.1211471544,0.003142348204734304,41053951.05743408,0.0,41053.95105743406,0.0,331740.00549316406,794519.1156539903,0.022396922
2026-05-15,1115783.1079635606,-0.009301601191849508,41053951.05743408,0.0,41053.95105743406,0.0,321263.9923095703,794519.1156539903,-0.024377644
2026-05-16,1105785.1957054124,-0.008952447107792853,41062874.057769775,0.007997074227068123,41062.87405776975,7.997074227068122e-06,320198.0033874512,785587.1923179612,-0.0121997595
2026-05-17,1100975.1844139085,-0.004349860452269359,41062874.057769775,0.0,41062.87405776975,0.0,315387.99209594727,785587.1923179612,-0.008834183
2026-05-18,1101493.1821556077,0.0004704899338625592,41062874.057769775,0.0,41062.87405776975,0.0,315905.9898376465,785587.1923179612,-0.0058845878
2026-05-19,1097460.1957054124,-0.003661381219176328,41062874.057769775,0.0,41062.87405776975,0.0,311873.0033874512,785587.1923179612,-0.0021753907
2026-05-20,1104416.185543059,0.00633826161975323,41062874.057769775,0.0,41062.87405776975,0.0,318828.99322509766,785587.1923179612,0.009343028
2026-05-21,1108819.194576262,0.00398672990385241,41062874.057769775,0.0,41062.87405776975,0.0,323232.0022583008,785587.1923179612,0.000816226
2026-05-22,1097867.1979637132,-0.009877170837337607,41062874.057769775,0.0,41062.87405776975,0.0,312280.00564575195,785587.1923179612,-0.026747525
2026-05-23,1102862.1923179612,0.004549725470906311,41062874.057769775,0.0,41062.87405776975,0.0,317275.0,785587.1923179612,0.016051292
2026-05-24,1101086.179897307,-0.001610366583445507,41062874.057769775,0.0,41062.87405776975,0.0,315498.9875793457,785587.1923179612,0.0040774345
2026-05-25,1100309.1832847581,-0.0007056637588724389,41062874.057769775,0.0,41062.87405776975,0.0,314721.9909667969,785587.1923179612,0.003335476
2026-05-26,1095351.1968345628,-0.00450599388382292,41062874.057769775,0.0,41062.87405776975,0.0,309764.00451660156,785587.1923179612,-0.01800263
2026-05-27,1090615.2013511644,-0.004323723292661671,41062874.057769775,0.0,41062.87405776975,0.0,305028.0090332031,785587.1923179612,-0.01950097
2026-05-28,1089394.194576262,-0.0011195578178166204,41062874.057769775,0.0,41062.87405776975,0.0,303807.0022583008,785587.1923179612,-0.011172533
2026-05-29,1089135.1957054124,-0.0002377457784694284,41062874.057769775,0.0,41062.87405776975,0.0,303548.0033874512,785587.1923179612,-0.0021289587
2026-05-30,1091688.2047386155,0.0023440699035986888,41062874.057769775,0.0,41062.87405776975,0.0,306101.0124206543,785587.1923179612,0.0057663918
2026-05-31,1090615.2013511644,-0.0009828844745172296,41062874.057769775,0.0,41062.87405776975,0.0,305028.0090332031,785587.1923179612,-0.0028421879
2026-06-01,1086323.1878013597,-0.003935405947475615,41062874.057769775,0.0,41062.87405776975,0.0,300735.99548339844,785587.1923179612,-0.030750036
2026-06-02,1060238.2047386155,-0.024012175525350128,41062874.057769775,0.0,41062.87405776975,0.0,274651.0124206543,785587.1923179612,-0.065090895
2026-06-03,1050544.194576262,-0.009143237924295904,41062874.057769775,0.0,41062.87405776975,0.0,264957.0022583008,785587.1923179612,-0.039215803
2026-06-04,1040443.1821556077,-0.00961502854692234,41062874.057769775,0.0,41062.87405776975,0.0,254855.98983764648,785587.1923179612,-0.0040029883
2026-06-05,1021055.1900596605,-0.01863435930809686,41062874.057769775,0.0,41062.87405776975,0.0,235467.99774169922,785587.1923179612,-0.044290125
2026-06-06,1015727.1951408372,-0.005218126278278774,41062874.057769775,0.0,41062.87405776975,0.0,230140.00282287598,785587.1923179612,-0.002814591
2026-06-07,1031637.1923179612,0.015663651867584383,41062874.057769775,0.0,41062.87405776975,0.0,246050.0,785587.1923179612,0.040197134
2026-06-08,1032821.1911888109,0.0011476892066961159,41062874.057769775,0.0,41062.87405776975,0.0,247233.9988708496,785587.1923179612,-0.0038846731
2026-06-09,1025939.1889305101,-0.006663304662038714,41062874.057769775,0.0,41062.87405776975,0.0,240351.99661254883,785587.1923179612,-0.02149427
2026-06-10,1019390.1872367845,-0.006383420932143737,41062874.057769775,0.0,41062.87405776975,0.0,233802.99491882324,785587.1923179612,-0.0035479069
2026-06-11,1033228.1934471116,0.013574788519239345,41062874.057769775,0.0,41062.87405776975,0.0,247641.0011291504,785587.1923179612,0.03438413
2026-06-12,1032821.1911888109,-0.0003939132331870643,41062874.057769775,0.0,41062.87405776975,0.0,247233.9988708496,785587.1923179612,-0.0007225871
2026-06-13,1040665.2013511644,0.0075947416932110046,41062874.057769775,0.0,41062.87405776975,0.0,255078.00903320312,785587.1923179612,0.013809323
2026-06-14,1049323.1878013597,0.008319665574436502,41062874.057769775,0.0,41062.87405776975,0.0,263735.99548339844,785587.1923179612,0.019988894
2026-06-15,1059313.2047386155,0.009520438558293827,41062874.057769775,0.0,41062.87405776975,0.0,273726.0124206543,785587.1923179612,0.008856535
2026-06-16,1056844.5678451525,-0.0021259320501173665,41279483.058166504,0.2044806006644433,41279.48305816648,0.00020448060066444054,488082.9849243164,568761.582920836,-0.009855986
2026-06-17,1046276.2407241808,-0.009992930315786122,41286836.05804443,0.0069575035929096436,41286.836058044406,6.95750359290689e-06,484875.01068115234,561401.2300430285,-0.017748117
2026-06-18,1036040.163642882,-0.009616022701423393,41461897.05657959,0.16731814383358992,41461.89705657956,0.00016731814383358855,299752.9960632324,736287.1675796496,-0.024048984
2026-06-19,1036169.1583938586,0.00012450748098702703,41461897.05657959,0.0,41461.89705657956,0.0,299881.990814209,736287.1675796496,0.009306192
2026-06-20,1051133.172828673,0.014441671336762912,41461897.05657959,0.0,41461.89705657956,0.0,314846.00524902344,736287.1675796496,0.011867404
2026-06-21,1044277.0541824328,-0.006356959159278428,41636005.05218506,0.16563837970875941,41636.00505218503,0.00016563837970875802,482271.9902038574,562005.0639785754,-0.015335202
2026-06-22,1041913.3510025012,-0.0021000262114424283,41806699.04632568,0.1634566166679414,41806.69904632565,0.00016345661666794002,309384.9868774414,732528.3641250598,0.011183143
2026-06-23,1026002.5475418079,-0.015104887994198408,41979518.04046631,0.16586695426672782,41979.518040466275,0.00016586695426672643,466465.9965515137,559536.5509902942,-0.020078719
2026-06-24,1018789.871469115,-0.006860599994975077,42153201.040649414,0.16928125626903298,42153.20104064938,0.00016928125626903157,299684.0026855469,719105.8687835681,-0.026406229
2026-06-25,1017073.8741546619,-0.0016843486203672433,42153201.040649414,0.0,42153.20104064938,0.0,297968.00537109375,719105.8687835681,-0.021022141
2026-06-26,1035465.8754974353,0.018083250204474967,42153201.040649414,0.0,42153.20104064938,0.0,316360.0067138672,719105.8687835681,0.0050718784
2026-06-27,1029305.8687835681,-0.005949019527956858,42153201.040649414,0.0,42153.20104064938,0.0,310200.0,719105.8687835681,-0.0011360049
2026-06-28,1033177.8566986072,0.0037617466609949197,42153201.040649414,0.0,42153.20104064938,0.0,314071.98791503906,719105.8687835681,-0.007529497
2026-06-29,1049809.8848968493,0.01609793327490358,42153201.040649414,0.0,42153.20104064938,0.0,330704.01611328125,719105.8687835681,0.011467457
2026-06-30,1043538.8267272938,-0.005959197241257078,42168235.0402832,0.014320687821744268,42168.235040283165,1.4320687821741497e-05,309413.9923095703,734124.8344177235,-0.027140617
2026-07-01,1059456.8305725087,0.015253868315696877,42168235.0402832,0.0,42168.235040283165,0.0,325331.99615478516,734124.8344177235,0.02386856
2026-07-02,1073190.8485168447,0.012963263389329753,42168235.0402832,0.0,42168.235040283165,0.0,339066.0140991211,734124.8344177235,0.025589705
2026-07-03,1085206.6204833973,0.011369807130100695,42354436.03515625,0.17350222015998143,42354.436035156206,0.00017350222015997602,505180.9814453125,580025.6390380848,0.016622186
2026-07-04,1085289.6527099598,7.651282713840606e-05,42354436.03515625,0.0,42354.436035156206,0.0,505264.013671875,580025.6390380848,0.008960009
2026-07-05,1084950.6268310535,-0.00031238285379364396,42354436.03515625,0.0,42354.436035156206,0.0,504924.98779296875,580025.6390380848,0.008013248
2026-07-06,1087741.6546630848,0.0025724929439262527,42354436.03515625,0.0,42354.436035156206,0.0,507716.015625,580025.6390380848,0.006158948
2026-07-07,1079490.641479491,-0.007585452987133608,42354436.03515625,0.0,42354.436035156206,0.0,499465.00244140625,580025.6390380848,-0.010587275
2026-07-08,1065699.6502685535,-0.012775461575133545,42354436.03515625,0.0,42354.436035156206,0.0,485674.01123046875,580025.6390380848,-0.016949534
2026-07-09,1066714.863026427,0.0009599287733639511,42362219.035339355,0.007303183576295791,42362.21903533931,7.30318357629306e-06,494480.00717163086,572234.8558547962,0.015090704
2026-07-10,1072252.8421524037,0.005191620851953352,42362219.035339355,0.0,42362.21903533931,0.0,500017.9862976074,572234.8558547962,0.014735341
2026-07-11,1065849.8605850209,-0.005971522122086136,42362219.035339355,0.0,42362.21903533931,0.0,493615.0047302246,572234.8558547962,-0.0053414702
2026-07-12,1068286.8532302845,0.002286431452855904,42362219.035339355,0.0,42362.21903533931,0.0,496051.9973754883,572234.8558547962,-0.0006111264
2026-07-13,1057447.8616836537,-0.010146143345166076,42362219.035339355,0.0,42362.21903533931,0.0,485213.0058288574,572234.8558547962,-0.022663534
2026-07-14,1068696.2596168506,0.010928179381850828,42669801.02157593,0.290872011171165,42669.801021575884,0.00029087201117116774,189186.99951171875,879509.2601051319,0.04346645
2026-07-15,1068597.984121703,0.00020678608549883897,42989068.032836914,0.29874438914519086,42989.06803283687,0.00029874438914518947,508675.00228881836,559922.9818328846,-0.0044231415
2026-07-16,1062925.1249267566,-0.0050121853864000575,43305916.02783203,0.2965081346803582,43305.91602783198,0.0002965081346803555,186470.99609375,876454.1288330066,-0.014301062
2026-07-17,1060647.1342041004,-0.002143133762891549,43305916.02783203,0.0,43305.91602783198,0.0,184193.00537109375,876454.1288330066,0.0015897751
2026-07-18,1062715.1273681629,0.001949746619184808,43305916.02783203,0.0,43305.91602783198,0.0,186260.99853515625,876454.1288330066,0.01411736
2026-07-19,1063677.1268798816,0.000905228021079518,43305916.02783203,0.0,43305.91602783198,0.0,187222.998046875,876454.1288330066,-0.0017225146
2026-07-20,1066931.1307861316,0.0030592026697002263,43305916.02783203,0.0,43305.91602783198,0.0,190477.001953125,876454.1288330066,0.008234739
2026-07-21,1069463.1254150379,0.002373156575758209,43305916.02783203,0.0,43305.91602783198,0.0,193008.99658203125,876454.1288330066,0.019931555
2026-07-22,1069879.1288330066,0.00038898341427836246,43305916.02783203,0.0,43305.91602783198,0.0,193425.0,876454.1288330066,-0.006635964
2026-07-23,1064292.1293212879,-0.005222084776822302,43305916.02783203,0.0,43305.91602783198,0.0,187838.00048828125,876454.1288330066,-0.015360057
2026-07-24,1062598.1229736316,-0.0015916742226934804,43305916.02783203,0.0,43305.91602783198,0.0,186143.994140625,876454.1288330066,-0.014731109
2026-07-25,1063943.1302978504,0.0012657723509381037,43305916.02783203,0.0,43305.91602783198,0.0,187489.00146484375,876454.1288330066,0.0036640167
2026-07-26,1071926.125903319,0.007503216457851384,43305916.02783203,0.0,43305.91602783198,0.0,195471.9970703125,876454.1288330066,0.015922189
2026-07-27,1065707.131762694,-0.005801700313428048,43305916.02783203,0.0,43305.91602783198,0.0,189253.0029296875,876454.1288330066,-0.02513957
2026-07-28,1068677.1268798816,0.002786877396865204,43305916.02783203,0.0,43305.91602783198,0.0,192222.998046875,876454.1288330066,0.0024961233
2026-07-29,1067526.125903319,-0.0010770334159981244,43305916.02783203,0.0,43305.91602783198,0.0,191071.9970703125,876454.1288330066,0.0010839701
2026-07-30,1068285.1346923816,0.0007109978581744237,43305916.02783203,0.0,43305.91602783198,0.0,191831.005859375,876454.1288330066,0.012436509
2026-07-31,1062714.1263916004,-0.0052149076308035044,43305916.02783203,0.0,43305.91602783198,0.0,186259.99755859375,876454.1288330066,-0.02920872
2026-08-01,1060948.1229736316,-0.0016617859630464666,43305916.02783203,0.0,43305.91602783198,0.0,184493.994140625,876454.1288330066,-0.0010214448
2026-08-02,1064990.1273681629,0.003809803992302938,43305916.02783203,0.0,43305.91602783198,0.0,188535.99853515625,876454.1288330066,0.011880279
2026-08-03,1062504.1288330066,-0.0023342925641007847,43305916.02783203,0.0,43305.91602783198,0.0,186050.0,876454.1288330066,-0.0007865429
2026-08-04,1063429.1288330066,0.0008705848522357902,43305916.02783203,0.0,43305.91602783198,0.0,186975.0,876454.1288330066,0.00923419
2026-08-05,1067344.1312744129,0.0036814888131779153,43305916.02783203,0.0,43305.91602783198,0.0,190890.00244140625,876454.1288330066,0.008714795
2026-08-06,1066864.1263916004,-0.00044971895075618433,43305916.02783203,0.0,43305.91602783198,0.0,190409.99755859375,876454.1288330066,-0.0052829385
2026-08-07,1067872.1342041004,0.0009448324182661695,43305916.02783203,0.0,43305.91602783198,0.0,191418.00537109375,876454.1288330066,0.009321332
2026-08-08,1068128.127856444,0.00023972313177227493,43305916.02783203,0.0,43305.91602783198,0.0,191673.9990234375,876454.1288330066,0.0006070137
2026-08-09,1068249.847288512,0.00041287501608419116,43625200.01373291,0.29891918167310966,43625.200013732865,0.0002989191816731124,511398.98834228516,556850.8589462268,-0.0009391904
2026-08-10,1063324.8533920276,-0.004610338966099788,43625200.01373291,0.0,43625.200013732865,0.0,506473.9944458008,556850.8589462268,-0.0143536925
2026-08-11,1064439.5591781605,0.00122448166747673,43812516.01715088,0.1761606557209934,43812.51601715083,0.00017616065572099204,320460.0128173828,743979.5463607776,-0.005784154
2026-08-12,1061625.5348251332,-0.002643667579585274,43812516.01715088,0.0,43812.51601715083,0.0,317645.98846435547,743979.5463607776,-0.0018869638
2026-08-13,1064355.5412338246,0.00257153423607231,43812516.01715088,0.0,43812.51601715083,0.0,320375.9948730469,743979.5463607776,0.00017130375
2026-08-14,1060659.552769469,-0.003472513010146024,43812516.01715088,0.0,43812.51601715083,0.0,316680.0064086914,743979.5463607776,-0.00704515
2026-08-15,1060449.5399520863,-0.0001980020986323574,43812516.01715088,0.0,43812.51601715083,0.0,316469.9935913086,743979.5463607776,0.0006734133
2026-08-16,1057341.5489242543,-0.0029308240616262213,43812516.01715088,0.0,43812.51601715083,0.0,313362.00256347656,743979.5463607776,-0.0029485226
2026-08-17,1063263.5322616566,0.00560082344577058,43812516.01715088,0.0,43812.51601715083,0.0,319283.9859008789,743979.5463607776,0.02594757
2026-08-18,1067824.2011581408,0.004469285129113973,44003875.01373291,0.17997325289149488,44003.87501373286,0.00017997325289149214,515395.01037597656,552429.1907821642,0.0029957294
2026-08-19,1136305.1841293322,0.06413132695149473,44003875.01373291,0.0,44003.87501373286,0.0,583875.993347168,552429.1907821642,0.0712142
2026-08-20,1152812.134144591,0.014541892658703157,44020953.01361084,0.015029412975014554,44020.95301361079,1.5029412975017115e-05,583322.021484375,569490.1126602159,0.05322528
2026-08-21,1196000.122425841,0.03746316247208512,44020953.01361084,0.0,44020.95301361079,0.0,626510.009765625,569490.1126602159,0.072754145
2026-08-22,1187010.7493576035,-0.007508361328509969,44030325.01373291,0.007836119701276562,44030.325013732865,7.836119701277779e-06,608158.0085754395,578852.7407821642,-0.016123712
2026-08-23,1197201.350335692,0.008593000513088686,44039708.013916016,0.007904730591684566,44039.70801391597,7.904730591687018e-06,608974.9923706055,588226.3579650865,0.008551002
2026-08-24,1212543.3684631335,0.01281490212414106,44039708.013916016,0.0,44039.70801391597,0.0,624317.0104980469,588226.3579650865,0.016193032
2026-08-25,1199798.4439125047,-0.01050273902073653,44049606.01425171,0.008163007273083198,44049.606014251665,8.163007273081998e-06,601683.9836120605,598114.4603004442,-0.0057424307
2026-08-26,1226451.4621009813,0.022214579726876387,44049606.01425171,0.0,44049.606014251665,0.0,628337.0018005371,598114.4603004442,0.006170273
2026-08-27,1253026.4521827684,0.02166819552423431,44049606.01425171,0.0,44049.606014251665,0.0,654911.9918823242,598114.4603004442,0.015512109
2026-08-28,1228727.6408287035,-0.019374675858972682,44071436.014556885,0.01742181920193942,44071.43601455684,1.742181920194058e-05,608805.0102233887,619922.6306053147,-0.029952943
2026-08-29,1235324.6249290453,0.005368955561130312,44071436.014556885,0.0,44071.43601455684,0.0,615401.9943237305,619922.6306053147,0.0049345493
2026-08-30,1217735.6188865649,-0.014238367541236982,44071436.014556885,0.0,44071.43601455684,0.0,597812.98828125,619922.6306053147,-0.0070049763
2026-08-31,1227397.612294768,0.007934393359568111,44071436.014556885,0.0,44071.43601455684,0.0,607474.9816894531,619922.6306053147,0.011576533
2026-09-01,1211779.6374412524,-0.012724462470084113,44071436.014556885,0.0,44071.43601455684,0.0,591857.0068359375,619922.6306053147,-0.014536381
2026-09-02,1210651.6226776107,-0.0009226213487039327,44081437.01477051,0.008253150906827232,44081.43701477047,8.253150906829634e-06,600739.9932861328,609911.629391478,-0.0012783408
2026-09-03,1234846.639157103,0.019985118779240404,44081437.01477051,0.0,44081.43701477047,0.0,624935.009765625,609911.629391478,0.050819278
2026-09-04,1222444.6402557357,-0.010043351545121992,44081437.01477051,0.0,44081.43701477047,0.0,612533.0108642578,609911.629391478,-0.019805431
2026-09-05,1229393.6392791732,0.005684510197520084,44081437.01477051,0.0,44081.43701477047,0.0,619482.0098876953,609911.629391478,0.0021463633
2026-09-06,1244939.638424681,0.012645257506475186,44081437.01477051,0.0,44081.43701477047,0.0,635028.0090332031,609911.629391478,0.0063893795
2026-09-07,1232607.6315887435,-0.009905706634533822,44081437.01477051,0.0,44081.43701477047,0.0,622696.0021972656,609911.629391478,-0.015307367
2026-09-08,1230549.6451385482,-0.0016696200781612185,44081437.01477051,0.0,44081.43701477047,0.0,620638.0157470703,609911.629391478,-0.008294702
2026-09-09,1222376.616574095,-0.00664177068901021,44081437.01477051,0.0,44081.43701477047,0.0,612464.9871826172,609911.629391478,-0.001903832
2026-09-10,1208950.624752806,-0.010983514932507087,44081437.01477051,0.0,44081.43701477047,0.0,599038.9953613281,609911.629391478,-0.022191167
2026-09-11,1230410.619259642,0.01775092718217823,44081437.01477051,0.0,44081.43701477047,0.0,620498.9898681641,609911.629391478,0.008580327
2026-09-12,1228840.63024597,-0.0012759878605538718,44081437.01477051,0.0,44081.43701477047,0.0,618929.0008544922,609911.629391478,0.0006866455
2026-09-13,1223627.255084227,-0.0039443708602455545,44447809.00268555,0.2981444289010077,44447.809002685506,0.0002981444289010065,247710.009765625,975917.2453186021,-0.0056512356
2026-09-14,1227492.245318602,0.0031586336593237762,44447809.00268555,0.0,44447.809002685506,0.0,251575.0,975917.2453186021,0.01753211
2026-09-15,1215743.2462951646,-0.0095715464339964,44447809.00268555,0.0,44447.809002685506,0.0,239826.0009765625,975917.2453186021,-0.032545865
2026-09-16,1217743.2462951646,0.0016450841952811717,44447809.00268555,0.0,44447.809002685506,0.0,241826.0009765625,975917.2453186021,0.0074232817
2026-09-17,1220645.2482482896,0.0023830983764056893,44447809.00268555,0.0,44447.809002685506,0.0,244728.0029296875,975917.2453186021,0.002768755
2026-09-18,1237131.2345764146,0.013505960353168565,44447809.00268555,0.0,44447.809002685506,0.0,261213.9892578125,975917.2453186021,0.05845368
2026-09-19,1239186.239459227,0.0016611050027494616,44447809.00268555,0.0,44447.809002685506,0.0,263268.994140625,975917.2453186021,0.004526496
