trade_date,code,amount,direction,target_amount,cur_amount,total_value
2023-12-28,__CALL__,0.0,-1,0.0,0.0,0.0
2023-12-29,__CALL__,0.0,-1,0.0,0.0,0.0
2023-12-30,__CALL__,0.0,-1,0.0,0.0,0.0
2023-12-31,__CALL__,0.0,-1,0.0,0.0,0.0
2024-01-01,__CALL__,0.0,-1,0.0,0.0,0.0
2024-01-02,__CALL__,0.0,-1,0.0,0.0,0.0
2024-01-03,__CALL__,0.0,-1,0.0,0.0,0.0
2024-01-04,__CALL__,0.0,-1,0.0,0.0,0.0
2024-01-05,__CALL__,0.0,-1,0.0,0.0,0.0
2024-01-06,__CALL__,0.0,-1,0.0,0.0,0.0
2024-01-07,__CALL__,0.0,-1,0.0,0.0,0.0
2024-01-08,__CALL__,0.0,-1,0.0,0.0,0.0
2024-01-09,__CALL__,0.0,-1,0.0,0.0,0.0
2024-01-10,__CALL__,0.0,-1,0.0,0.0,0.0
2024-01-11,__CALL__,0.0,-1,0.0,0.0,0.0
2024-01-12,__CALL__,0.0,-1,0.0,0.0,0.0
2024-01-13,__CALL__,0.0,-1,0.0,0.0,0.0
2024-01-14,__CALL__,0.0,-1,0.0,0.0,0.0
2024-01-15,__CALL__,0.0,-1,0.0,0.0,0.0
2024-01-16,__CALL__,0.0,-1,1.0,0.0,0.0
2024-01-16,ETHUSDT,119.43673449392766,1,119.43673449392766,0.0,1000000.0
2024-01-17,__CALL__,0.0,-1,1.0,1.0,0.0
2024-01-17,ETHUSDT,2.47825188412736,0,116.9584826098003,119.43673449392766,1008731.7906995642
2024-01-18,__CALL__,0.0,-1,2.0,1.0,0.0
2024-01-18,ETHUSDT,1.850410864475677,1,118.80889347427598,116.9584826098003,1002034.1882246585
2024-01-18,SOLUSDT,2944.272879138114,1,2944.272879138114,0.0,1002034.1882246585
2024-01-19,__CALL__,0.0,-1,1.0,2.0,0.0
2024-01-19,ETHUSDT,0.7942564460598192,0,118.01463702821616,118.80889347427598,971972.5074353565
2024-01-19,SOLUSDT,2944.272879138114,0,0.0,2944.272879138114,971972.5074353565
2024-01-20,__CALL__,0.0,-1,1.0,1.0,0.0
2024-01-20,ETHUSDT,0.7358139800743402,0,117.27882304814182,118.01463702821616,974192.1770081264
2024-01-21,__CALL__,0.0,-1,1.0,1.0,0.0
2024-01-21,ETHUSDT,0.6629752821527148,1,117.94179833029453,117.27882304814182,971848.288706685
2024-01-22,__CALL__,0.0,-1,1.0,1.0,0.0
2024-01-22,ETHUSDT,0.5024670098619737,1,118.4442653401565,117.94179833029453,970082.2451225955
2024-01-23,__CALL__,0.0,-1,0.0,1.0,0.0
2024-01-23,ETHUSDT,118.4442653401565,0,0.0,118.4442653401565,953158.8644616392
2024-01-24,__CALL__,0.0,-1,0.0,0.0,0.0
2024-01-25,__CALL__,0.0,-1,0.0,0.0,0.0
2024-01-26,__CALL__,0.0,-1,0.0,0.0,0.0
2024-01-27,__CALL__,0.0,-1,0.0,0.0,0.0
2024-01-28,__CALL__,0.0,-1,1.0,0.0,0.0
2024-01-28,SOLUSDT,3032.4115705935687,1,3032.4115705935687,0.0,952884.7619341717
2024-01-29,__CALL__,0.0,-1,1.0,1.0,0.0
2024-01-29,SOLUSDT,38.9289075310121,0,2993.4826630625566,3032.4115705935687,957814.6481086866
2024-01-30,__CALL__,0.0,-1,2.0,1.0,0.0
2024-01-30,SOLUSDT,117.0769052612668,0,2876.40575780129,2993.4826630625566,974813.8937626695
2024-01-30,BTCUSDT,6.753484061330331,1,6.753484061330331,0.0,974813.8937626695
2024-01-31,__CALL__,0.0,-1,2.0,2.0,0.0
2024-01-31,SOLUSDT,2.764371054224739,0,2873.641386747065,2876.40575780129,971290.8033366039
2024-01-31,BTCUSDT,0.03225804584109948,1,6.785742107171431,6.753484061330331,971290.8033366039
2024-02-01,__CALL__,0.0,-1,2.0,2.0,0.0
2024-02-01,BTCUSDT,0.04962312420162718,0,6.736118982969804,6.785742107171431,956079.8209828475
2024-02-01,SOLUSDT,84.52640412688015,1,2958.1677908739453,2873.641386747065,956079.8209828475
2024-02-02,__CALL__,0.0,-1,2.0,2.0,0.0
2024-02-02,BTCUSDT,0.03760905956030758,0,6.698509923409496,6.736118982969804,961971.8762384809
2024-02-02,SOLUSDT,7.635431452695684,0,2950.5323594212496,2958.1677908739453,961971.8762384809
2024-02-03,__CALL__,0.0,-1,2.0,2.0,0.0
2024-02-03,SOLUSDT,54.34967574670145,0,2896.182683674548,2950.5323594212496,970896.9720443485
2024-02-03,BTCUSDT,0.043831989209110134,1,6.742341912618606,6.698509923409496,970896.9720443485
2024-02-04,__CALL__,0.0,-1,2.0,2.0,0.0
2024-02-04,BTCUSDT,0.03225057214184446,0,6.710091340476762,6.742341912618606,962028.0671296592
2024-02-04,SOLUSDT,50.30459688556766,1,2946.487280560116,2896.182683674548,962028.0671296592
2024-02-05,__CALL__,0.0,-1,2.0,2.0,0.0
2024-02-05,BTCUSDT,0.004082545814098282,0,6.706008794662663,6.710091340476762,951870.534824559
2024-02-05,SOLUSDT,44.308178252891594,1,2990.7954588130074,2946.487280560116,951870.534824559
2024-02-06,__CALL__,0.0,-1,2.0,2.0,0.0
2024-02-06,BTCUSDT,0.010078615885563025,0,6.6959301787771,6.706008794662663,953248.2266504737
2024-02-06,SOLUSDT,1.307093275596344,0,2989.488365537411,2990.7954588130074,953248.2266504737
2024-02-07,__CALL__,0.0,-1,3.0,2.0,0.0
2024-02-07,BTCUSDT,0.017267210779232656,0,6.678662967997868,6.6959301787771,959478.1145748931
2024-02-07,SOLUSDT,18.048020630182236,0,2971.440344907229,2989.488365537411,959478.1145748931
2024-02-07,ETHUSDT,121.31830440880235,1,121.31830440880235,0.0,959478.1145748931
2024-02-08,__CALL__,0.0,-1,3.0,3.0,0.0
2024-02-08,BTCUSDT,0.004919972394107575,0,6.67374299560376,6.678662967997868,986592.8092851732
2024-02-08,SOLUSDT,45.023056280618675,0,2926.41728862661,2971.440344907229,986592.8092851732
2024-02-08,ETHUSDT,0.7298802188447695,1,122.04818462764712,121.31830440880235,986592.8092851732
2024-02-09,__CALL__,0.0,-1,3.0,3.0,0.0
2024-02-09,BTCUSDT,0.06978238951613136,0,6.603960606087629,6.67374299560376,996948.4252478846
2024-02-09,SOLUSDT,16.185340160902342,0,2910.231948465708,2926.41728862661,996948.4252478846
2024-02-09,ETHUSDT,1.5629348864489714,1,123.61111951409609,122.04818462764712,996948.4252478846
2024-02-10,__CALL__,0.0,-1,3.0,3.0,0.0
2024-02-10,BTCUSDT,0.050967605630084734,0,6.552993000457544,6.603960606087629,1029535.952077822
2024-02-10,SOLUSDT,22.063082071907047,0,2888.1688663938007,2910.231948465708,1029535.952077822
2024-02-10,ETHUSDT,0.6009559416722254,1,124.21207545576831,123.61111951409609,1029535.952077822
2024-02-11,__CALL__,0.0,-1,3.0,3.0,0.0
2024-02-11,BTCUSDT,0.01119863613806693,0,6.541794364319477,6.552993000457544,1041259.1125610135
2024-02-11,SOLUSDT,22.581052002937213,0,2865.5878143908635,2888.1688663938007,1041259.1125610135
2024-02-11,ETHUSDT,0.7270243860118484,1,124.93909984178016,124.21207545576831,1041259.1125610135
2024-02-12,__CALL__,0.0,-1,3.0,3.0,0.0
2024-02-12,BTCUSDT,0.07424383533989154,0,6.467550528979586,6.541794364319477,1041275.6351657133
2024-02-12,ETHUSDT,0.3458474746536666,0,124.5932523671265,124.93909984178016,1041275.6351657133
2024-02-12,SOLUSDT,41.379366058809865,1,2906.9671804496734,2865.5878143908635,1041275.6351657133
2024-02-13,__CALL__,0.0,-1,3.0,3.0,0.0
2024-02-13,ETHUSDT,2.456601386486625,0,122.13665098063987,124.5932523671265,1082940.8968308384
2024-02-13,BTCUSDT,0.04086220732607071,1,6.508412736305656,6.467550528979586,1082940.8968308384
2024-02-13,SOLUSDT,2.8605366054703154,1,2909.8277170551437,2906.9671804496734,1082940.8968308384
2024-02-14,__CALL__,0.0,-1,3.0,3.0,0.0
2024-02-14,SOLUSDT,25.52657184842019,0,2884.3011452067235,2909.8277170551437,1081516.7655425745
2024-02-14,BTCUSDT,0.019909814826914563,1,6.528322551132571,6.508412736305656,1081516.7655425745
2024-02-14,ETHUSDT,0.763447452675635,1,122.9000984333155,122.13665098063987,1081516.7655425745
2024-02-15,__CALL__,0.0,-1,3.0,3.0,0.0
2024-02-15,BTCUSDT,0.014117140355281776,0,6.514205410777289,6.528322551132571,1124681.2962675488
2024-02-15,ETHUSDT,1.304169738287598,0,121.59592869502791,122.9000984333155,1124681.2962675488
2024-02-15,SOLUSDT,0.23664533016926725,1,2884.5377905368928,2884.3011452067235,1124681.2962675488
2024-02-16,__CALL__,0.0,-1,3.0,3.0,0.0
2024-02-16,BTCUSDT,0.03176610715044692,0,6.482439303626842,6.514205410777289,1121030.0901274872
2024-02-16,ETHUSDT,2.4464208937642127,0,119.1495078012637,121.59592869502791,1121030.0901274872
2024-02-16,SOLUSDT,78.5373375533818,1,2963.0751280902746,2884.5377905368928,1121030.0901274872
2024-02-17,__CALL__,0.0,-1,3.0,3.0,0.0
2024-02-17,BTCUSDT,0.0898249288122912,0,6.392614374814551,6.482439303626842,1110697.6030757704
2024-02-17,ETHUSDT,0.223073119973634,0,118.92643468129006,119.1495078012637,1110697.6030757704
2024-02-17,SOLUSDT,57.31357608376993,1,3020.3887041740445,2963.0751280902746,1110697.6030757704
2024-02-18,__CALL__,0.0,-1,3.0,3.0,0.0
2024-02-18,ETHUSDT,0.31320416488023284,0,118.61323051640983,118.92643468129006,1101489.8729787262
2024-02-18,BTCUSDT,0.006108810026809408,1,6.39872318484136,6.392614374814551,1101489.8729787262
2024-02-18,SOLUSDT,13.461529472333496,1,3033.850233646378,3020.3887041740445,1101489.8729787262
2024-02-19,__CALL__,0.0,-1,3.0,3.0,0.0
2024-02-19,SOLUSDT,24.3383346248188,0,3009.511899021559,3033.850233646378,1126059.0355505669
2024-02-19,ETHUSDT,1.3642660605521542,0,117.24896445585767,118.61323051640983,1126059.0355505669
2024-02-19,BTCUSDT,0.08061599346430182,1,6.479339178305662,6.39872318484136,1126059.0355505669
2024-02-20,__CALL__,0.0,-1,3.0,3.0,0.0
2024-02-20,ETHUSDT,2.234017035931217,0,115.01494741992646,117.24896445585767,1128986.7425938789
2024-02-20,BTCUSDT,0.06238433439089519,1,6.541723512696557,6.479339178305662,1128986.7425938789
2024-02-20,SOLUSDT,27.303545120947547,1,3036.8154441425067,3009.511899021559,1128986.7425938789
2024-02-21,__CALL__,0.0,-1,3.0,3.0,0.0
2024-02-21,BTCUSDT,0.052227755198827275,0,6.48949575749773,6.541723512696557,1130444.6423660165
2024-02-21,ETHUSDT,2.5258067713800045,0,112.48914064854645,115.01494741992646,1130444.6423660165
2024-02-21,SOLUSDT,94.03198629752023,1,3130.847430440027,3036.8154441425067,1130444.6423660165
2024-02-22,__CALL__,0.0,-1,2.0,3.0,0.0
2024-02-22,BTCUSDT,0.0541894824660174,0,6.435306275031713,6.48949575749773,1112222.1114396253
2024-02-22,SOLUSDT,3130.847430440027,0,0.0,3130.847430440027,1112222.1114396253
2024-02-22,ETHUSDT,0.06435576188474101,0,112.42478488666171,112.48914064854645,1112222.1114396253
2024-02-23,__CALL__,0.0,-1,2.0,2.0,0.0
2024-02-23,ETHUSDT,0.490405732257571,0,111.93437915440414,112.42478488666171,1108672.6776276827
2024-02-23,BTCUSDT,0.0496232885824881,1,6.484929563614201,6.435306275031713,1108672.6776276827
2024-02-24,__CALL__,0.0,-1,2.0,2.0,0.0
2024-02-24,BTCUSDT,0.016140434518608693,1,6.5010699981328095,6.484929563614201,1099637.536626097
2024-02-24,ETHUSDT,0.9550933369395551,1,112.8894724913437,111.93437915440414,1099637.536626097
2024-02-25,__CALL__,0.0,-1,2.0,2.0,0.0
2024-02-25,BTCUSDT,0.02652740836968004,0,6.4745425897631295,6.5010699981328095,1112935.2599757754
2024-02-25,ETHUSDT,1.3214936238763784,0,111.56797886746732,112.8894724913437,1112935.2599757754
2024-02-26,__CALL__,0.0,-1,2.0,2.0,0.0
2024-02-26,ETHUSDT,2.9106601885661973,0,108.65731867890112,111.56797886746732,1127355.9357700464
2024-02-26,BTCUSDT,0.06352602214843817,1,6.538068611911568,6.4745425897631295,1127355.9357700464
2024-02-27,__CALL__,0.0,-1,3.0,2.0,0.0
2024-02-27,BTCUSDT,0.19299349947394795,0,6.34507511243762,6.538068611911568,1152191.2014515323
2024-02-27,SOLUSDT,3145.1988683918753,1,3145.1988683918753,0.0,1152191.2014515323
2024-02-27,ETHUSDT,0.17857790313337318,1,108.8358965820345,108.65731867890112,1152191.2014515323
2024-02-28,__CALL__,0.0,-1,3.0,3.0,0.0
2024-02-28,BTCUSDT,0.18892478809092506,0,6.156150324346695,6.34507511243762,1170435.0344045362
2024-02-28,ETHUSDT,0.5408328949954608,0,108.29506368703903,108.8358965820345,1170435.0344045362
2024-02-28,SOLUSDT,95.50731772982317,1,3240.7061861216985,3145.1988683918753,1170435.0344045362
2024-02-29,__CALL__,0.0,-1,3.0,3.0,0.0
2024-02-29,BTCUSDT,0.13291580576877404,0,6.023234518577921,6.156150324346695,1253477.454183774
2024-02-29,SOLUSDT,81.47540302823381,0,3159.2307830934647,3240.7061861216985,1253477.454183774
2024-02-29,ETHUSDT,2.8580540995111647,1,111.1531177865502,108.29506368703903,1253477.454183774
2024-03-01,__CALL__,0.0,-1,3.0,3.0,0.0
2024-03-01,SOLUSDT,147.1977918328298,0,3012.032991260635,3159.2307830934647,1261841.024202787
2024-03-01,BTCUSDT,0.16924359938087363,1,6.192478117958794,6.023234518577921,1261841.024202787
2024-03-01,ETHUSDT,2.1824997676861244,1,113.33561755423632,111.1531177865502,1261841.024202787
2024-03-02,__CALL__,0.0,-1,3.0,3.0,0.0
2024-03-02,SOLUSDT,18.615906457649544,0,2993.4170848029853,3012.032991260635,1291459.8378720295
2024-03-02,ETHUSDT,0.4924582036527312,0,112.84315935058359,113.33561755423632,1291459.8378720295
2024-03-02,BTCUSDT,0.01766777675735831,1,6.2101458947161525,6.192478117958794,1291459.8378720295
2024-03-03,__CALL__,0.0,-1,3.0,3.0,0.0
2024-03-03,SOLUSDT,18.55285745187757,0,2974.8642273511077,2993.4170848029853,1289405.3061701283
2024-03-03,BTCUSDT,0.030192188365019135,1,6.240338083081172,6.2101458947161525,1289405.3061701283
2024-03-03,ETHUSDT,0.21662161450139195,1,113.05978096508498,112.84315935058359,1289405.3061701283
2024-03-04,__CALL__,0.0,-1,3.0,3.0,0.0
2024-03-04,BTCUSDT,0.04047639284886895,0,6.199861690232303,6.240338083081172,1304326.2565721457
2024-03-04,ETHUSDT,0.8693252355150207,0,112.19045572956996,113.05978096508498,1304326.2565721457
2024-03-04,SOLUSDT,31.41931569056851,1,3006.2835430416762,2974.8642273511077,1304326.2565721457
2024-03-05,__CALL__,0.0,-1,3.0,3.0,0.0
2024-03-05,BTCUSDT,0.2163948009685397,0,5.983466889263763,6.199861690232303,1361153.1724293237
2024-03-05,SOLUSDT,57.99657523380438,1,3064.2801182754806,3006.2835430416762,1361153.1724293237
2024-03-05,ETHUSDT,0.3713116824063576,1,112.56176741197632,112.19045572956996,1361153.1724293237
2024-03-06,__CALL__,0.0,-1,3.0,3.0,0.0
2024-03-06,ETHUSDT,2.6998339776279607,0,109.86193343434836,112.56176741197632,1301373.162374908
2024-03-06,BTCUSDT,0.14313967837639918,1,6.126606567640162,5.983466889263763,1301373.162374908
2024-03-06,SOLUSDT,51.28892105771001,1,3115.5690393331906,3064.2801182754806,1301373.162374908
2024-03-07,__CALL__,0.0,-1,3.0,3.0,0.0
2024-03-07,ETHUSDT,2.862356299990026,0,106.99957713435833,109.86193343434836,1361954.8453768666
2024-03-07,BTCUSDT,0.057160300714511614,1,6.183766868354674,6.126606567640162,1361954.8453768666
2024-03-07,SOLUSDT,8.180533144889068,1,3123.7495724780797,3115.5690393331906,1361954.8453768666
2024-03-08,__CALL__,0.0,-1,3.0,3.0,0.0
2024-03-08,SOLUSDT,177.12468366312305,0,2946.6248888149566,3123.7495724780797,1412612.0436369744
2024-03-08,BTCUSDT,0.15809856027241764,1,6.3418654286270915,6.183766868354674,1412612.0436369744
2024-03-08,ETHUSDT,2.5403302316624803,1,109.53990736602081,106.99957713435833,1412612.0436369744
2024-03-09,__CALL__,0.0,-1,3.0,3.0,0.0
2024-03-09,BTCUSDT,0.06534870582813657,0,6.276516722798955,6.3418654286270915,1425275.6671380512
2024-03-09,SOLUSDT,6.498392960669207,1,2953.123281775626,2946.6248888149566,1425275.6671380512
2024-03-09,ETHUSDT,0.5661827666108792,1,110.10609013263169,109.53990736602081,1425275.6671380512
2024-03-10,__CALL__,0.0,-1,3.0,3.0,0.0
2024-03-10,BTCUSDT,0.007992955367722487,0,6.268523767431232,6.276516722798955,1427411.423822798
2024-03-10,ETHUSDT,0.4514162360139693,0,109.65467389661772,110.10609013263169,1427411.423822798
2024-03-10,SOLUSDT,14.467973182583137,1,2967.591254958209,2953.123281775626,1427411.423822798
2024-03-11,__CALL__,0.0,-1,3.0,3.0,0.0
2024-03-11,BTCUSDT,0.05250069378793398,0,6.216023073643298,6.268523767431232,1428771.1954198112
2024-03-11,SOLUSDT,0.9755463286719532,1,2968.566801286881,2967.591254958209,1428771.1954198112
2024-03-11,ETHUSDT,0.8609061810171426,1,110.51558007763487,109.65467389661772,1428771.1954198112
2024-03-12,__CALL__,0.0,-1,3.0,3.0,0.0
2024-03-12,BTCUSDT,0.04794427781964572,0,6.168078795823653,6.216023073643298,1481944.6996362666
2024-03-12,ETHUSDT,1.141587617894416,0,109.37399245974045,110.51558007763487,1481944.6996362666
2024-03-12,SOLUSDT,18.622639156394598,1,2987.1894404432755,2968.566801286881,1481944.6996362666
2024-03-13,__CALL__,0.0,-1,3.0,3.0,0.0
2024-03-13,SOLUSDT,56.985758311099744,0,2930.203682132176,2987.1894404432755,1475455.203563563
2024-03-13,BTCUSDT,0.02680113852484567,1,6.194879934348498,6.168078795823653,1475455.203563563
2024-03-13,ETHUSDT,1.8420630199118477,1,111.2160554796523,109.37399245974045,1475455.203563563
2024-03-14,__CALL__,0.0,-1,3.0,3.0,0.0
2024-03-14,SOLUSDT,137.29378430399447,0,2792.9098978281813,2930.203682132176,1525859.7173582325
2024-03-14,BTCUSDT,0.06956361746672535,1,6.264443551815224,6.194879934348498,1525859.7173582325
2024-03-14,ETHUSDT,3.0865448420935166,1,114.30260032174581,111.2160554796523,1525859.7173582325
2024-03-15,__CALL__,0.0,-1,3.0,3.0,0.0
2024-03-15,SOLUSDT,182.98153476581274,0,2609.9283630623686,2792.9098978281813,1536812.7646840964
2024-03-15,BTCUSDT,0.1937535519759468,1,6.4581971037911705,6.264443551815224,1536812.7646840964
2024-03-15,ETHUSDT,4.47139666529921,1,118.77399698704502,114.30260032174581,1536812.7646840964
2024-03-16,__CALL__,0.0,-1,3.0,3.0,0.0
2024-03-16,SOLUSDT,119.52447524674199,0,2490.4038878156266,2609.9283630623686,1527032.6252119166
2024-03-16,BTCUSDT,0.13332545000701668,1,6.591522553798187,6.4581971037911705,1527032.6252119166
2024-03-16,ETHUSDT,3.6435699287126653,1,122.41756691575769,118.77399698704502,1527032.6252119166
2024-03-17,__CALL__,0.0,-1,1.0,3.0,0.0
2024-03-17,BTCUSDT,6.591522553798187,0,0.0,6.591522553798187,1467755.1723843485
2024-03-17,SOLUSDT,71.69175195195794,0,2418.7121358636687,2490.4038878156266,1467755.1723843485
2024-03-17,ETHUSDT,122.41756691575769,0,0.0,122.41756691575769,1467755.1723843485
2024-03-18,__CALL__,0.0,-1,2.0,1.0,0.0
2024-03-18,SOLUSDT,167.38065604209805,0,2251.3314798215706,2418.7121358636687,1514770.9098100695
2024-03-18,BTCUSDT,6.644366505288867,1,6.644366505288867,0.0,1514770.9098100695
2024-03-19,__CALL__,0.0,-1,2.0,2.0,0.0
2024-03-19,BTCUSDT,0.007508234212610709,0,6.636858271076257,6.644366505288867,1495726.6256915524
2024-03-19,SOLUSDT,38.98085123780493,1,2290.3123310593755,2251.3314798215706,1495726.6256915524
2024-03-20,__CALL__,0.0,-1,1.0,2.0,0.0
2024-03-20,BTCUSDT,6.636858271076257,0,0.0,6.636858271076257,1398293.1752364049
2024-03-20,SOLUSDT,179.87925107875844,1,2470.191582138134,2290.3123310593755,1398293.1752364049
2024-03-21,__CALL__,0.0,-1,2.0,1.0,0.0
2024-03-21,SOLUSDT,198.52767166580497,0,2271.663910472329,2470.191582138134,1452047.5299785042
2024-03-21,BTCUSDT,6.421152686496943,1,6.421152686496943,0.0,1452047.5299785042
2024-03-22,__CALL__,0.0,-1,1.0,2.0,0.0
2024-03-22,BTCUSDT,6.421152686496943,0,0.0,6.421152686496943,1408611.8767596234
2024-03-22,SOLUSDT,83.08671483918351,1,2354.7506253115125,2271.663910472329,1408611.8767596234
2024-03-23,__CALL__,0.0,-1,1.0,1.0,0.0
2024-03-23,SOLUSDT,39.23709551810953,1,2393.987720829622,2354.7506253115125,1398168.6821315791
2024-03-24,__CALL__,0.0,-1,1.0,1.0,0.0
2024-03-24,SOLUSDT,24.83628848563376,1,2418.824009315256,2393.987720829622,1392033.1681498291
2024-03-25,__CALL__,0.0,-1,1.0,1.0,0.0
2024-03-25,SOLUSDT,103.32698502241419,0,2315.4970242928416,2418.824009315256,1419168.0885019568
2024-03-26,__CALL__,0.0,-1,2.0,1.0,0.0
2024-03-26,SOLUSDT,43.85772913658775,0,2271.639295156254,2315.4970242928416,1430981.280977129
2024-03-26,BTCUSDT,6.143308304137646,1,6.143308304137646,0.0,1430981.280977129
2024-03-27,__CALL__,0.0,-1,2.0,2.0,0.0
2024-03-27,SOLUSDT,12.00084896431872,0,2259.638446191935,2271.639295156254,1434569.1787754279
2024-03-27,BTCUSDT,0.005900155502856386,1,6.149208459640502,6.143308304137646,1434569.1787754279
2024-03-28,__CALL__,0.0,-1,2.0,2.0,0.0
2024-03-28,BTCUSDT,0.008118998355944207,0,6.141089461284558,6.149208459640502,1422071.4563272563
2024-03-28,SOLUSDT,29.840169684945522,1,2289.4786158768807,2259.638446191935,1422071.4563272563
2024-03-29,__CALL__,0.0,-1,2.0,2.0,0.0
2024-03-29,BTCUSDT,0.04760131911080823,0,6.09348814217375,6.141089461284558,1437669.1877233952
2024-03-29,SOLUSDT,15.16540291996671,0,2274.313212956914,2289.4786158768807,1437669.1877233952
2024-03-30,__CALL__,0.0,-1,2.0,2.0,0.0
2024-03-30,SOLUSDT,28.59649388304888,0,2245.716719073865,2274.313212956914,1437408.4466376686
2024-03-30,BTCUSDT,0.08001585664230149,1,6.173503998816051,6.09348814217375,1437408.4466376686
2024-03-31,__CALL__,0.0,-1,2.0,2.0,0.0
2024-03-31,SOLUSDT,20.143056520784285,0,2225.573662553081,2245.716719073865,1440613.849882374
2024-03-31,BTCUSDT,0.037629446991071624,1,6.211133445807123,6.173503998816051,1440613.849882374
2024-04-01,__CALL__,0.0,-1,3.0,2.0,0.0
2024-04-01,BTCUSDT,0.026217691416561273,0,6.184915754390562,6.211133445807123,1469535.9832431977
2024-04-01,SOLUSDT,47.94559824805356,0,2177.6280643050272,2225.573662553081,1469535.9832431977
2024-04-01,ETHUSDT,120.93984024556256,1,120.93984024556256,0.0,1469535.9832431977
2024-04-02,__CALL__,0.0,-1,2.0,3.0,0.0
2024-04-02,BTCUSDT,0.07008679931153683,0,6.114828955079025,6.184915754390562,1419655.6339694168
2024-04-02,ETHUSDT,120.93984024556256,0,0.0,120.93984024556256,1419655.6339694168
2024-04-02,SOLUSDT,37.81449718600243,1,2215.4425614910297,2177.6280643050272,1419655.6339694168
2024-04-03,__CALL__,0.0,-1,0.0,2.0,0.0
2024-04-03,BTCUSDT,6.114828955079025,0,0.0,6.114828955079025,1369896.730118242
2024-04-03,SOLUSDT,2215.4425614910297,0,0.0,2215.4425614910297,1369896.730118242
2024-04-04,__CALL__,0.0,-1,0.0,0.0,0.0
2024-04-05,__CALL__,0.0,-1,1.0,0.0,0.0
2024-04-05,BTCUSDT,5.99710162486535,1,5.99710162486535,0.0,1369094.259741702
2024-04-06,__CALL__,0.0,-1,1.0,1.0,0.0
2024-04-06,BTCUSDT,0.039479386786540616,1,6.036581011651891,5.99710162486535,1364682.4807805088
2024-04-07,__CALL__,0.0,-1,1.0,1.0,0.0
2024-04-07,BTCUSDT,0.06596728483989889,0,5.970613726811992,6.036581011651891,1371171.34440813
2024-04-08,__CALL__,0.0,-1,2.0,1.0,0.0
2024-04-08,BTCUSDT,0.028001845754411114,0,5.942611881057581,5.970613726811992,1373939.4499208818
2024-04-08,ETHUSDT,119.32772879474662,1,119.32772879474662,0.0,1373939.4499208818
2024-04-09,__CALL__,0.0,-1,2.0,2.0,0.0
2024-04-09,BTCUSDT,0.01281174811951935,0,5.929800132938062,5.942611881057581,1415640.9517367466
2024-04-09,ETHUSDT,4.3785803939760655,0,114.94914840077055,119.32772879474662,1415640.9517367466
2024-04-10,__CALL__,0.0,-1,2.0,2.0,0.0
2024-04-10,BTCUSDT,0.05457609427253374,1,5.984376227210595,5.929800132938062,1379318.9286890128
2024-04-10,ETHUSDT,3.0623990927467304,1,118.01154749351728,114.94914840077055,1379318.9286890128
2024-04-11,__CALL__,0.0,-1,2.0,2.0,0.0
2024-04-11,BTCUSDT,0.06847139262398105,0,5.915904834586614,5.984376227210595,1392822.455172508
2024-04-11,ETHUSDT,0.16350053691408561,0,117.8480469566032,118.01154749351728,1392822.455172508
2024-04-12,__CALL__,0.0,-1,2.0,2.0,0.0
2024-04-12,BTCUSDT,0.015163272826814733,1,5.931068107413429,5.915904834586614,1384038.83782911
2024-04-12,ETHUSDT,0.6984992539454282,1,118.54654621054863,117.8480469566032,1384038.83782911
2024-04-13,__CALL__,0.0,-1,0.0,2.0,0.0
2024-04-13,BTCUSDT,5.931068107413429,0,0.0,5.931068107413429,1335469.6491127564
2024-04-13,ETHUSDT,118.54654621054863,0,0.0,118.54654621054863,1335469.6491127564
2024-04-14,__CALL__,0.0,-1,0.0,0.0,0.0
2024-04-15,__CALL__,0.0,-1,0.0,0.0,0.0
2024-04-16,__CALL__,0.0,-1,0.0,0.0,0.0
2024-04-17,__CALL__,0.0,-1,0.0,0.0,0.0
2024-04-18,__CALL__,0.0,-1,0.0,0.0,0.0
2024-04-19,__CALL__,0.0,-1,0.0,0.0,0.0
2024-04-20,__CALL__,0.0,-1,0.0,0.0,0.0
2024-04-21,__CALL__,0.0,-1,0.0,0.0,0.0
2024-04-22,__CALL__,0.0,-1,0.0,0.0,0.0
2024-04-23,__CALL__,0.0,-1,1.0,0.0,0.0
2024-04-23,BTCUSDT,5.992373696329243,1,5.992373696329243,0.0,1334687.7914907443
2024-04-24,__CALL__,0.0,-1,0.0,1.0,0.0
2024-04-24,BTCUSDT,5.992373696329243,0,0.0,5.992373696329243,1331858.554374084
2024-04-25,__CALL__,0.0,-1,0.0,0.0,0.0
2024-04-26,__CALL__,0.0,-1,0.0,0.0,0.0
2024-04-27,__CALL__,0.0,-1,0.0,0.0,0.0
2024-04-28,__CALL__,0.0,-1,1.0,0.0,0.0
2024-04-28,ETHUSDT,122.69452690613909,1,122.69452690613909,0.0,1331460.576867416
2024-04-29,__CALL__,0.0,-1,1.0,1.0,0.0
2024-04-29,ETHUSDT,0.24436303786359304,0,122.4501638682755,122.69452690613909,1332029.185331569
2024-04-30,__CALL__,0.0,-1,1.0,1.0,0.0
2024-04-30,ETHUSDT,1.244319542290583,1,123.69448341056608,122.4501638682755,1326309.9711938347
2024-05-01,__CALL__,0.0,-1,0.0,1.0,0.0
2024-05-01,ETHUSDT,123.69448341056608,0,0.0,123.69448341056608,1301233.1027938502
2024-05-02,__CALL__,0.0,-1,0.0,0.0,0.0
2024-05-03,__CALL__,0.0,-1,0.0,0.0,0.0
2024-05-04,__CALL__,0.0,-1,1.0,0.0,0.0
2024-05-04,SOLUSDT,2715.7835287987855,1,2715.7835287987855,0.0,1300860.2826682397
2024-05-05,__CALL__,0.0,-1,2.0,1.0,0.0
2024-05-05,SOLUSDT,31.39029673124014,0,2684.3932320675453,2715.7835287987855,1306852.1324519436
2024-05-05,BTCUSDT,6.136221248022742,1,6.136221248022742,0.0,1306852.1324519436
2024-05-06,__CALL__,0.0,-1,3.0,2.0,0.0
2024-05-06,BTCUSDT,0.013809082941771855,0,6.12241216508097,6.136221248022742,1306359.4917038768
2024-05-06,SOLUSDT,4.6957808290917455,1,2689.089012896637,2684.3932320675453,1306359.4917038768
2024-05-06,ETHUSDT,124.95468043418204,1,124.95468043418204,0.0,1306359.4917038768
2024-05-07,__CALL__,0.0,-1,1.0,3.0,0.0
2024-05-07,BTCUSDT,6.12241216508097,0,0.0,6.12241216508097,1310570.3887698536
2024-05-07,SOLUSDT,116.14795594650013,0,2572.941056950137,2689.089012896637,1310570.3887698536
2024-05-07,ETHUSDT,124.95468043418204,0,0.0,124.95468043418204,1310570.3887698536
2024-05-08,__CALL__,0.0,-1,1.0,1.0,0.0
2024-05-08,SOLUSDT,56.562261753057555,1,2629.5033187031945,2572.941056950137,1297484.5768593033
2024-05-09,__CALL__,0.0,-1,0.0,1.0,0.0
2024-05-09,SOLUSDT,2629.5033187031945,0,0.0,2629.5033187031945,1282067.3128952428
2024-05-10,__CALL__,0.0,-1,1.0,0.0,0.0
2024-05-10,SOLUSDT,2520.3726342240743,1,2520.3726342240743,0.0,1281693.4764132376
2024-05-11,__CALL__,0.0,-1,1.0,1.0,0.0
2024-05-11,SOLUSDT,78.22833397726436,1,2598.6009682013387,2520.3726342240743,1264825.7482639353
2024-05-12,__CALL__,0.0,-1,1.0,1.0,0.0
2024-05-12,SOLUSDT,7.481753900884996,1,2606.0827221022237,2598.6009682013387,1263255.1489207514
2024-05-13,__CALL__,0.0,-1,1.0,1.0,0.0
2024-05-13,SOLUSDT,25.437104019859362,1,2631.519826122083,2606.0827221022237,1258041.8954799082
2024-05-14,__CALL__,0.0,-1,2.0,1.0,0.0
2024-05-14,SOLUSDT,51.3250063277701,0,2580.194819794313,2631.519826122083,1268853.7953820103
2024-05-14,BTCUSDT,6.047912221917531,1,6.047912221917531,0.0,1268853.7953820103
2024-05-15,__CALL__,0.0,-1,0.0,2.0,0.0
2024-05-15,BTCUSDT,6.047912221917531,0,0.0,6.047912221917531,1246033.6011129585
2024-05-15,SOLUSDT,2580.194819794313,0,0.0,2580.194819794313,1246033.6011129585
2024-05-16,__CALL__,0.0,-1,2.0,0.0,0.0
2024-05-16,BTCUSDT,5.642774835648857,1,5.642774835648857,0.0,1245294.7208018815
2024-05-16,SOLUSDT,2356.7272657805906,1,2356.7272657805906,0.0,1245294.7208018815
2024-05-17,__CALL__,0.0,-1,2.0,2.0,0.0
2024-05-17,SOLUSDT,20.420089717639712,0,2336.307176062951,2356.7272657805906,1241046.3766778687
2024-05-17,BTCUSDT,0.06447907911297168,1,5.707253914761829,5.642774835648857,1241046.3766778687
2024-05-18,__CALL__,0.0,-1,3.0,2.0,0.0
2024-05-18,BTCUSDT,0.0013519199643159396,0,5.705901994797513,5.707253914761829,1274774.5843310284
2024-05-18,SOLUSDT,79.13671137949041,0,2257.1704646834605,2336.307176062951,1274774.5843310284
2024-05-18,ETHUSDT,123.68446807868969,1,123.68446807868969,0.0,1274774.5843310284
2024-05-19,__CALL__,0.0,-1,3.0,3.0,0.0
2024-05-19,SOLUSDT,22.329681148528834,0,2234.8407835349317,2257.1704646834605,1284288.4581367886
2024-05-19,ETHUSDT,0.31144628834964294,0,123.37302179034005,123.68446807868969,1284288.4581367886
2024-05-19,BTCUSDT,0.051930597017347147,1,5.75783259181486,5.705901994797513,1284288.4581367886
2024-05-20,__CALL__,0.0,-1,3.0,3.0,0.0
2024-05-20,BTCUSDT,0.014925076341510746,0,5.742907515473349,5.75783259181486,1268684.842268269
2024-05-20,SOLUSDT,4.937178479453451,1,2239.777962014385,2234.8407835349317,1268684.842268269
2024-05-20,ETHUSDT,0.5542570360526895,1,123.92727882639274,123.37302179034005,1268684.842268269
2024-05-21,__CALL__,0.0,-1,3.0,3.0,0.0
2024-05-21,ETHUSDT,8.482421364817611,0,115.44485746157513,123.92727882639274,1409116.0970459532
2024-05-21,BTCUSDT,0.17388526989236386,1,5.916792785365713,5.742907515473349,1409116.0970459532
2024-05-21,SOLUSDT,24.58983264812605,1,2264.367794662511,2239.777962014385,1409116.0970459532
2024-05-22,__CALL__,0.0,-1,3.0,3.0,0.0
2024-05-22,ETHUSDT,4.868052624300077,0,110.57680483727505,115.44485746157513,1396802.545206512
2024-05-22,BTCUSDT,0.05684452609188817,1,5.973637311457601,5.916792785365713,1396802.545206512
2024-05-22,SOLUSDT,87.8117053011033,1,2352.1794999636145,2264.367794662511,1396802.545206512
2024-05-23,__CALL__,0.0,-1,3.0,3.0,0.0
2024-05-23,SOLUSDT,8.657958496482934,0,2343.5215414671316,2352.1794999636145,1382365.29237372
2024-05-23,BTCUSDT,0.022168245837509204,1,5.99580555729511,5.973637311457601,1382365.29237372
2024-05-23,ETHUSDT,0.3757520590893648,1,110.95255689636441,110.57680483727505,1382365.29237372
2024-05-24,__CALL__,0.0,-1,3.0,3.0,0.0
2024-05-24,ETHUSDT,1.6617008231660861,0,109.29085607319833,110.95255689636441,1378376.312371628
2024-05-24,BTCUSDT,0.08798118705065594,1,6.083786744345766,5.99580555729511,1378376.312371628
2024-05-24,SOLUSDT,3.982903832433749,1,2347.5044452995653,2343.5215414671316,1378376.312371628
2024-05-25,__CALL__,0.0,-1,3.0,3.0,0.0
2024-05-25,BTCUSDT,0.14938081384875979,0,5.9344059304970065,6.083786744345766,1356011.6005767449
2024-05-25,ETHUSDT,0.17794690962793425,0,109.1129091635704,109.29085607319833,1356011.6005767449
2024-05-25,SOLUSDT,78.27663744295023,1,2425.7810827425155,2347.5044452995653,1356011.6005767449
2024-05-26,__CALL__,0.0,-1,3.0,3.0,0.0
2024-05-26,BTCUSDT,0.027769123915588168,0,5.906636806581418,5.9344059304970065,1364247.2893707673
2024-05-26,SOLUSDT,5.309929868284598,1,2431.0910126108,2425.7810827425155,1364247.2893707673
2024-05-26,ETHUSDT,0.048706309185547525,1,109.16161547275594,109.1129091635704,1364247.2893707673
2024-05-27,__CALL__,0.0,-1,3.0,3.0,0.0
2024-05-27,ETHUSDT,2.8444975602711366,0,106.3171179124848,109.16161547275594,1356064.1968794214
2024-05-27,BTCUSDT,0.031665400011066325,1,5.938302206592485,5.906636806581418,1356064.1968794214
2024-05-27,SOLUSDT,58.318261786892435,1,2489.4092743976926,2431.0910126108,1356064.1968794214
2024-05-28,__CALL__,0.0,-1,3.0,3.0,0.0
2024-05-28,SOLUSDT,46.54261313516554,0,2442.866661262527,2489.4092743976926,1385512.4916791471
2024-05-28,BTCUSDT,0.04780262878574426,1,5.986104835378229,5.938302206592485,1385512.4916791471
2024-05-28,ETHUSDT,0.41922955545676643,1,106.73634746794157,106.3171179124848,1385512.4916791471
2024-05-29,__CALL__,0.0,-1,3.0,3.0,0.0
2024-05-29,SOLUSDT,5.572411898048813,0,2437.294249364478,2442.866661262527,1370409.2537717465
2024-05-29,BTCUSDT,0.024602805783766613,1,6.0107076411619955,5.986104835378229,1370409.2537717465
2024-05-29,ETHUSDT,0.1962745112315929,1,106.93262197917316,106.73634746794157,1370409.2537717465
2024-05-30,__CALL__,0.0,-1,3.0,3.0,0.0
2024-05-30,SOLUSDT,19.07192078533899,0,2418.2223285791392,2437.294249364478,1356784.0001934334
2024-05-30,BTCUSDT,0.005858843611486364,1,6.016566484773482,6.0107076411619955,1356784.0001934334
2024-05-30,ETHUSDT,1.1076404771669957,1,108.04026245634016,106.93262197917316,1356784.0001934334
2024-05-31,__CALL__,0.0,-1,3.0,3.0,0.0
2024-05-31,BTCUSDT,0.06770043021735006,0,5.948866054556132,6.016566484773482,1355393.0500745794
2024-05-31,SOLUSDT,18.366256781411266,1,2436.5885853605505,2418.2223285791392,1355393.0500745794
2024-05-31,ETHUSDT,0.45194000832418624,1,108.49220246466435,108.04026245634016,1355393.0500745794
2024-06-01,__CALL__,0.0,-1,2.0,3.0,0.0
2024-06-01,SOLUSDT,2436.5885853605505,0,0.0,2436.5885853605505,1349116.3954912957
2024-06-01,ETHUSDT,0.9154568004087764,0,107.57674566425557,108.49220246466435,1349116.3954912957
2024-06-01,BTCUSDT,0.04365499712906207,1,5.992521051685194,5.948866054556132,1349116.3954912957
2024-06-02,__CALL__,0.0,-1,2.0,2.0,0.0
2024-06-02,ETHUSDT,0.9817598062159334,0,106.59498585803964,107.57674566425557,1355824.2874119715
2024-06-02,BTCUSDT,0.009636695606842771,1,6.002157747292037,5.992521051685194,1355824.2874119715
2024-06-03,__CALL__,0.0,-1,2.0,2.0,0.0
2024-06-03,BTCUSDT,0.016412756165752995,0,5.985744991126284,6.002157747292037,1352092.3455021977
2024-06-03,ETHUSDT,0.6878215095133982,1,107.28280736755303,106.59498585803964,1352092.3455021977
2024-06-04,__CALL__,0.0,-1,2.0,2.0,0.0
2024-06-04,BTCUSDT,0.07008290959818364,0,5.9156620815281,5.985744991126284,1356853.5360146947
2024-06-04,ETHUSDT,0.7736007739839863,1,108.05640814153702,107.28280736755303,1356853.5360146947
2024-06-05,__CALL__,0.0,-1,3.0,2.0,0.0
2024-06-05,BTCUSDT,0.08163755044487608,0,5.834024531083224,5.9156620815281,1371731.398835274
2024-06-05,ETHUSDT,0.05258113895924055,0,108.00382700257778,108.05640814153702,1371731.398835274
2024-06-05,SOLUSDT,2395.618946180706,1,2395.618946180706,0.0,1371731.398835274
2024-06-06,__CALL__,0.0,-1,3.0,3.0,0.0
2024-06-06,SOLUSDT,1.6622924239241001,0,2393.956653756782,2395.618946180706,1384903.948550885
2024-06-06,ETHUSDT,0.5358537575530846,0,107.4679732450247,108.00382700257778,1384903.948550885
2024-06-06,BTCUSDT,0.008794625203909945,1,5.842819156287134,5.834024531083224,1384903.948550885
2024-06-07,__CALL__,0.0,-1,2.0,3.0,0.0
2024-06-07,BTCUSDT,0.04057653415512075,0,5.802242622132013,5.842819156287134,1369311.126814961
2024-06-07,SOLUSDT,2393.956653756782,0,0.0,2393.956653756782,1369311.126814961
2024-06-07,ETHUSDT,0.25369263943132125,1,107.72166588445602,107.4679732450247,1369311.126814961
2024-06-08,__CALL__,0.0,-1,1.0,2.0,0.0
2024-06-08,ETHUSDT,107.72166588445602,0,0.0,107.72166588445602,1345964.9934069319
2024-06-08,BTCUSDT,0.01977447418288847,1,5.822017096314902,5.802242622132013,1345964.9934069319
2024-06-09,__CALL__,0.0,-1,1.0,1.0,0.0
2024-06-09,BTCUSDT,0.0009332659912493213,1,5.822950362306151,5.822017096314902,1345304.5787587399
2024-06-10,__CALL__,0.0,-1,1.0,1.0,0.0
2024-06-10,BTCUSDT,0.019762990427433458,0,5.8031873718787175,5.822950362306151,1347270.851624115
2024-06-11,__CALL__,0.0,-1,1.0,1.0,0.0
2024-06-11,BTCUSDT,0.006311633822903673,1,5.809499005701621,5.8031873718787175,1346641.8695216358
2024-06-12,__CALL__,0.0,-1,0.0,1.0,0.0
2024-06-12,BTCUSDT,5.809499005701621,0,0.0,5.809499005701621,1333710.8020385464
2024-06-13,__CALL__,0.0,-1,0.0,0.0,0.0
2024-06-14,__CALL__,0.0,-1,0.0,0.0,0.0
2024-06-15,__CALL__,0.0,-1,0.0,0.0,0.0
2024-06-16,__CALL__,0.0,-1,0.0,0.0,0.0
2024-06-17,__CALL__,0.0,-1,0.0,0.0,0.0
2024-06-18,__CALL__,0.0,-1,0.0,0.0,0.0
2024-06-19,__CALL__,0.0,-1,0.0,0.0,0.0
2024-06-20,__CALL__,0.0,-1,0.0,0.0,0.0
2024-06-21,__CALL__,0.0,-1,0.0,0.0,0.0
2024-06-22,__CALL__,0.0,-1,0.0,0.0,0.0
2024-06-23,__CALL__,0.0,-1,0.0,0.0,0.0
2024-06-24,__CALL__,0.0,-1,0.0,0.0,0.0
2024-06-25,__CALL__,0.0,-1,0.0,0.0,0.0
2024-06-26,__CALL__,0.0,-1,0.0,0.0,0.0
2024-06-27,__CALL__,0.0,-1,0.0,0.0,0.0
2024-06-28,__CALL__,0.0,-1,1.0,0.0,0.0
2024-06-28,SOLUSDT,2671.804850001574,1,2671.804850001574,0.0,1333319.7401062618
2024-06-29,__CALL__,0.0,-1,0.0,1.0,0.0
2024-06-29,SOLUSDT,2671.804850001574,0,0.0,2671.804850001574,1307056.6520365912
2024-06-30,__CALL__,0.0,-1,0.0,0.0,0.0
2024-07-01,__CALL__,0.0,-1,1.0,0.0,0.0
2024-07-01,SOLUSDT,2673.7927435376746,1,2673.7927435376746,0.0,1306682.519206707
2024-07-02,__CALL__,0.0,-1,1.0,1.0,0.0
2024-07-02,SOLUSDT,1.6948625088484732,0,2672.097881028826,2673.7927435376746,1306477.658727596
2024-07-03,__CALL__,0.0,-1,1.0,1.0,0.0
2024-07-03,SOLUSDT,89.25553271445642,0,2582.8423483143697,2672.097881028826,1326117.3458599288
2024-07-04,__CALL__,0.0,-1,1.0,1.0,0.0
2024-07-04,SOLUSDT,169.29326915021056,1,2752.1356174645803,2582.8423483143697,1292035.9009502996
2024-07-05,__CALL__,0.0,-1,0.0,1.0,0.0
2024-07-05,SOLUSDT,2752.1356174645803,0,0.0,2752.1356174645803,1256261.8218952236
2024-07-06,__CALL__,0.0,-1,0.0,0.0,0.0
2024-07-07,__CALL__,0.0,-1,1.0,0.0,0.0
2024-07-07,SOLUSDT,2633.855158128843,1,2633.855158128843,0.0,1255909.9613607302
2024-07-08,__CALL__,0.0,-1,0.0,1.0,0.0
2024-07-08,SOLUSDT,2633.855158128843,0,0.0,2633.855158128843,1225480.8913726062
2024-07-09,__CALL__,0.0,-1,1.0,0.0,0.0
2024-07-09,SOLUSDT,2628.8552866208643,1,2628.8552866208643,0.0,1225134.1706811977
2024-07-10,__CALL__,0.0,-1,1.0,1.0,0.0
2024-07-10,SOLUSDT,21.85798730917668,0,2606.9972993116876,2628.8552866208643,1229025.3631581117
2024-07-11,__CALL__,0.0,-1,1.0,1.0,0.0
2024-07-11,SOLUSDT,7.2039841162804805,0,2599.793315195407,2606.9972993116876,1230482.2236856236
2024-07-12,__CALL__,0.0,-1,0.0,1.0,0.0
2024-07-12,SOLUSDT,2599.793315195407,0,0.0,2599.793315195407,1214206.4692501496
2024-07-13,__CALL__,0.0,-1,1.0,0.0,0.0
2024-07-13,SOLUSDT,2610.9993303729875,1,2610.9993303729875,0.0,1213853.5993145856
2024-07-14,__CALL__,0.0,-1,1.0,1.0,0.0
2024-07-14,SOLUSDT,31.942183116979777,0,2579.0571472560077,2610.9993303729875,1219808.0568334113
2024-07-15,__CALL__,0.0,-1,3.0,1.0,0.0
2024-07-15,SOLUSDT,70.55518729198047,0,2508.5019599640273,2579.0571472560077,1234684.6953156563
2024-07-15,BTCUSDT,6.092403631025454,1,6.092403631025454,0.0,1234684.6953156563
2024-07-15,ETHUSDT,114.13947188706805,1,114.13947188706805,0.0,1234684.6953156563
2024-07-16,__CALL__,0.0,-1,3.0,3.0,0.0
2024-07-16,BTCUSDT,0.00011164548504183358,0,6.092291985540412,6.092403631025454,1314392.8781411706
2024-07-16,SOLUSDT,34.272961259456224,0,2474.228998704571,2508.5019599640273,1314392.8781411706
2024-07-16,ETHUSDT,0.9338365603655774,0,113.20563532670248,114.13947188706805,1314392.8781411706
2024-07-17,__CALL__,0.0,-1,3.0,3.0,0.0
2024-07-17,BTCUSDT,0.027147006487425962,0,6.065144979052986,6.092291985540412,1315004.3000584082
2024-07-17,SOLUSDT,18.113309436268082,0,2456.115689268303,2474.228998704571,1315004.3000584082
2024-07-17,ETHUSDT,1.337124933310335,1,114.54276026001281,113.20563532670248,1315004.3000584082
2024-07-18,__CALL__,0.0,-1,3.0,3.0,0.0
2024-07-18,BTCUSDT,0.02618740211735293,0,6.038957576935633,6.065144979052986,1290082.1414053892
2024-07-18,ETHUSDT,0.2767657095271403,0,114.26599455048567,114.54276026001281,1290082.1414053892
2024-07-18,SOLUSDT,32.788763603830375,1,2488.9044528721333,2456.115689268303,1290082.1414053892
2024-07-19,__CALL__,0.0,-1,3.0,3.0,0.0
2024-07-19,SOLUSDT,33.367161085383486,0,2455.53729178675,2488.9044528721333,1303235.5019858945
2024-07-19,ETHUSDT,0.16361815071523722,0,114.10237639977044,114.26599455048567,1303235.5019858945
2024-07-19,BTCUSDT,0.07111193523772741,1,6.110069512173361,6.038957576935633,1303235.5019858945
2024-07-20,__CALL__,0.0,-1,3.0,3.0,0.0
2024-07-20,BTCUSDT,0.022527629398004123,0,6.087541882775357,6.110069512173361,1352651.9648824208
2024-07-20,SOLUSDT,56.08364242056905,0,2399.453649366181,2455.53729178675,1352651.9648824208
2024-07-20,ETHUSDT,1.7224020583624053,1,115.82477845813284,114.10237639977044,1352651.9648824208
2024-07-21,__CALL__,0.0,-1,3.0,3.0,0.0
2024-07-21,SOLUSDT,35.529123689572316,0,2363.9245256766085,2399.453649366181,1367924.3736190319
2024-07-21,BTCUSDT,0.024723578857130946,1,6.112265461632488,6.087541882775357,1367924.3736190319
2024-07-21,ETHUSDT,0.8425455179039858,1,116.66732397603683,115.82477845813284,1367924.3736190319
2024-07-22,__CALL__,0.0,-1,3.0,3.0,0.0
2024-07-22,SOLUSDT,84.00540840298845,0,2279.91911727362,2363.9245256766085,1402074.301565933
2024-07-22,BTCUSDT,0.05835173358752588,1,6.1706171952200135,6.112265461632488,1402074.301565933
2024-07-22,ETHUSDT,2.289300901033826,1,118.95662487707065,116.66732397603683,1402074.301565933
2024-07-23,__CALL__,0.0,-1,3.0,3.0,0.0
2024-07-23,BTCUSDT,0.06712889861123195,0,6.103488296608782,6.1706171952200135,1373935.905488614
2024-07-23,SOLUSDT,24.053972211678683,1,2303.9730894852987,2279.91911727362,1373935.905488614
2024-07-23,ETHUSDT,0.8769489216556678,1,119.83357379872632,118.95662487707065,1373935.905488614
2024-07-24,__CALL__,0.0,-1,3.0,3.0,0.0
2024-07-24,ETHUSDT,3.0385536069630206,0,116.7950201917633,119.83357379872632,1355799.4230286467
2024-07-24,BTCUSDT,0.06521812944972982,1,6.168706426058511,6.103488296608782,1355799.4230286467
2024-07-24,SOLUSDT,46.71655842597784,1,2350.6896479112766,2303.9730894852987,1355799.4230286467
2024-07-25,__CALL__,0.0,-1,3.0,3.0,0.0
2024-07-25,SOLUSDT,81.2952970785841,0,2269.3943508326925,2350.6896479112766,1347036.8955810608
2024-07-25,BTCUSDT,0.012629174724522407,1,6.181335600783034,6.168706426058511,1347036.8955810608
2024-07-25,ETHUSDT,4.347925288826829,1,121.14294548059013,116.7950201917633,1347036.8955810608
2024-07-26,__CALL__,0.0,-1,2.0,3.0,0.0
2024-07-26,BTCUSDT,0.18083264860448178,0,6.000502952178552,6.181335600783034,1316109.376599243
2024-07-26,ETHUSDT,121.14294548059013,0,0.0,121.14294548059013,1316109.376599243
2024-07-26,SOLUSDT,28.015235909686908,1,2297.4095867423794,2269.3943508326925,1316109.376599243
2024-07-27,__CALL__,0.0,-1,2.0,2.0,0.0
2024-07-27,BTCUSDT,0.018389081688633624,0,5.982113870489918,6.000502952178552,1354111.2957240979
2024-07-27,SOLUSDT,78.40389239187834,0,2219.005694350501,2297.4095867423794,1354111.2957240979
2024-07-28,__CALL__,0.0,-1,2.0,2.0,0.0
2024-07-28,SOLUSDT,7.316372031965784,0,2211.6893223185352,2219.005694350501,1355912.987037003
2024-07-28,BTCUSDT,0.008974667453570895,1,5.991088537943489,5.982113870489918,1355912.987037003
2024-07-29,__CALL__,0.0,-1,2.0,2.0,0.0
2024-07-29,BTCUSDT,0.012098882095621377,0,5.978989655847868,5.991088537943489,1360217.8111625556
2024-07-29,SOLUSDT,4.857159281890745,0,2206.8321630366445,2211.6893223185352,1360217.8111625556
2024-07-30,__CALL__,0.0,-1,2.0,2.0,0.0
2024-07-30,BTCUSDT,0.06861743040118373,1,6.047607086249052,5.978989655847868,1346291.6737699937
2024-07-30,SOLUSDT,5.401423686888393,1,2212.233586723533,2206.8321630366445,1346291.6737699937
2024-07-31,__CALL__,0.0,-1,2.0,2.0,0.0
2024-07-31,BTCUSDT,0.003945594450200041,1,6.051552680699252,6.047607086249052,1335133.8961004068
2024-07-31,SOLUSDT,23.42259011786382,1,2235.6561768413967,2212.233586723533,1335133.8961004068
2024-08-01,__CALL__,0.0,-1,1.0,2.0,0.0
2024-08-01,BTCUSDT,6.051552680699252,0,0.0,6.051552680699252,1309011.0772036766
2024-08-01,SOLUSDT,51.491931143023976,1,2287.1481079844207,2235.6561768413967,1309011.0772036766
2024-08-02,__CALL__,0.0,-1,0.0,1.0,0.0
2024-08-02,SOLUSDT,2287.1481079844207,0,0.0,2287.1481079844207,1298707.7807262258
2024-08-03,__CALL__,0.0,-1,0.0,0.0,0.0
2024-08-04,__CALL__,0.0,-1,0.0,0.0,0.0
2024-08-05,__CALL__,0.0,-1,0.0,0.0,0.0
2024-08-06,__CALL__,0.0,-1,0.0,0.0,0.0
2024-08-07,__CALL__,0.0,-1,0.0,0.0,0.0
2024-08-08,__CALL__,0.0,-1,0.0,0.0,0.0
2024-08-09,__CALL__,0.0,-1,0.0,0.0,0.0
2024-08-10,__CALL__,0.0,-1,0.0,0.0,0.0
2024-08-11,__CALL__,0.0,-1,0.0,0.0,0.0
2024-08-12,__CALL__,0.0,-1,0.0,0.0,0.0
2024-08-13,__CALL__,0.0,-1,0.0,0.0,0.0
2024-08-14,__CALL__,0.0,-1,0.0,0.0,0.0
2024-08-15,__CALL__,0.0,-1,0.0,0.0,0.0
2024-08-16,__CALL__,0.0,-1,0.0,0.0,0.0
2024-08-17,__CALL__,0.0,-1,0.0,0.0,0.0
2024-08-18,__CALL__,0.0,-1,0.0,0.0,0.0
2024-08-19,__CALL__,0.0,-1,0.0,0.0,0.0
2024-08-20,__CALL__,0.0,-1,0.0,0.0,0.0
2024-08-21,__CALL__,0.0,-1,0.0,0.0,0.0
2024-08-22,__CALL__,0.0,-1,2.0,0.0,0.0
2024-08-22,BTCUSDT,6.368913846540165,1,6.368913846540165,0.0,1298324.9807585601
2024-08-22,ETHUSDT,148.05793873558136,1,148.05793873558136,0.0,1298324.9807585601
2024-08-23,__CALL__,0.0,-1,2.0,2.0,0.0
2024-08-23,ETHUSDT,0.3484462704508644,0,147.7094924651305,148.05793873558136,1291419.1160821184
2024-08-23,BTCUSDT,0.047987533636729474,1,6.416901380176895,6.368913846540165,1291419.1160821184
2024-08-24,__CALL__,0.0,-1,3.0,2.0,0.0
2024-08-24,BTCUSDT,0.16024271642656984,0,6.256658663750325,6.416901380176895,1335530.472316756
2024-08-24,ETHUSDT,2.6739835179889155,0,145.03550894714158,147.7094924651305,1335530.472316756
2024-08-24,SOLUSDT,2614.074055761059,1,2614.074055761059,0.0,1335530.472316756
2024-08-25,__CALL__,0.0,-1,3.0,3.0,0.0
2024-08-25,SOLUSDT,82.16453642920396,0,2531.909519331855,2614.074055761059,1356006.3261166143
2024-08-25,BTCUSDT,0.0840644684524845,1,6.340723132202809,6.256658663750325,1356006.3261166143
2024-08-25,ETHUSDT,1.929963142834481,1,146.96547208997606,145.03550894714158,1356006.3261166143
2024-08-26,__CALL__,0.0,-1,3.0,3.0,0.0
2024-08-26,BTCUSDT,0.040190575088056235,0,6.300532557114753,6.340723132202809,1348733.7566118117
2024-08-26,SOLUSDT,14.152220194459005,1,2546.061739526314,2531.909519331855,1348733.7566118117
2024-08-26,ETHUSDT,0.3770000950877943,1,147.34247218506385,146.96547208997606,1348733.7566118117
2024-08-27,__CALL__,0.0,-1,3.0,3.0,0.0
2024-08-27,SOLUSDT,14.730698151732213,0,2531.3310413745817,2546.061739526314,1325742.4028691982
2024-08-27,BTCUSDT,0.029204859900866076,1,6.329737417015619,6.300532557114753,1325742.4028691982
2024-08-27,ETHUSDT,1.0344000695434374,1,148.3768722546073,147.34247218506385,1325742.4028691982
2024-08-28,__CALL__,0.0,-1,0.0,3.0,0.0
2024-08-28,BTCUSDT,6.329737417015619,0,0.0,6.329737417015619,1244808.3849267967
2024-08-28,SOLUSDT,2531.3310413745817,0,0.0,2531.3310413745817,1244808.3849267967
2024-08-28,ETHUSDT,148.3768722546073,0,0.0,148.3768722546073,1244808.3849267967
2024-08-29,__CALL__,0.0,-1,0.0,0.0,0.0
2024-08-30,__CALL__,0.0,-1,0.0,0.0,0.0
2024-08-31,__CALL__,0.0,-1,0.0,0.0,0.0
2024-09-01,__CALL__,0.0,-1,0.0,0.0,0.0
2024-09-02,__CALL__,0.0,-1,0.0,0.0,0.0
2024-09-03,__CALL__,0.0,-1,0.0,0.0,0.0
2024-09-04,__CALL__,0.0,-1,0.0,0.0,0.0
2024-09-05,__CALL__,0.0,-1,0.0,0.0,0.0
2024-09-06,__CALL__,0.0,-1,0.0,0.0,0.0
2024-09-07,__CALL__,0.0,-1,0.0,0.0,0.0
2024-09-08,__CALL__,0.0,-1,0.0,0.0,0.0
2024-09-09,__CALL__,0.0,-1,0.0,0.0,0.0
2024-09-10,__CALL__,0.0,-1,0.0,0.0,0.0
2024-09-11,__CALL__,0.0,-1,0.0,0.0,0.0
2024-09-12,__CALL__,0.0,-1,0.0,0.0,0.0
2024-09-13,__CALL__,0.0,-1,0.0,0.0,0.0
2024-09-14,__CALL__,0.0,-1,2.0,0.0,0.0
2024-09-14,BTCUSDT,6.167293388722654,1,6.167293388722654,0.0,1243696.1438599124
2024-09-14,SOLUSDT,2683.850033745715,1,2683.850033745715,0.0,1243696.1438599124
2024-09-15,__CALL__,0.0,-1,2.0,2.0,0.0
2024-09-15,BTCUSDT,0.007509036514494305,1,6.174802425237148,6.167293388722654,1234816.8083295403
2024-09-15,SOLUSDT,17.171176495533473,1,2701.0212102412484,2683.850033745715,1234816.8083295403
2024-09-16,__CALL__,0.0,-1,1.0,2.0,0.0
2024-09-16,BTCUSDT,0.016144602326598978,0,6.158657822910549,6.174802425237148,1213912.5146144887
2024-09-16,SOLUSDT,2701.0212102412484,0,0.0,2701.0212102412484,1213912.5146144887
2024-09-17,__CALL__,0.0,-1,1.0,1.0,0.0
2024-09-17,BTCUSDT,0.06615007317336108,1,6.22480789608391,6.158657822910549,1207902.9797188707
2024-09-18,__CALL__,0.0,-1,1.0,1.0,0.0
2024-09-18,BTCUSDT,0.1517330079789092,0,6.073074888105001,6.22480789608391,1220971.2254410624
2024-09-19,__CALL__,0.0,-1,2.0,1.0,0.0
2024-09-19,BTCUSDT,0.09957708259935227,0,5.973497805505649,6.073074888105001,1229743.6926604996
2024-09-19,SOLUSDT,2746.1896520395767,1,2746.1896520395767,0.0,1229743.6926604996
2024-09-20,__CALL__,0.0,-1,3.0,2.0,0.0
2024-09-20,SOLUSDT,100.7857639351505,0,2645.403888104426,2746.1896520395767,1259917.7348312386
2024-09-20,BTCUSDT,0.031066603996981357,1,6.00456440950263,5.973497805505649,1259917.7348312386
2024-09-20,ETHUSDT,153.32378435856657,1,153.32378435856657,0.0,1259917.7348312386
2024-09-21,__CALL__,0.0,-1,3.0,3.0,0.0
2024-09-21,SOLUSDT,15.383130821379382,0,2630.020757283047,2645.403888104426,1285817.1321833087
2024-09-21,ETHUSDT,2.7244424510317913,0,150.59934190753478,153.32378435856657,1285817.1321833087
2024-09-21,BTCUSDT,0.09889644892715577,1,6.103460858429786,6.00456440950263,1285817.1321833087
2024-09-22,__CALL__,0.0,-1,3.0,3.0,0.0
2024-09-22,SOLUSDT,16.6806457926441,0,2613.3401114904027,2630.020757283047,1301617.5822457576
2024-09-22,ETHUSDT,1.1255671139443564,0,149.47377479359042,150.59934190753478,1301617.5822457576
2024-09-22,BTCUSDT,0.060574363907235806,1,6.164035222337022,6.103460858429786,1301617.5822457576
2024-09-23,__CALL__,0.0,-1,3.0,3.0,0.0
2024-09-23,BTCUSDT,0.09673534771048686,0,6.067299874626535,6.164035222337022,1285838.0433502742
2024-09-23,ETHUSDT,0.01507310755528124,0,149.45870168603514,149.47377479359042,1285838.0433502742
2024-09-23,SOLUSDT,53.63592994263945,1,2666.976041433042,2613.3401114904027,1285838.0433502742
2024-09-24,__CALL__,0.0,-1,3.0,3.0,0.0
2024-09-24,ETHUSDT,2.7286692569397815,0,146.73003242909536,149.45870168603514,1294638.1945778197
2024-09-24,BTCUSDT,0.0645525129798914,1,6.131852387606426,6.067299874626535,1294638.1945778197
2024-09-24,SOLUSDT,15.470787650027432,1,2682.4468290830696,2666.976041433042,1294638.1945778197
2024-09-25,__CALL__,0.0,-1,3.0,3.0,0.0
2024-09-25,SOLUSDT,84.85484731990755,0,2597.591981763162,2682.4468290830696,1322520.7118783477
2024-09-25,BTCUSDT,0.04212129210079407,1,6.17397367970722,6.131852387606426,1322520.7118783477
2024-09-25,ETHUSDT,2.808721100680458,1,149.53875352977582,146.73003242909536,1322520.7118783477
2024-09-26,__CALL__,0.0,-1,3.0,3.0,0.0
2024-09-26,BTCUSDT,0.034896306009464695,0,6.139077373697756,6.17397367970722,1292316.954153579
2024-09-26,SOLUSDT,22.500490006241307,1,2620.0924717694033,2597.591981763162,1292316.954153579
2024-09-26,ETHUSDT,0.725412851731079,1,150.2641663815069,149.53875352977582,1292316.954153579
2024-09-27,__CALL__,0.0,-1,3.0,3.0,0.0
2024-09-27,BTCUSDT,0.005981180002542885,0,6.133096193695213,6.139077373697756,1332394.464852236
2024-09-27,SOLUSDT,50.21747685188893,0,2569.8749949175144,2620.0924717694033,1332394.464852236
2024-09-27,ETHUSDT,1.5900797788771115,1,151.854246160384,150.2641663815069,1332394.464852236
2024-09-28,__CALL__,0.0,-1,3.0,3.0,0.0
2024-09-28,ETHUSDT,1.4494579979459274,0,150.40478816243808,151.854246160384,1350850.5436231357
2024-09-28,BTCUSDT,0.02861054063569579,1,6.161706734330909,6.133096193695213,1350850.5436231357
2024-09-28,SOLUSDT,1.0515452943009223,1,2570.9265402118153,2569.8749949175144,1350850.5436231357
2024-09-29,__CALL__,0.0,-1,3.0,3.0,0.0
2024-09-29,BTCUSDT,0.029267670665558576,0,6.13243906366535,6.161706734330909,1346233.9061829087
2024-09-29,SOLUSDT,5.597682147818432,1,2576.5242223596338,2570.9265402118153,1346233.9061829087
2024-09-29,ETHUSDT,0.5628658729634708,1,150.96765403540155,150.40478816243808,1346233.9061829087
2024-09-30,__CALL__,0.0,-1,3.0,3.0,0.0
2024-09-30,SOLUSDT,27.582739521602434,0,2548.9414828380313,2576.5242223596338,1346435.8663228122
2024-09-30,BTCUSDT,0.024853576696146185,1,6.157292640361496,6.13243906366535,1346435.8663228122
2024-09-30,ETHUSDT,1.0219991450968564,1,151.9896531804984,150.96765403540155,1346435.8663228122
2024-10-01,__CALL__,0.0,-1,3.0,3.0,0.0
2024-10-01,ETHUSDT,1.1026418944069292,0,150.88701128609148,151.9896531804984,1308814.0492520423
2024-10-01,BTCUSDT,0.042913984992849485,1,6.200206625354346,6.157292640361496,1308814.0492520423
2024-10-01,SOLUSDT,25.60594957967305,1,2574.5474324177044,2548.9414828380313,1308814.0492520423
2024-10-02,__CALL__,0.0,-1,1.0,3.0,0.0
2024-10-02,BTCUSDT,6.200206625354346,0,0.0,6.200206625354346,1250831.5159747393
2024-10-02,ETHUSDT,150.88701128609148,0,0.0,150.88701128609148,1250831.5159747393
2024-10-02,SOLUSDT,11.239967102257197,1,2585.7873995199616,2574.5474324177044,1250831.5159747393
2024-10-03,__CALL__,0.0,-1,0.0,1.0,0.0
2024-10-03,SOLUSDT,2585.7873995199616,0,0.0,2585.7873995199616,1237309.747471812
2024-10-04,__CALL__,0.0,-1,0.0,0.0,0.0
2024-10-05,__CALL__,0.0,-1,0.0,0.0,0.0
2024-10-06,__CALL__,0.0,-1,0.0,0.0,0.0
2024-10-07,__CALL__,0.0,-1,0.0,0.0,0.0
2024-10-08,__CALL__,0.0,-1,0.0,0.0,0.0
2024-10-09,__CALL__,0.0,-1,0.0,0.0,0.0
2024-10-10,__CALL__,0.0,-1,0.0,0.0,0.0
2024-10-11,__CALL__,0.0,-1,0.0,0.0,0.0
2024-10-12,__CALL__,0.0,-1,0.0,0.0,0.0
2024-10-13,__CALL__,0.0,-1,1.0,0.0,0.0
2024-10-13,BTCUSDT,5.871006367440229,1,5.871006367440229,0.0,1236947.2718130862
2024-10-14,__CALL__,0.0,-1,2.0,1.0,0.0
2024-10-14,BTCUSDT,0.02020680673260067,1,5.8912131741728295,5.871006367440229,1234602.291076677
2024-10-14,SOLUSDT,2506.9762660875263,1,2506.9762660875263,0.0,1234602.291076677
2024-10-15,__CALL__,0.0,-1,3.0,2.0,0.0
2024-10-15,BTCUSDT,0.09014826889335392,0,5.801064905279476,5.8912131741728295,1277858.577334963
2024-10-15,SOLUSDT,74.34994392855333,0,2432.626322158973,2506.9762660875263,1277858.577334963
2024-10-15,ETHUSDT,145.77497347930975,1,145.77497347930975,0.0,1277858.577334963
2024-10-16,__CALL__,0.0,-1,3.0,3.0,0.0
2024-10-16,BTCUSDT,0.10712113914667754,0,5.693943766132798,5.801064905279476,1273054.6162681114
2024-10-16,SOLUSDT,35.17154832727647,1,2467.7978704862494,2432.626322158973,1273054.6162681114
2024-10-16,ETHUSDT,0.6984993362729313,1,146.47347281558268,145.77497347930975,1273054.6162681114
2024-10-17,__CALL__,0.0,-1,3.0,3.0,0.0
2024-10-17,BTCUSDT,0.03509620077951947,0,5.658847565353279,5.693943766132798,1275504.2412306292
2024-10-17,SOLUSDT,12.44114556783552,1,2480.239016054085,2467.7978704862494,1275504.2412306292
2024-10-17,ETHUSDT,0.0744411125966451,1,146.54791392817933,146.47347281558268,1275504.2412306292
2024-10-18,__CALL__,0.0,-1,3.0,3.0,0.0
2024-10-18,BTCUSDT,0.033553056783311774,0,5.625294508569967,5.658847565353279,1264224.5860787686
2024-10-18,ETHUSDT,0.9999725598556779,0,145.54794136832365,146.54791392817933,1264224.5860787686
2024-10-18,SOLUSDT,39.8099927408025,1,2520.0490087948874,2480.239016054085,1264224.5860787686
2024-10-19,__CALL__,0.0,-1,3.0,3.0,0.0
2024-10-19,SOLUSDT,29.247673759613917,0,2490.8013350352735,2520.0490087948874,1286332.7753128037
2024-10-19,BTCUSDT,0.014207985328061667,1,5.6395024938980285,5.625294508569967,1286332.7753128037
2024-10-19,ETHUSDT,0.5061898966290528,1,146.0541312649527,145.54794136832365,1286332.7753128037
2024-10-20,__CALL__,0.0,-1,3.0,3.0,0.0
2024-10-20,SOLUSDT,51.919013620856276,0,2438.882321414417,2490.8013350352735,1299029.9658815924
2024-10-20,BTCUSDT,0.0598311264260758,1,5.699333620324104,5.6395024938980285,1299029.9658815924
2024-10-20,ETHUSDT,1.1058252904518895,1,147.1599565554046,146.0541312649527,1299029.9658815924
2024-10-21,__CALL__,0.0,-1,3.0,3.0,0.0
2024-10-21,SOLUSDT,44.92505062483406,0,2393.957270789583,2438.882321414417,1335828.108395402
2024-10-21,ETHUSDT,1.2693211355911558,0,145.89063541981344,147.1599565554046,1335828.108395402
2024-10-21,BTCUSDT,0.10592238440733404,1,5.805256004731438,5.699333620324104,1335828.108395402
2024-10-22,__CALL__,0.0,-1,3.0,3.0,0.0
2024-10-22,SOLUSDT,25.99375594125695,0,2367.963514848326,2393.957270789583,1311536.087663131
2024-10-22,BTCUSDT,0.03439115194459319,1,5.8396471566760315,5.805256004731438,1311536.087663131
2024-10-22,ETHUSDT,1.6547789906144033,1,147.54541441042784,145.89063541981344,1311536.087663131
2024-10-23,__CALL__,0.0,-1,3.0,3.0,0.0
2024-10-23,BTCUSDT,0.01663763796418216,0,5.823009518711849,5.8396471566760315,1308740.95100309
2024-10-23,SOLUSDT,25.34853273173985,0,2342.6149821165864,2367.963514848326,1308740.95100309
2024-10-23,ETHUSDT,2.14986528185608,1,149.69527969228392,147.54541441042784,1308740.95100309
2024-10-24,__CALL__,0.0,-1,2.0,3.0,0.0
2024-10-24,SOLUSDT,64.86389173357065,0,2277.7510903830157,2342.6149821165864,1297255.17564357
2024-10-24,ETHUSDT,149.69527969228392,0,0.0,149.69527969228392,1297255.17564357
2024-10-24,BTCUSDT,0.014465243625851443,1,5.837474762337701,5.823009518711849,1297255.17564357
2024-10-25,__CALL__,0.0,-1,3.0,2.0,0.0
2024-10-25,BTCUSDT,0.029941269488771738,0,5.807533492848929,5.837474762337701,1320212.5238091692
2024-10-25,SOLUSDT,42.50219549278427,0,2235.2488948902314,2277.7510903830157,1320212.5238091692
2024-10-25,ETHUSDT,156.1876420510372,1,156.1876420510372,0.0,1320212.5238091692
2024-10-26,__CALL__,0.0,-1,2.0,3.0,0.0
2024-10-26,BTCUSDT,0.10073547067241684,0,5.706798022176512,5.807533492848929,1268779.474806235
2024-10-26,ETHUSDT,156.1876420510372,0,0.0,156.1876420510372,1268779.474806235
2024-10-26,SOLUSDT,72.88180663935054,1,2308.130701529582,2235.2488948902314,1268779.474806235
2024-10-27,__CALL__,0.0,-1,2.0,2.0,0.0
2024-10-27,SOLUSDT,53.105843110725345,0,2255.0248584188566,2308.130701529582,1284386.9551572215
2024-10-27,BTCUSDT,0.036237427699994385,1,5.743035449876507,5.706798022176512,1284386.9551572215
2024-10-28,__CALL__,0.0,-1,2.0,2.0,0.0
2024-10-28,SOLUSDT,42.43483122153657,0,2212.59002719732,2255.0248584188566,1302699.291025083
2024-10-28,BTCUSDT,0.0023349117089050964,1,5.745370361585412,5.743035449876507,1302699.291025083
2024-10-29,__CALL__,0.0,-1,3.0,2.0,0.0
2024-10-29,BTCUSDT,0.09592873374559918,0,5.6494416278398125,5.745370361585412,1317491.4228200745
2024-10-29,SOLUSDT,4.413728424879537,1,2217.0037556221996,2212.59002719732,1317491.4228200745
2024-10-29,ETHUSDT,153.94312279672874,1,153.94312279672874,0.0,1317491.4228200745
2024-10-30,__CALL__,0.0,-1,3.0,3.0,0.0
2024-10-30,BTCUSDT,0.0966986415702289,0,5.552742986269584,5.6494416278398125,1346288.565503809
2024-10-30,ETHUSDT,0.8862173178516457,0,153.0569054788771,153.94312279672874,1346288.565503809
2024-10-30,SOLUSDT,33.93859592178296,1,2250.9423515439826,2217.0037556221996,1346288.565503809
2024-10-31,__CALL__,0.0,-1,3.0,3.0,0.0
2024-10-31,BTCUSDT,0.008643962174227582,0,5.544099024095356,5.552742986269584,1336954.8595780751
2024-10-31,ETHUSDT,2.226589965079171,0,150.83031551379793,153.0569054788771,1336954.8595780751
2024-10-31,SOLUSDT,42.68416571324133,1,2293.626517257224,2250.9423515439826,1336954.8595780751
2024-11-01,__CALL__,0.0,-1,2.0,3.0,0.0
2024-11-01,BTCUSDT,0.037717911104589774,0,5.506381112990766,5.544099024095356,1290181.947376498
2024-11-01,ETHUSDT,150.83031551379793,0,0.0,150.83031551379793,1290181.947376498
2024-11-01,SOLUSDT,0.8460573542511156,1,2294.472574611475,2293.626517257224,1290181.947376498
2024-11-02,__CALL__,0.0,-1,2.0,2.0,0.0
2024-11-02,BTCUSDT,0.016942840050594654,1,5.523323953041361,5.506381112990766,1279496.4048018747
2024-11-02,SOLUSDT,16.339056417089978,1,2310.811631028565,2294.472574611475,1279496.4048018747
2024-11-03,__CALL__,0.0,-1,1.0,2.0,0.0
2024-11-03,SOLUSDT,2310.811631028565,0,0.0,2310.811631028565,1278938.3147149053
2024-11-03,BTCUSDT,0.007240663364574296,1,5.530564616405935,5.523323953041361,1278938.3147149053
2024-11-04,__CALL__,0.0,-1,1.0,1.0,0.0
2024-11-04,BTCUSDT,0.03202655153818146,1,5.562591167944117,5.530564616405935,1275242.4223626037
2024-11-05,__CALL__,0.0,-1,0.0,1.0,0.0
2024-11-05,BTCUSDT,5.562591167944117,0,0.0,5.562591167944117,1270089.3471987161
2024-11-06,__CALL__,0.0,-1,1.0,0.0,0.0
2024-11-06,BTCUSDT,5.49088298889798,1,5.49088298889798,0.0,1269711.9253445135
2024-11-07,__CALL__,0.0,-1,3.0,1.0,0.0
2024-11-07,BTCUSDT,0.31684550711799364,0,5.174037481779987,5.49088298889798,1303374.400503031
2024-11-07,SOLUSDT,2095.569579426091,1,2095.569579426091,0.0,1303374.400503031
2024-11-07,ETHUSDT,143.65524453154006,1,143.65524453154006,0.0,1303374.400503031
2024-11-08,__CALL__,0.0,-1,3.0,3.0,0.0
2024-11-08,SOLUSDT,33.85865074102685,0,2061.710928685064,2095.569579426091,1349458.5307165592
2024-11-08,ETHUSDT,3.837680090815269,0,139.8175644407248,143.65524453154006,1349458.5307165592
2024-11-08,BTCUSDT,0.16275155729656188,1,5.336789039076549,5.174037481779987,1349458.5307165592
2024-11-09,__CALL__,0.0,-1,3.0,3.0,0.0
2024-11-09,SOLUSDT,6.186276279579033,0,2055.524652405485,2061.710928685064,1369390.5276145097
2024-11-09,ETHUSDT,1.1099901065126119,0,138.70757433421218,139.8175644407248,1369390.5276145097
2024-11-09,BTCUSDT,0.032683354812342635,1,5.369472393888891,5.336789039076549,1369390.5276145097
2024-11-10,__CALL__,0.0,-1,3.0,3.0,0.0
2024-11-10,ETHUSDT,5.015936558122235,0,133.69163777608995,138.70757433421218,1393155.971625668
2024-11-10,BTCUSDT,0.08124006290946184,1,5.450712456798353,5.369472393888891,1393155.971625668
2024-11-10,SOLUSDT,35.35929758638349,1,2090.8839499918686,2055.524652405485,1393155.971625668
2024-11-11,__CALL__,0.0,-1,3.0,3.0,0.0
2024-11-11,BTCUSDT,0.06751162376701902,0,5.383200833031334,5.450712456798353,1442159.6433566161
2024-11-11,SOLUSDT,31.342473710378727,0,2059.54147628149,2090.8839499918686,1442159.6433566161
2024-11-11,ETHUSDT,2.224390008375252,1,135.9160277844652,133.69163777608995,1442159.6433566161
2024-11-12,__CALL__,0.0,-1,3.0,3.0,0.0
2024-11-12,BTCUSDT,0.18130568886732057,0,5.2018951441640136,5.383200833031334,1537125.335799505
2024-11-12,SOLUSDT,16.532766816532785,1,2076.0742430980226,2059.54147628149,1537125.335799505
2024-11-12,ETHUSDT,0.8555217571203855,1,136.77154954158559,135.9160277844652,1537125.335799505
2024-11-13,__CALL__,0.0,-1,3.0,3.0,0.0
2024-11-13,BTCUSDT,0.10516700238195931,0,5.096728141782054,5.2018951441640136,1494224.7784200506
2024-11-13,SOLUSDT,42.09153294227826,1,2118.165776040301,2076.0742430980226,1494224.7784200506
2024-11-13,ETHUSDT,1.420943846664244,1,138.19249338824983,136.77154954158559,1494224.7784200506
2024-11-14,__CALL__,0.0,-1,3.0,3.0,0.0
2024-11-14,BTCUSDT,0.09703408216476728,0,4.999694059617287,5.096728141782054,1506161.3508695934
2024-11-14,SOLUSDT,17.91288702491238,0,2100.2528890153885,2118.165776040301,1506161.3508695934
2024-11-14,ETHUSDT,3.5789952477969393,1,141.77148863604677,138.19249338824983,1506161.3508695934
2024-11-15,__CALL__,0.0,-1,3.0,3.0,0.0
2024-11-15,SOLUSDT,8.834210202892336,0,2091.418678812496,2100.2528890153885,1460995.4261224759
2024-11-15,BTCUSDT,0.019437320027558158,1,5.019131379644845,4.999694059617287,1460995.4261224759
2024-11-15,ETHUSDT,1.5190784278804017,1,143.29056706392717,141.77148863604677,1460995.4261224759
2024-11-16,__CALL__,0.0,-1,3.0,3.0,0.0
2024-11-16,BTCUSDT,0.06721071847297733,0,4.951920661171868,5.019131379644845,1502612.094988664
2024-11-16,SOLUSDT,27.769056681054735,0,2063.6496221314414,2091.418678812496,1502612.094988664
2024-11-16,ETHUSDT,2.5936297742541967,1,145.88419683818137,143.29056706392717,1502612.094988664
2024-11-17,__CALL__,0.0,-1,3.0,3.0,0.0
2024-11-17,ETHUSDT,2.147407903393571,0,143.7367889347878,145.88419683818137,1501033.6482462103
2024-11-17,BTCUSDT,0.019049124903190773,1,4.970969786075059,4.951920661171868,1501033.6482462103
2024-11-17,SOLUSDT,23.82530798943708,1,2087.4749301208785,2063.6496221314414,1501033.6482462103
2024-11-18,__CALL__,0.0,-1,3.0,3.0,0.0
2024-11-18,SOLUSDT,148.77946509266508,0,1938.6954650282134,2087.4749301208785,1534606.7148227382
2024-11-18,BTCUSDT,0.15258495184044651,1,5.123554737915505,4.970969786075059,1534606.7148227382
2024-11-18,ETHUSDT,5.932753524205282,1,149.66954245899308,143.7367889347878,1534606.7148227382
2024-11-19,__CALL__,0.0,-1,3.0,3.0,0.0
2024-11-19,ETHUSDT,3.599587732712365,0,146.0699547262807,149.66954245899308,1561882.2334309898
2024-11-19,BTCUSDT,0.056011784027210965,1,5.179566521942716,5.123554737915505,1561882.2334309898
2024-11-19,SOLUSDT,15.367186244208597,1,1954.062651272422,1938.6954650282134,1561882.2334309898
2024-11-20,__CALL__,0.0,-1,3.0,3.0,0.0
2024-11-20,BTCUSDT,0.13389555645820916,0,5.045670965484507,5.179566521942716,1552566.3586430848
2024-11-20,SOLUSDT,5.918449506920524,1,1959.9811007793426,1954.062651272422,1552566.3586430848
2024-11-20,ETHUSDT,3.8181898654850386,1,149.88814459176575,146.0699547262807,1552566.3586430848
2024-11-21,__CALL__,0.0,-1,3.0,3.0,0.0
2024-11-21,BTCUSDT,0.10543861952903111,0,4.940232345955476,5.045670965484507,1552658.4195048418
2024-11-21,SOLUSDT,18.09573930350348,1,1978.076840082846,1959.9811007793426,1552658.4195048418
2024-11-21,ETHUSDT,1.8389179842793908,1,151.72706257604514,149.88814459176575,1552658.4195048418
2024-11-22,__CALL__,0.0,-1,3.0,3.0,0.0
2024-11-22,SOLUSDT,38.839171323472556,0,1939.2376687593735,1978.076840082846,1657272.5432848737
2024-11-22,ETHUSDT,3.5746315156153514,0,148.1524310604298,151.72706257604514,1657272.5432848737
2024-11-22,BTCUSDT,0.11668731572754165,1,5.056919661683017,4.940232345955476,1657272.5432848737
2024-11-23,__CALL__,0.0,-1,3.0,3.0,0.0
2024-11-23,BTCUSDT,0.03024943303048655,0,5.026670228652531,5.056919661683017,1656991.5741730202
2024-11-23,SOLUSDT,4.253301059438172,0,1934.9843676999353,1939.2376687593735,1656991.5741730202
2024-11-23,ETHUSDT,1.2256732239863766,1,149.37810428441617,148.1524310604298,1656991.5741730202
2024-11-24,__CALL__,0.0,-1,3.0,3.0,0.0
2024-11-24,ETHUSDT,2.9221310435349324,0,146.45597324088124,149.37810428441617,1656861.2642328409
2024-11-24,BTCUSDT,0.06236605203138179,1,5.089036280683913,5.026670228652531,1656861.2642328409
2024-11-24,SOLUSDT,15.028936230189856,1,1950.0133039301252,1934.9843676999353,1656861.2642328409
2024-11-25,__CALL__,0.0,-1,3.0,3.0,0.0
2024-11-25,BTCUSDT,0.03592687278276063,0,5.053109407901152,5.089036280683913,1648998.8263267544
2024-11-25,SOLUSDT,7.332732099009036,1,1957.3460360291342,1950.0133039301252,1648998.8263267544
2024-11-25,ETHUSDT,0.7230645601509593,1,147.1790378010322,146.45597324088124,1648998.8263267544
2024-11-26,__CALL__,0.0,-1,3.0,3.0,0.0
2024-11-26,ETHUSDT,6.971176872532425,0,140.20786092849977,147.1790378010322,1595794.4589751195
2024-11-26,BTCUSDT,0.09406076176091549,1,5.1471701696620675,5.053109407901152,1595794.4589751195
2024-11-26,SOLUSDT,86.97180779000882,1,2044.317843819143,1957.3460360291342,1595794.4589751195
2024-11-27,__CALL__,0.0,-1,3.0,3.0,0.0
2024-11-27,BTCUSDT,0.023560519876280495,0,5.123609649785787,5.1471701696620675,1570645.2066885256
2024-11-27,SOLUSDT,1.7778246597183625,0,2042.5400191594247,2044.317843819143,1570645.2066885256
2024-11-27,ETHUSDT,1.5155710964331774,1,141.72343202493295,140.20786092849977,1570645.2066885256
2024-11-28,__CALL__,0.0,-1,3.0,3.0,0.0
2024-11-28,ETHUSDT,5.391679075674233,0,136.3317529492587,141.72343202493295,1660189.0191988933
2024-11-28,BTCUSDT,0.07188952614179289,1,5.19549917592758,5.123609649785787,1660189.0191988933
2024-11-28,SOLUSDT,15.885720382941372,1,2058.425739542366,2042.5400191594247,1660189.0191988933
2024-11-29,__CALL__,0.0,-1,3.0,3.0,0.0
2024-11-29,BTCUSDT,0.051888198700064336,0,5.143610977227516,5.19549917592758,1639851.627071626
2024-11-29,SOLUSDT,12.268276494058682,1,2070.6940160364247,2058.425739542366,1639851.627071626
2024-11-29,ETHUSDT,1.132056542578681,1,137.4638094918374,136.3317529492587,1639851.627071626
2024-11-30,__CALL__,0.0,-1,3.0,3.0,0.0
2024-11-30,BTCUSDT,0.024797781850965706,0,5.11881319537655,5.143610977227516,1662931.7800713286
2024-11-30,SOLUSDT,20.476080445509524,0,2050.217935590915,2070.6940160364247,1662931.7800713286
2024-11-30,ETHUSDT,1.4139702906045386,1,138.87777978244193,137.4638094918374,1662931.7800713286
2024-12-01,__CALL__,0.0,-1,3.0,3.0,0.0
2024-12-01,ETHUSDT,4.312129272178339,0,134.5656505102636,138.87777978244193,1661253.3646678876
2024-12-01,BTCUSDT,0.05063384000092075,1,5.169447035377471,5.11881319537655,1661253.3646678876
2024-12-01,SOLUSDT,47.32413763292925,1,2097.5420732238445,2050.217935590915,1661253.3646678876
2024-12-02,__CALL__,0.0,-1,3.0,3.0,0.0
2024-12-02,BTCUSDT,0.03261161195328288,0,5.136835423424188,5.169447035377471,1664080.7783968938
2024-12-02,SOLUSDT,10.757465075539585,1,2108.299538299384,2097.5420732238445,1664080.7783968938
2024-12-02,ETHUSDT,0.08287483487006853,1,134.64852534513366,134.5656505102636,1664080.7783968938
2024-12-03,__CALL__,0.0,-1,2.0,3.0,0.0
2024-12-03,BTCUSDT,0.04961274698739526,0,5.0872226764367925,5.136835423424188,1625208.4044534024
2024-12-03,SOLUSDT,2108.299538299384,0,0.0,2108.299538299384,1625208.4044534024
2024-12-03,ETHUSDT,0.8288744985829339,0,133.81965084655073,134.64852534513366,1625208.4044534024
2024-12-04,__CALL__,0.0,-1,2.0,2.0,0.0
2024-12-04,BTCUSDT,0.013964033602598569,0,5.073258642834194,5.0872226764367925,1620900.8517411056
2024-12-04,ETHUSDT,0.7131777273180546,1,134.53282857386878,133.81965084655073,1620900.8517411056
2024-12-05,__CALL__,0.0,-1,2.0,2.0,0.0
2024-12-05,BTCUSDT,0.007215189876787598,0,5.066043452957406,5.073258642834194,1664825.4953791844
2024-12-05,ETHUSDT,4.393779572016285,0,130.1390490018525,134.53282857386878,1664825.4953791844
2024-12-06,__CALL__,0.0,-1,2.0,2.0,0.0
2024-12-06,BTCUSDT,0.038818899820808994,1,5.104862352778215,5.066043452957406,1649647.0373693057
2024-12-06,ETHUSDT,0.6051148141538931,1,130.7441638160064,130.1390490018525,1649647.0373693057
2024-12-07,__CALL__,0.0,-1,2.0,2.0,0.0
2024-12-07,BTCUSDT,0.016139702647747,0,5.088722650130468,5.104862352778215,1691844.9691124968
2024-12-07,ETHUSDT,3.819938757473267,0,126.92422505853312,130.7441638160064,1691844.9691124968
2024-12-08,__CALL__,0.0,-1,2.0,2.0,0.0
2024-12-08,BTCUSDT,0.0043138104135049815,0,5.084408839716963,5.088722650130468,1691955.5452155995
2024-12-08,ETHUSDT,0.09247254216757028,1,127.0166976007007,126.92422505853312,1691955.5452155995
2024-12-09,__CALL__,0.0,-1,2.0,2.0,0.0
2024-12-09,BTCUSDT,0.04198604044205645,0,5.042422799274907,5.084408839716963,1699457.8671478392
2024-12-09,ETHUSDT,0.3105435312880189,1,127.32724113198871,127.0166976007007,1699457.8671478392
2024-12-10,__CALL__,0.0,-1,2.0,2.0,0.0
2024-12-10,BTCUSDT,0.02434840357404955,1,5.066771202848956,5.042422799274907,1642925.5005382881
2024-12-10,ETHUSDT,5.452298243411732,1,132.77953937540045,127.32724113198871,1642925.5005382881
2024-12-11,__CALL__,0.0,-1,0.0,2.0,0.0
2024-12-11,BTCUSDT,5.066771202848956,0,0.0,5.066771202848956,1628318.258200843
2024-12-11,ETHUSDT,132.77953937540045,0,0.0,132.77953937540045,1628318.258200843
2024-12-12,__CALL__,0.0,-1,2.0,0.0,0.0
2024-12-12,BTCUSDT,4.827729307892409,1,4.827729307892409,0.0,1627347.0875353995
2024-12-12,ETHUSDT,127.40789430377623,1,127.40789430377623,0.0,1627347.0875353995
2024-12-13,__CALL__,0.0,-1,2.0,2.0,0.0
2024-12-13,ETHUSDT,1.637398785349859,0,125.77049551842637,127.40789430377623,1627302.5589553292
2024-12-13,BTCUSDT,0.05396898988252552,1,4.881698297774935,4.827729307892409,1627302.5589553292
2024-12-14,__CALL__,0.0,-1,2.0,2.0,0.0
2024-12-14,BTCUSDT,0.038501157086201054,0,4.8431971406887335,4.881698297774935,1637391.999196739
2024-12-14,ETHUSDT,0.03649489907904524,0,125.73400061934733,125.77049551842637,1637391.999196739
2024-12-15,__CALL__,0.0,-1,2.0,2.0,0.0
2024-12-15,BTCUSDT,0.01344527253213279,0,4.829751868156601,4.8431971406887335,1632778.1148948083
2024-12-15,ETHUSDT,0.8281336567167301,1,126.56213427606406,125.73400061934733,1632778.1148948083
2024-12-16,__CALL__,0.0,-1,2.0,2.0,0.0
2024-12-16,BTCUSDT,0.06625577189563803,0,4.763496096260963,4.829751868156601,1658712.7299499733
2024-12-16,ETHUSDT,0.873198702961929,0,125.68893557310213,126.56213427606406,1658712.7299499733
2024-12-17,__CALL__,0.0,-1,2.0,2.0,0.0
2024-12-17,BTCUSDT,0.040512283203756105,0,4.722983813057207,4.763496096260963,1669710.9326834586
2024-12-17,ETHUSDT,0.02834287617676523,0,125.66059269692536,125.68893557310213,1669710.9326834586
2024-12-18,__CALL__,0.0,-1,2.0,2.0,0.0
2024-12-18,BTCUSDT,0.03546647651458823,0,4.687517336542618,4.722983813057207,1658345.8549868364
2024-12-18,ETHUSDT,2.133519120938331,1,127.7941118178637,125.66059269692536,1658345.8549868364
2024-12-19,__CALL__,0.0,-1,1.0,2.0,0.0
2024-12-19,ETHUSDT,127.7941118178637,0,0.0,127.7941118178637,1596517.9867866868
2024-12-19,BTCUSDT,0.09228545270528343,1,4.779802789247902,4.687517336542618,1596517.9867866868
2024-12-20,__CALL__,0.0,-1,0.0,1.0,0.0
2024-12-20,BTCUSDT,4.779802789247902,0,0.0,4.779802789247902,1582938.3269733877
2024-12-21,__CALL__,0.0,-1,0.0,0.0,0.0
2024-12-22,__CALL__,0.0,-1,0.0,0.0,0.0
2024-12-23,__CALL__,0.0,-1,0.0,0.0,0.0
2024-12-24,__CALL__,0.0,-1,0.0,0.0,0.0
2024-12-25,__CALL__,0.0,-1,0.0,0.0,0.0
2024-12-26,__CALL__,0.0,-1,0.0,0.0,0.0
2024-12-27,__CALL__,0.0,-1,0.0,0.0,0.0
2024-12-28,__CALL__,0.0,-1,0.0,0.0,0.0
2024-12-29,__CALL__,0.0,-1,0.0,0.0,0.0
2024-12-30,__CALL__,0.0,-1,0.0,0.0,0.0
2024-12-31,__CALL__,0.0,-1,0.0,0.0,0.0
2025-01-01,__CALL__,0.0,-1,0.0,0.0,0.0
2025-01-02,__CALL__,0.0,-1,0.0,0.0,0.0
2025-01-03,__CALL__,0.0,-1,1.0,0.0,0.0
2025-01-03,SOLUSDT,2279.1249956624724,1,2279.1249956624724,0.0,1582472.4785061018
2025-01-04,__CALL__,0.0,-1,3.0,1.0,0.0
2025-01-04,SOLUSDT,71.64071731595186,0,2207.4842783465206,2279.1249956624724,1604105.2422651383
2025-01-04,BTCUSDT,4.901814433354918,1,4.901814433354918,0.0,1604105.2422651383
2025-01-04,ETHUSDT,133.34208165129994,1,133.34208165129994,0.0,1604105.2422651383
2025-01-05,__CALL__,0.0,-1,3.0,3.0,0.0
2025-01-05,ETHUSDT,1.5245660467636526,0,131.81751560453628,133.34208165129994,1606802.7367218386
2025-01-05,BTCUSDT,0.0059266458986426684,1,4.907741079253561,4.901814433354918,1606802.7367218386
2025-01-05,SOLUSDT,17.28530253789495,1,2224.7695808844155,2207.4842783465206,1606802.7367218386
2025-01-06,__CALL__,0.0,-1,3.0,3.0,0.0
2025-01-06,BTCUSDT,0.03554267503158304,0,4.872198404221978,4.907741079253561,1597490.0687679632
2025-01-06,ETHUSDT,0.011404320050871775,0,131.8061112844854,131.81751560453628,1597490.0687679632
2025-01-06,SOLUSDT,20.89375451000933,1,2245.663335394425,2224.7695808844155,1597490.0687679632
2025-01-07,__CALL__,0.0,-1,3.0,3.0,0.0
2025-01-07,BTCUSDT,0.07759976564445825,0,4.7945986385775194,4.872198404221978,1633928.920219054
2025-01-07,SOLUSDT,0.5958219866611216,1,2246.259157381086,2245.663335394425,1633928.920219054
2025-01-07,ETHUSDT,1.125864247238269,1,132.93197553172368,131.8061112844854,1633928.920219054
2025-01-08,__CALL__,0.0,-1,2.0,3.0,0.0
2025-01-08,BTCUSDT,0.05470134026447937,0,4.73989729831304,4.7945986385775194,1531849.5133503699
2025-01-08,ETHUSDT,132.93197553172368,0,0.0,132.93197553172368,1531849.5133503699
2025-01-08,SOLUSDT,26.851878713792757,1,2273.1110360948787,2246.259157381086,1531849.5133503699
2025-01-09,__CALL__,0.0,-1,1.0,2.0,0.0
2025-01-09,BTCUSDT,4.73989729831304,0,0.0,4.73989729831304,1511751.0721720452
2025-01-09,SOLUSDT,23.45231950361631,1,2296.563355598495,2273.1110360948787,1511751.0721720452
2025-01-10,__CALL__,0.0,-1,0.0,1.0,0.0
2025-01-10,SOLUSDT,2296.563355598495,0,0.0,2296.563355598495,1482542.9153012428
2025-01-11,__CALL__,0.0,-1,0.0,0.0,0.0
2025-01-12,__CALL__,0.0,-1,0.0,0.0,0.0
2025-01-13,__CALL__,0.0,-1,0.0,0.0,0.0
2025-01-14,__CALL__,0.0,-1,0.0,0.0,0.0
2025-01-15,__CALL__,0.0,-1,1.0,0.0,0.0
2025-01-15,BTCUSDT,4.604717498690211,1,4.604717498690211,0.0,1482118.1429275726
2025-01-16,__CALL__,0.0,-1,3.0,1.0,0.0
2025-01-16,BTCUSDT,0.12758465508820116,0,4.47713284360201,4.604717498690211,1499799.9779182882
2025-01-16,SOLUSDT,2185.6601187285796,1,2185.6601187285796,0.0,1499799.9779182882
2025-01-16,ETHUSDT,130.36033275361692,1,130.36033275361692,0.0,1499799.9779182882
2025-01-17,__CALL__,0.0,-1,2.0,3.0,0.0
2025-01-17,BTCUSDT,0.008176063483055884,0,4.468956780118954,4.47713284360201,1489463.027650993
2025-01-17,SOLUSDT,69.44453164994911,0,2116.2155870786305,2185.6601187285796,1489463.027650993
2025-01-17,ETHUSDT,130.36033275361692,0,0.0,130.36033275361692,1489463.027650993
2025-01-18,__CALL__,0.0,-1,3.0,2.0,0.0
2025-01-18,BTCUSDT,0.07317003836049185,0,4.395786741758462,4.468956780118954,1525007.8574901023
2025-01-18,SOLUSDT,32.11232385532094,0,2084.1032632233096,2116.2155870786305,1525007.8574901023
2025-01-18,ETHUSDT,131.70690439862312,1,131.70690439862312,0.0,1525007.8574901023
2025-01-19,__CALL__,0.0,-1,2.0,3.0,0.0
2025-01-19,SOLUSDT,259.5551166907419,0,1824.5481465325677,2084.1032632233096,1593256.2672478948
2025-01-19,ETHUSDT,131.70690439862312,0,0.0,131.70690439862312,1593256.2672478948
2025-01-19,BTCUSDT,0.17569499480412087,1,4.571481736562583,4.395786741758462,1593256.2672478948
2025-01-20,__CALL__,0.0,-1,2.0,2.0,0.0
2025-01-20,BTCUSDT,0.04859427407216543,1,4.620076010634748,4.571481736562583,1560531.8570690984
2025-01-20,SOLUSDT,30.28374111293533,1,1854.831887645503,1824.5481465325677,1560531.8570690984
2025-01-21,__CALL__,0.0,-1,2.0,2.0,0.0
2025-01-21,BTCUSDT,0.08501150577526229,0,4.535064504859486,4.620076010634748,1545852.32088977
2025-01-21,SOLUSDT,60.08970081033817,1,1914.9215884558412,1854.831887645503,1545852.32088977
2025-01-22,__CALL__,0.0,-1,2.0,2.0,0.0
2025-01-22,BTCUSDT,0.07211298899828122,0,4.462951515861205,4.535064504859486,1579049.0792099042
2025-01-22,SOLUSDT,22.560623737450214,0,1892.360964718391,1914.9215884558412,1579049.0792099042
2025-01-23,__CALL__,0.0,-1,2.0,2.0,0.0
2025-01-23,SOLUSDT,48.92808127744547,0,1843.4328834409455,1892.360964718391,1581481.0407001968
2025-01-23,BTCUSDT,0.11191695802288137,1,4.574868473884086,4.462951515861205,1581481.0407001968
2025-01-24,__CALL__,0.0,-1,2.0,2.0,0.0
2025-01-24,BTCUSDT,0.028966817180296367,0,4.54590165670379,4.574868473884086,1574554.1310554733
2025-01-24,SOLUSDT,22.742244675462643,1,1866.1751281164081,1843.4328834409455,1574554.1310554733
2025-01-25,__CALL__,0.0,-1,2.0,2.0,0.0
2025-01-25,BTCUSDT,0.027878241827960615,0,4.518023414875829,4.54590165670379,1579358.0327559786
2025-01-25,SOLUSDT,3.9204224258157865,1,1870.095550542224,1866.1751281164081,1579358.0327559786
2025-01-26,__CALL__,0.0,-1,3.0,2.0,0.0
2025-01-26,SOLUSDT,16.179109466595946,0,1853.916441075628,1870.095550542224,1584480.5472546103
2025-01-26,BTCUSDT,0.02000442684324888,1,4.538027841719078,4.518023414875829,1584480.5472546103
2025-01-26,ETHUSDT,143.22944797986537,1,143.22944797986537,0.0,1584480.5472546103
2025-01-27,__CALL__,0.0,-1,2.0,3.0,0.0
2025-01-27,BTCUSDT,0.05787152017855579,0,4.480156321540522,4.538027841719078,1532512.2557256988
2025-01-27,ETHUSDT,143.22944797986537,0,0.0,143.22944797986537,1532512.2557256988
2025-01-27,SOLUSDT,57.82070481910296,1,1911.737145894731,1853.916441075628,1532512.2557256988
2025-01-28,__CALL__,0.0,-1,2.0,2.0,0.0
2025-01-28,BTCUSDT,0.016321944698129087,0,4.463834376842393,4.480156321540522,1518936.1248988952
2025-01-28,SOLUSDT,28.155784330195956,1,1939.8929302249269,1911.737145894731,1518936.1248988952
2025-01-29,__CALL__,0.0,-1,2.0,2.0,0.0
2025-01-29,BTCUSDT,0.02200629070970006,0,4.441828086132693,4.463834376842393,1500383.247092151
2025-01-29,SOLUSDT,42.46846749988072,1,1982.3613977248076,1939.8929302249269,1500383.247092151
2025-01-30,__CALL__,0.0,-1,2.0,2.0,0.0
2025-01-30,BTCUSDT,0.06559691722180006,0,4.376231168910893,4.441828086132693,1513202.2730080863
2025-01-30,SOLUSDT,7.297940529381549,1,1989.6593382541892,1982.3613977248076,1513202.2730080863
2025-01-31,__CALL__,0.0,-1,2.0,2.0,0.0
2025-01-31,SOLUSDT,53.82212122103624,0,1935.837217033153,1989.6593382541892,1537700.0490890222
2025-01-31,BTCUSDT,0.028821112273510252,1,4.405052281184403,4.376231168910893,1537700.0490890222
2025-02-01,__CALL__,0.0,-1,3.0,2.0,0.0
2025-02-01,BTCUSDT,0.03196975609997832,1,4.437022037284382,4.405052281184403,1514940.7536063264
2025-02-01,SOLUSDT,25.08187389297086,1,1960.9190909261238,1935.837217033153,1514940.7536063264
2025-02-01,ETHUSDT,137.68058292404245,1,137.68058292404245,0.0,1514940.7536063264
2025-02-02,__CALL__,0.0,-1,0.0,3.0,0.0
2025-02-02,BTCUSDT,4.437022037284382,0,0.0,4.437022037284382,1444512.4511916856
2025-02-02,SOLUSDT,1960.9190909261238,0,0.0,1960.9190909261238,1444512.4511916856
2025-02-02,ETHUSDT,137.68058292404245,0,0.0,137.68058292404245,1444512.4511916856
2025-02-03,__CALL__,0.0,-1,0.0,0.0,0.0
2025-02-04,__CALL__,0.0,-1,0.0,0.0,0.0
2025-02-05,__CALL__,0.0,-1,0.0,0.0,0.0
2025-02-06,__CALL__,0.0,-1,0.0,0.0,0.0
2025-02-07,__CALL__,0.0,-1,0.0,0.0,0.0
2025-02-08,__CALL__,0.0,-1,0.0,0.0,0.0
2025-02-09,__CALL__,0.0,-1,0.0,0.0,0.0
2025-02-10,__CALL__,0.0,-1,0.0,0.0,0.0
2025-02-11,__CALL__,0.0,-1,0.0,0.0,0.0
2025-02-12,__CALL__,0.0,-1,0.0,0.0,0.0
2025-02-13,__CALL__,0.0,-1,0.0,0.0,0.0
2025-02-14,__CALL__,0.0,-1,0.0,0.0,0.0
2025-02-15,__CALL__,0.0,-1,0.0,0.0,0.0
2025-02-16,__CALL__,0.0,-1,0.0,0.0,0.0
2025-02-17,__CALL__,0.0,-1,0.0,0.0,0.0
2025-02-18,__CALL__,0.0,-1,0.0,0.0,0.0
2025-02-19,__CALL__,0.0,-1,0.0,0.0,0.0
2025-02-20,__CALL__,0.0,-1,0.0,0.0,0.0
2025-02-21,__CALL__,0.0,-1,2.0,0.0,0.0
2025-02-21,BTCUSDT,4.404309611566629,1,4.404309611566629,0.0,1443218.9692457544
2025-02-21,ETHUSDT,158.12978794932926,1,158.12978794932926,0.0,1443218.9692457544
2025-02-22,__CALL__,0.0,-1,0.0,2.0,0.0
2025-02-22,BTCUSDT,4.404309611566629,0,0.0,4.404309611566629,1421136.5542768505
2025-02-22,ETHUSDT,158.12978794932926,0,0.0,158.12978794932926,1421136.5542768505
2025-02-23,__CALL__,0.0,-1,1.0,0.0,0.0
2025-02-23,ETHUSDT,154.19909121765767,1,154.19909121765767,0.0,1420291.8393788906
2025-02-24,__CALL__,0.0,-1,1.0,1.0,0.0
2025-02-24,ETHUSDT,2.2070287930510233,0,151.99206242460664,154.19909121765767,1428573.3699905865
2025-02-25,__CALL__,0.0,-1,0.0,1.0,0.0
2025-02-25,ETHUSDT,151.99206242460664,0,0.0,151.99206242460664,1382030.2275485229
2025-02-26,__CALL__,0.0,-1,0.0,0.0,0.0
2025-02-27,__CALL__,0.0,-1,0.0,0.0,0.0
2025-02-28,__CALL__,0.0,-1,0.0,0.0,0.0
2025-03-01,__CALL__,0.0,-1,0.0,0.0,0.0
2025-03-02,__CALL__,0.0,-1,0.0,0.0,0.0
2025-03-03,__CALL__,0.0,-1,2.0,0.0,0.0
2025-03-03,BTCUSDT,4.396886518380381,1,4.396886518380381,0.0,1381648.1924568086
2025-03-03,SOLUSDT,2319.239340342099,1,2319.239340342099,0.0,1381648.1924568086
2025-03-04,__CALL__,0.0,-1,0.0,2.0,0.0
2025-03-04,BTCUSDT,4.396886518380381,0,0.0,4.396886518380381,1260638.0006983834
2025-03-04,SOLUSDT,2319.239340342099,0,0.0,2319.239340342099,1260638.0006983834
2025-03-05,__CALL__,0.0,-1,0.0,0.0,0.0
2025-03-06,__CALL__,0.0,-1,0.0,0.0,0.0
2025-03-07,__CALL__,0.0,-1,0.0,0.0,0.0
2025-03-08,__CALL__,0.0,-1,0.0,0.0,0.0
2025-03-09,__CALL__,0.0,-1,0.0,0.0,0.0
2025-03-10,__CALL__,0.0,-1,0.0,0.0,0.0
2025-03-11,__CALL__,0.0,-1,0.0,0.0,0.0
2025-03-12,__CALL__,0.0,-1,0.0,0.0,0.0
2025-03-13,__CALL__,0.0,-1,0.0,0.0,0.0
2025-03-14,__CALL__,0.0,-1,0.0,0.0,0.0
2025-03-15,__CALL__,0.0,-1,0.0,0.0,0.0
2025-03-16,__CALL__,0.0,-1,0.0,0.0,0.0
2025-03-17,__CALL__,0.0,-1,0.0,0.0,0.0
2025-03-18,__CALL__,0.0,-1,0.0,0.0,0.0
2025-03-19,__CALL__,0.0,-1,0.0,0.0,0.0
2025-03-20,__CALL__,0.0,-1,1.0,0.0,0.0
2025-03-20,BTCUSDT,4.3522909968931955,1,4.3522909968931955,0.0,1259929.1929857524
2025-03-21,__CALL__,0.0,-1,0.0,1.0,0.0
2025-03-21,BTCUSDT,4.3522909968931955,0,0.0,4.3522909968931955,1248137.1270748638
2025-03-22,__CALL__,0.0,-1,0.0,0.0,0.0
2025-03-23,__CALL__,0.0,-1,0.0,0.0,0.0
2025-03-24,__CALL__,0.0,-1,2.0,0.0,0.0
2025-03-24,BTCUSDT,4.348516466427395,1,4.348516466427395,0.0,1247770.562404121
2025-03-24,SOLUSDT,2817.697790917379,1,2817.697790917379,0.0,1247770.562404121
2025-03-25,__CALL__,0.0,-1,3.0,2.0,0.0
2025-03-25,SOLUSDT,102.6343154344022,0,2715.0634754829766,2817.697790917379,1276170.2858785514
2025-03-25,BTCUSDT,0.027016712462478942,1,4.375533178889874,4.348516466427395,1276170.2858785514
2025-03-25,ETHUSDT,183.95689734087824,1,183.95689734087824,0.0,1276170.2858785514
2025-03-26,__CALL__,0.0,-1,3.0,3.0,0.0
2025-03-26,SOLUSDT,42.373651525560035,0,2672.6898239574166,2715.0634754829766,1279683.8822732097
2025-03-26,BTCUSDT,0.017332147519201868,1,4.392865326409076,4.375533178889874,1279683.8822732097
2025-03-26,ETHUSDT,1.8492265859131294,1,185.80612392679137,183.95689734087824,1279683.8822732097
2025-03-27,__CALL__,0.0,-1,3.0,3.0,0.0
2025-03-27,BTCUSDT,0.0772828063188431,0,4.315582520090233,4.392865326409076,1250212.3432642259
2025-03-27,SOLUSDT,58.02503816349281,1,2730.7148621209094,2672.6898239574166,1250212.3432642259
2025-03-27,ETHUSDT,0.8373030278486908,1,186.64342695464006,185.80612392679137,1250212.3432642259
2025-03-28,__CALL__,0.0,-1,3.0,3.0,0.0
2025-03-28,BTCUSDT,0.004754967337258442,0,4.310827552752975,4.315582520090233,1253473.8092002925
2025-03-28,SOLUSDT,14.432457262928438,0,2716.282404857981,2730.7148621209094,1253473.8092002925
2025-03-28,ETHUSDT,1.0332535928439768,1,187.67668054748404,186.64342695464006,1253473.8092002925
2025-03-29,__CALL__,0.0,-1,1.0,3.0,0.0
2025-03-29,BTCUSDT,0.05715953118719863,0,4.253668021565776,4.310827552752975,1197044.324699862
2025-03-29,SOLUSDT,2716.282404857981,0,0.0,2716.282404857981,1197044.324699862
2025-03-29,ETHUSDT,187.67668054748404,0,0.0,187.67668054748404,1197044.324699862
2025-03-30,__CALL__,0.0,-1,0.0,1.0,0.0
2025-03-30,BTCUSDT,4.253668021565776,0,0.0,4.253668021565776,1188777.8535679241
2025-03-31,__CALL__,0.0,-1,0.0,0.0,0.0
2025-04-01,__CALL__,0.0,-1,0.0,0.0,0.0
2025-04-02,__CALL__,0.0,-1,1.0,0.0,0.0
2025-04-02,BTCUSDT,4.186646191529314,1,4.186646191529314,0.0,1188426.2941535166
2025-04-03,__CALL__,0.0,-1,0.0,1.0,0.0
2025-04-03,BTCUSDT,4.186646191529314,0,0.0,4.186646191529314,1177008.3526536897
2025-04-04,__CALL__,0.0,-1,0.0,0.0,0.0
2025-04-05,__CALL__,0.0,-1,0.0,0.0,0.0
2025-04-06,__CALL__,0.0,-1,0.0,0.0,0.0
2025-04-07,__CALL__,0.0,-1,0.0,0.0,0.0
2025-04-08,__CALL__,0.0,-1,0.0,0.0,0.0
2025-04-09,__CALL__,0.0,-1,0.0,0.0,0.0
2025-04-10,__CALL__,0.0,-1,0.0,0.0,0.0
2025-04-11,__CALL__,0.0,-1,0.0,0.0,0.0
2025-04-12,__CALL__,0.0,-1,1.0,0.0,0.0
2025-04-12,BTCUSDT,4.231391363685597,1,4.231391363685597,0.0,1176662.8861790553
2025-04-13,__CALL__,0.0,-1,2.0,1.0,0.0
2025-04-13,BTCUSDT,0.06560590724769533,0,4.165785456437901,4.231391363685597,1184150.9860875614
2025-04-13,SOLUSDT,2686.3678241803477,1,2686.3678241803477,0.0,1184150.9860875614
2025-04-14,__CALL__,0.0,-1,2.0,2.0,0.0
2025-04-14,BTCUSDT,0.01437807754110576,1,4.180163533979007,4.165785456437901,1167101.6586869387
2025-04-14,SOLUSDT,40.92991915349012,1,2727.297743333838,2686.3678241803477,1167101.6586869387
2025-04-15,__CALL__,0.0,-1,2.0,2.0,0.0
2025-04-15,BTCUSDT,0.018825709205559704,0,4.161337824773447,4.180163533979007,1173380.4456961355
2025-04-15,SOLUSDT,7.1515123828476135,0,2720.1462309509902,2727.297743333838,1173380.4456961355
2025-04-16,__CALL__,0.0,-1,2.0,2.0,0.0
2025-04-16,BTCUSDT,0.0006981112230981523,1,4.1620359359965455,4.161337824773447,1160431.0043819642
2025-04-16,SOLUSDT,40.593701857448195,1,2760.7399328084384,2720.1462309509902,1160431.0043819642
2025-04-17,__CALL__,0.0,-1,2.0,2.0,0.0
2025-04-17,SOLUSDT,73.29762373201174,0,2687.4423090764267,2760.7399328084384,1176472.677906203
2025-04-17,BTCUSDT,0.038132997654424905,1,4.20016893365097,4.1620359359965455,1176472.677906203
2025-04-18,__CALL__,0.0,-1,2.0,2.0,0.0
2025-04-18,SOLUSDT,40.4237540801073,0,2647.0185549963194,2687.4423090764267,1189746.5742067741
2025-04-18,BTCUSDT,0.0015109236531571923,1,4.201679857304128,4.20016893365097,1189746.5742067741
2025-04-19,__CALL__,0.0,-1,2.0,2.0,0.0
2025-04-19,BTCUSDT,0.009030014455747803,1,4.210709871759875,4.201679857304128,1185661.5545414076
2025-04-19,SOLUSDT,6.457448469970586,1,2653.47600346629,2647.0185549963194,1185661.5545414076
2025-04-20,__CALL__,0.0,-1,2.0,2.0,0.0
2025-04-20,SOLUSDT,71.72416442883468,0,2581.7518390374553,2653.47600346629,1203612.7126118492
2025-04-20,BTCUSDT,0.033490250289030854,1,4.244200122048906,4.210709871759875,1203612.7126118492
2025-04-21,__CALL__,0.0,-1,2.0,2.0,0.0
2025-04-21,BTCUSDT,0.021797220150340912,0,4.222402901898565,4.244200122048906,1198870.2646467357
2025-04-21,SOLUSDT,27.134551515880048,1,2608.8863905533353,2581.7518390374553,1198870.2646467357
2025-04-22,__CALL__,0.0,-1,2.0,2.0,0.0
2025-04-22,BTCUSDT,0.09048234438079206,0,4.131920557517773,4.222402901898565,1205366.8778978249
2025-04-22,SOLUSDT,38.91359462848459,1,2647.79998518182,2608.8863905533353,1205366.8778978249
2025-04-23,__CALL__,0.0,-1,3.0,2.0,0.0
2025-04-23,BTCUSDT,0.0796994520678691,0,4.052221105449904,4.131920557517773,1262172.2169952602
2025-04-23,SOLUSDT,102.7558380832761,0,2545.044147098544,2647.79998518182,1262172.2169952602
2025-04-23,ETHUSDT,215.60237158637895,1,215.60237158637895,0.0,1262172.2169952602
2025-04-24,__CALL__,0.0,-1,3.0,3.0,0.0
2025-04-24,SOLUSDT,9.533099846481491,0,2535.5110472520623,2545.044147098544,1277052.4490510598
2025-04-24,ETHUSDT,2.176928656612205,0,213.42544292976675,215.60237158637895,1277052.4490510598
2025-04-24,BTCUSDT,0.03691709563438472,1,4.089138201084289,4.052221105449904,1277052.4490510598
2025-04-25,__CALL__,0.0,-1,3.0,3.0,0.0
2025-04-25,BTCUSDT,0.014438420145357789,0,4.074699780938931,4.089138201084289,1276473.9847605436
2025-04-25,SOLUSDT,25.237774440413887,0,2510.2732728116484,2535.5110472520623,1276473.9847605436
2025-04-25,ETHUSDT,2.9700907710461877,1,216.39553370081293,213.42544292976675,1276473.9847605436
2025-04-26,__CALL__,0.0,-1,3.0,3.0,0.0
2025-04-26,BTCUSDT,0.023375170237661003,0,4.05132461070127,4.074699780938931,1278040.0404741438
2025-04-26,ETHUSDT,1.550740813063669,0,214.84479288774926,216.39553370081293,1278040.0404741438
2025-04-26,SOLUSDT,31.909418626761635,1,2542.18269143841,2510.2732728116484,1278040.0404741438
2025-04-27,__CALL__,0.0,-1,3.0,3.0,0.0
2025-04-27,ETHUSDT,3.6745443006433334,0,211.17024858710593,214.84479288774926,1281711.8983789962
2025-04-27,BTCUSDT,0.012098155432420654,1,4.063422766133691,4.05132461070127,1281711.8983789962
2025-04-27,SOLUSDT,34.6405652842991,1,2576.823256722709,2542.18269143841,1281711.8983789962
2025-04-28,__CALL__,0.0,-1,3.0,3.0,0.0
2025-04-28,BTCUSDT,0.003677151410624191,0,4.059745614723067,4.063422766133691,1268660.8838496318
2025-04-28,SOLUSDT,4.69200028504747,0,2572.1312564376617,2576.823256722709,1268660.8838496318
2025-04-28,ETHUSDT,1.3013539201472213,1,212.47160250725315,211.17024858710593,1268660.8838496318
2025-04-29,__CALL__,0.0,-1,3.0,3.0,0.0
2025-04-29,BTCUSDT,0.03304726075661968,0,4.026698353966447,4.059745614723067,1275271.2028535553
2025-04-29,SOLUSDT,15.675631636597245,1,2587.806888074259,2572.1312564376617,1275271.2028535553
2025-04-29,ETHUSDT,0.0877680164367689,1,212.55937052368992,212.47160250725315,1275271.2028535553
2025-04-30,__CALL__,0.0,-1,3.0,3.0,0.0
2025-04-30,ETHUSDT,1.0015123212211563,0,211.55785820246876,212.55937052368992,1267802.8181698287
2025-04-30,BTCUSDT,0.00845628195234216,1,4.035154635918789,4.026698353966447,1267802.8181698287
2025-04-30,SOLUSDT,11.925425782167622,1,2599.7323138564266,2587.806888074259,1267802.8181698287
2025-05-01,__CALL__,0.0,-1,3.0,3.0,0.0
2025-05-01,SOLUSDT,17.801707064186758,0,2581.93060679224,2599.7323138564266,1269793.4146379596
2025-05-01,BTCUSDT,0.009975810406953833,1,4.045130446325743,4.035154635918789,1269793.4146379596
2025-05-01,ETHUSDT,0.8271650624502911,1,212.38502326491906,211.55785820246876,1269793.4146379596
2025-05-02,__CALL__,0.0,-1,3.0,3.0,0.0
2025-05-02,BTCUSDT,0.012093746896326252,0,4.033036699429417,4.045130446325743,1297157.671742182
2025-05-02,SOLUSDT,2.2336510253594497,0,2579.6969557668804,2581.93060679224,1297157.671742182
2025-05-02,ETHUSDT,0.6733064424405768,0,211.71171682247848,212.38502326491906,1297157.671742182
2025-05-03,__CALL__,0.0,-1,3.0,3.0,0.0
2025-05-03,BTCUSDT,0.03134116487308969,0,4.001695534556327,4.033036699429417,1292376.0224391567
2025-05-03,ETHUSDT,1.2498684845105856,0,210.4618483379679,211.71171682247848,1292376.0224391567
2025-05-03,SOLUSDT,39.27645895337537,1,2618.9734147202557,2579.6969557668804,1292376.0224391567
2025-05-04,__CALL__,0.0,-1,3.0,3.0,0.0
2025-05-04,ETHUSDT,0.5491770931919575,0,209.91267124477594,210.4618483379679,1282930.2836019283
2025-05-04,BTCUSDT,0.013466700296062228,1,4.015162234852389,4.001695534556327,1282930.2836019283
2025-05-04,SOLUSDT,4.426949722637346,1,2623.400364442893,2618.9734147202557,1282930.2836019283
2025-05-05,__CALL__,0.0,-1,3.0,3.0,0.0
2025-05-05,ETHUSDT,0.2538461771070786,0,209.65882506766886,209.91267124477594,1264144.8641357643
2025-05-05,BTCUSDT,0.007462667867034867,1,4.022624902719424,4.015162234852389,1264144.8641357643
2025-05-05,SOLUSDT,11.33252987610058,1,2634.7328943189937,2623.400364442893,1264144.8641357643
2025-05-06,__CALL__,0.0,-1,3.0,3.0,0.0
2025-05-06,SOLUSDT,26.342820264871534,0,2608.390074054122,2634.7328943189937,1275676.6494976357
2025-05-06,BTCUSDT,0.01715267281359889,1,4.039777575533023,4.022624902719424,1275676.6494976357
2025-05-06,ETHUSDT,0.595602859572864,1,210.25442792724172,209.65882506766886,1275676.6494976357
2025-05-07,__CALL__,0.0,-1,3.0,3.0,0.0
2025-05-07,BTCUSDT,0.062060838167322885,0,3.9777167373657,4.039777575533023,1283927.7192460208
2025-05-07,SOLUSDT,13.832795945769249,1,2622.2228699998914,2608.390074054122,1283927.7192460208
2025-05-07,ETHUSDT,1.7314365602686053,1,211.98586448751033,210.25442792724172,1283927.7192460208
2025-05-08,__CALL__,0.0,-1,3.0,3.0,0.0
2025-05-08,BTCUSDT,0.006046891399369425,0,3.9716698459663307,3.9777167373657,1284577.0366301201
2025-05-08,SOLUSDT,6.331668332251866,0,2615.8912016676395,2622.2228699998914,1284577.0366301201
2025-05-08,ETHUSDT,0.7969670942113964,1,212.78283158172172,211.98586448751033,1284577.0366301201
2025-05-09,__CALL__,0.0,-1,3.0,3.0,0.0
2025-05-09,ETHUSDT,17.283170811211363,0,195.49966077051036,212.78283158172172,1438479.9172909225
2025-05-09,BTCUSDT,0.207462919823731,1,4.179132765790062,3.9716698459663307,1438479.9172909225
2025-05-09,SOLUSDT,8.114377622472148,1,2624.0055792901117,2615.8912016676395,1438479.9172909225
2025-05-10,__CALL__,0.0,-1,3.0,3.0,0.0
2025-05-10,SOLUSDT,43.82731808920744,0,2580.178261200904,2624.0055792901117,1485924.6973713036
2025-05-10,ETHUSDT,5.405930264482862,0,190.0937305060275,195.49966077051036,1485924.6973713036
2025-05-10,BTCUSDT,0.14998042063525574,1,4.329113186425317,4.179132765790062,1485924.6973713036
2025-05-11,__CALL__,0.0,-1,3.0,3.0,0.0
2025-05-11,ETHUSDT,9.815130721977283,0,180.27859978405021,190.0937305060275,1552330.9308418487
2025-05-11,BTCUSDT,0.11417812208871236,1,4.44329130851403,4.329113186425317,1552330.9308418487
2025-05-11,SOLUSDT,37.72764048214458,1,2617.905901683049,2580.178261200904,1552330.9308418487
2025-05-12,__CALL__,0.0,-1,3.0,3.0,0.0
2025-05-12,BTCUSDT,0.05050062595629523,0,4.3927906825577345,4.44329130851403,1524561.9342884873
2025-05-12,SOLUSDT,22.790335876487006,1,2640.696237559536,2617.905901683049,1524561.9342884873
2025-05-12,ETHUSDT,1.6080636256049274,1,181.88666340965514,180.27859978405021,1524561.9342884873
2025-05-13,__CALL__,0.0,-1,3.0,3.0,0.0
2025-05-13,SOLUSDT,26.862607128754462,0,2613.8336304307813,2640.696237559536,1517940.327614552
2025-05-13,BTCUSDT,0.0373703164443242,1,4.430160999002059,4.3927906825577345,1517940.327614552
2025-05-13,ETHUSDT,0.5961061771506877,1,182.48276958680583,181.88666340965514,1517940.327614552
2025-05-14,__CALL__,0.0,-1,3.0,3.0,0.0
2025-05-14,SOLUSDT,30.530637038094028,0,2583.3029933926873,2613.8336304307813,1582273.083453021
2025-05-14,ETHUSDT,5.343477665138977,0,177.13929192166685,182.48276958680583,1582273.083453021
2025-05-14,BTCUSDT,0.12954090920577155,1,4.55970190820783,4.430160999002059,1582273.083453021
2025-05-15,__CALL__,0.0,-1,3.0,3.0,0.0
2025-05-15,BTCUSDT,0.0709491715885946,0,4.488752736619236,4.55970190820783,1548736.8225253576
2025-05-15,SOLUSDT,47.173335166926336,1,2630.4763285596136,2583.3029933926873,1548736.8225253576
2025-05-15,ETHUSDT,0.8934877536304953,1,178.03277967529735,177.13929192166685,1548736.8225253576
2025-05-16,__CALL__,0.0,-1,3.0,3.0,0.0
2025-05-16,BTCUSDT,0.09603540492009,0,4.392717331699146,4.488752736619236,1519348.8381219215
2025-05-16,SOLUSDT,64.04153363568867,1,2694.5178621953023,2630.4763285596136,1519348.8381219215
2025-05-16,ETHUSDT,0.805318244781688,1,178.83809792007904,178.03277967529735,1519348.8381219215
2025-05-17,__CALL__,0.0,-1,3.0,3.0,0.0
2025-05-17,BTCUSDT,0.010906462867888322,0,4.381810868831257,4.392717331699146,1511197.4490169697
2025-05-17,ETHUSDT,0.1482965912933878,0,178.68980132878565,178.83809792007904,1511197.4490169697
2025-05-17,SOLUSDT,13.721392493296662,1,2708.239254688599,2694.5178621953023,1511197.4490169697
2025-05-18,__CALL__,0.0,-1,3.0,3.0,0.0
2025-05-18,BTCUSDT,0.03373201768682499,0,4.348078851144432,4.381810868831257,1494675.996868336
2025-05-18,SOLUSDT,6.040915148181284,0,2702.1983395404177,2708.239254688599,1494675.996868336
2025-05-18,ETHUSDT,2.4764524792316536,1,181.1662538080173,178.68980132878565,1494675.996868336
2025-05-19,__CALL__,0.0,-1,3.0,3.0,0.0
2025-05-19,BTCUSDT,0.027539301668002558,0,4.32053954947643,4.348078851144432,1533132.9953249898
2025-05-19,SOLUSDT,48.188584790839286,0,2654.0097547495784,2702.1983395404177,1533132.9953249898
2025-05-19,ETHUSDT,2.9732193252393415,1,184.13947313325664,181.1662538080173,1533132.9953249898
2025-05-20,__CALL__,0.0,-1,3.0,3.0,0.0
2025-05-20,BTCUSDT,0.007435209820673805,0,4.313104339655756,4.32053954947643,1517834.9939678297
2025-05-20,ETHUSDT,4.026616432911851,0,180.1128567003448,184.13947313325664,1517834.9939678297
2025-05-20,SOLUSDT,74.76421009994829,1,2728.7739648495267,2654.0097547495784,1517834.9939678297
2025-05-21,__CALL__,0.0,-1,3.0,3.0,0.0
2025-05-21,BTCUSDT,0.024948107606012293,0,4.288156232049744,4.313104339655756,1527298.3113150503
2025-05-21,SOLUSDT,11.00005567756898,0,2717.7739091719577,2728.7739648495267,1527298.3113150503
2025-05-21,ETHUSDT,1.406563006736917,1,181.5194197070817,180.1128567003448,1527298.3113150503
2025-05-22,__CALL__,0.0,-1,3.0,3.0,0.0
2025-05-22,BTCUSDT,0.026388295343103607,0,4.26176793670664,4.288156232049744,1557590.8345240029
2025-05-22,SOLUSDT,25.153945848840976,0,2692.6199633231167,2717.7739091719577,1557590.8345240029
2025-05-22,ETHUSDT,1.6547278261213023,1,183.174147533203,181.5194197070817,1557590.8345240029
2025-05-23,__CALL__,0.0,-1,3.0,3.0,0.0
2025-05-23,SOLUSDT,15.011527265502991,0,2677.6084360576137,2692.6199633231167,1603708.8805981404
2025-05-23,ETHUSDT,2.6325557338648764,0,180.54159179933814,183.174147533203,1603708.8805981404
2025-05-23,BTCUSDT,0.04556376676198859,1,4.307331703468629,4.26176793670664,1603708.8805981404
2025-05-24,__CALL__,0.0,-1,3.0,3.0,0.0
2025-05-24,SOLUSDT,14.415365294643834,0,2663.19307076297,2677.6084360576137,1544651.9810425227
2025-05-24,BTCUSDT,0.010623461739603712,1,4.317955165208232,4.307331703468629,1544651.9810425227
2025-05-24,ETHUSDT,2.873183681236384,1,183.41477548057452,180.54159179933814,1544651.9810425227
2025-05-25,__CALL__,0.0,-1,3.0,3.0,0.0
2025-05-25,SOLUSDT,15.346880979150228,0,2647.8461897838197,2663.19307076297,1552255.6548944798
2025-05-25,BTCUSDT,0.0033931334061261254,1,4.3213482986143585,4.317955165208232,1552255.6548944798
2025-05-25,ETHUSDT,0.6173428887971681,1,184.0321183693717,183.41477548057452,1552255.6548944798
2025-05-26,__CALL__,0.0,-1,3.0,3.0,0.0
2025-05-26,BTCUSDT,0.02482191219355734,0,4.296526386420801,4.3213482986143585,1561131.4498577844
2025-05-26,ETHUSDT,0.4574206422057614,0,183.57469772716593,184.0321183693717,1561131.4498577844
2025-05-26,SOLUSDT,16.95856104027871,1,2664.8047508240984,2647.8461897838197,1561131.4498577844
2025-05-27,__CALL__,0.0,-1,3.0,3.0,0.0
2025-05-27,BTCUSDT,0.011635097859849175,0,4.284891288560952,4.296526386420801,1563053.802812328
2025-05-27,ETHUSDT,0.6686830707489833,0,182.90601465641694,183.57469772716593,1563053.802812328
2025-05-27,SOLUSDT,15.94156607672221,1,2680.7463169008206,2664.8047508240984,1563053.802812328
2025-05-28,__CALL__,0.0,-1,3.0,3.0,0.0
2025-05-28,ETHUSDT,4.369315423393374,0,178.53669923302357,182.90601465641694,1583507.4838245206
2025-05-28,BTCUSDT,0.0758597408619579,1,4.36075102942291,4.284891288560952,1583507.4838245206
2025-05-28,SOLUSDT,7.417116020787944,1,2688.1634329216085,2680.7463169008206,1583507.4838245206
2025-05-29,__CALL__,0.0,-1,2.0,3.0,0.0
2025-05-29,SOLUSDT,2688.1634329216085,0,0.0,2688.1634329216085,1570060.3881369804
2025-05-29,ETHUSDT,2.8891973320349393,0,175.64750190098863,178.53669923302357,1570060.3881369804
2025-05-29,BTCUSDT,0.009357823654650765,1,4.370108853077561,4.36075102942291,1570060.3881369804
2025-05-30,__CALL__,0.0,-1,1.0,2.0,0.0
2025-05-30,BTCUSDT,4.370108853077561,0,0.0,4.370108853077561,1551188.205869528
2025-05-30,ETHUSDT,1.2006584850504396,1,176.84816038603907,175.64750190098863,1551188.205869528
2025-05-31,__CALL__,0.0,-1,0.0,1.0,0.0
2025-05-31,ETHUSDT,176.84816038603907,0,0.0,176.84816038603907,1533031.7540703262
2025-06-01,__CALL__,0.0,-1,0.0,0.0,0.0
2025-06-02,__CALL__,0.0,-1,0.0,0.0,0.0
2025-06-03,__CALL__,0.0,-1,1.0,0.0,0.0
2025-06-03,ETHUSDT,176.33340260285107,1,176.33340260285107,0.0,1532584.0894622628
2025-06-04,__CALL__,0.0,-1,1.0,1.0,0.0
2025-06-04,ETHUSDT,0.6164819082292752,1,176.94988451108034,176.33340260285107,1529643.334256908
2025-06-05,__CALL__,0.0,-1,1.0,1.0,0.0
2025-06-05,ETHUSDT,0.6808517151591786,0,176.26903279592116,176.94988451108034,1532177.3979720892
2025-06-06,__CALL__,0.0,-1,0.0,1.0,0.0
2025-06-06,ETHUSDT,176.26903279592116,0,0.0,176.26903279592116,1498039.3771298728
2025-06-07,__CALL__,0.0,-1,0.0,0.0,0.0
2025-06-08,__CALL__,0.0,-1,0.0,0.0,0.0
2025-06-09,__CALL__,0.0,-1,0.0,0.0,0.0
2025-06-10,__CALL__,0.0,-1,2.0,0.0,0.0
2025-06-10,BTCUSDT,4.074658430724332,1,4.074658430724332,0.0,1497613.86015588
2025-06-10,ETHUSDT,167.6352183257962,1,167.6352183257962,0.0,1497613.86015588
2025-06-11,__CALL__,0.0,-1,3.0,2.0,0.0
2025-06-11,ETHUSDT,5.768836392847533,0,161.86638193294866,167.6352183257962,1519606.9417107948
2025-06-11,BTCUSDT,0.05941186365176421,1,4.134070294376096,4.074658430724332,1519606.9417107948
2025-06-11,SOLUSDT,2760.9138565544035,1,2760.9138565544035,0.0,1519606.9417107948
2025-06-12,__CALL__,0.0,-1,2.0,3.0,0.0
2025-06-12,BTCUSDT,0.009515319663389477,0,4.124554974712707,4.134070294376096,1493709.4100670654
2025-06-12,SOLUSDT,2760.9138565544035,0,0.0,2760.9138565544035,1493709.4100670654
2025-06-12,ETHUSDT,0.1861945931309208,0,161.68018733981773,161.86638193294866,1493709.4100670654
2025-06-13,__CALL__,0.0,-1,1.0,2.0,0.0
2025-06-13,BTCUSDT,4.124554974712707,0,0.0,4.124554974712707,1460152.4218671545
2025-06-13,ETHUSDT,4.0792145994570035,1,165.75940193927474,161.68018733981773,1460152.4218671545
2025-06-14,__CALL__,0.0,-1,0.0,1.0,0.0
2025-06-14,ETHUSDT,165.75940193927474,0,0.0,165.75940193927474,1449185.0485954804
2025-06-15,__CALL__,0.0,-1,0.0,0.0,0.0
2025-06-16,__CALL__,0.0,-1,0.0,0.0,0.0
2025-06-17,__CALL__,0.0,-1,1.0,0.0,0.0
2025-06-17,BTCUSDT,4.0697519994404345,1,4.0697519994404345,0.0,1448757.523613305
2025-06-18,__CALL__,0.0,-1,0.0,1.0,0.0
2025-06-18,BTCUSDT,4.0697519994404345,0,0.0,4.0697519994404345,1439192.9800543513
2025-06-19,__CALL__,0.0,-1,0.0,0.0,0.0
2025-06-20,__CALL__,0.0,-1,0.0,0.0,0.0
2025-06-21,__CALL__,0.0,-1,0.0,0.0,0.0
2025-06-22,__CALL__,0.0,-1,0.0,0.0,0.0
2025-06-23,__CALL__,0.0,-1,0.0,0.0,0.0
2025-06-24,__CALL__,0.0,-1,1.0,0.0,0.0
2025-06-24,BTCUSDT,4.097731985136042,1,4.097731985136042,0.0,1438767.4827135692
2025-06-25,__CALL__,0.0,-1,1.0,1.0,0.0
2025-06-25,BTCUSDT,0.021474781341265015,0,4.076257203794777,4.097731985136042,1441405.309833871
2025-06-26,__CALL__,0.0,-1,1.0,1.0,0.0
2025-06-26,BTCUSDT,0.033436337692961615,0,4.042820866101815,4.076257203794777,1446529.307307527
2025-06-27,__CALL__,0.0,-1,1.0,1.0,0.0
2025-06-27,BTCUSDT,0.010403340637541447,1,4.0532242067393565,4.042820866101815,1444934.741882223
2025-06-28,__CALL__,0.0,-1,1.0,1.0,0.0
2025-06-28,BTCUSDT,0.002667247985441712,0,4.050556958753915,4.0532242067393565,1445341.041639907
2025-06-29,__CALL__,0.0,-1,2.0,1.0,0.0
2025-06-29,BTCUSDT,0.0065863650801443185,0,4.04397059367377,4.050556958753915,1446350.1992145581
2025-06-29,SOLUSDT,2878.6908516118997,1,2878.6908516118997,0.0,1446350.1992145581
2025-06-30,__CALL__,0.0,-1,3.0,2.0,0.0
2025-06-30,BTCUSDT,0.008256555270059529,0,4.035714038403711,4.04397059367377,1457658.6076605585
2025-06-30,SOLUSDT,26.502217329913492,0,2852.188634281986,2878.6908516118997,1457658.6076605585
2025-06-30,ETHUSDT,174.91272991171454,1,174.91272991171454,0.0,1457658.6076605585
2025-07-01,__CALL__,0.0,-1,3.0,3.0,0.0
2025-07-01,SOLUSDT,34.62164338145112,0,2817.566990900535,2852.188634281986,1454052.473892326
2025-07-01,BTCUSDT,0.03549417055676507,1,4.071208208960476,4.035714038403711,1454052.473892326
2025-07-01,ETHUSDT,0.5936118705178615,1,175.5063417822324,174.91272991171454,1454052.473892326
2025-07-02,__CALL__,0.0,-1,2.0,3.0,0.0
2025-07-02,BTCUSDT,0.06418720449890536,0,4.007021004461571,4.071208208960476,1411555.0631832678
2025-07-02,ETHUSDT,175.5063417822324,0,0.0,175.5063417822324,1411555.0631832678
2025-07-02,SOLUSDT,65.70755824816342,1,2883.2745491486985,2817.566990900535,1411555.0631832678
2025-07-03,__CALL__,0.0,-1,3.0,2.0,0.0
2025-07-03,BTCUSDT,0.03986476444831455,0,3.967156240013256,4.007021004461571,1439411.1502274014
2025-07-03,SOLUSDT,47.55516032684454,0,2835.719388821854,2883.2745491486985,1439411.1502274014
2025-07-03,ETHUSDT,167.99785241796314,1,167.99785241796314,0.0,1439411.1502274014
2025-07-04,__CALL__,0.0,-1,3.0,3.0,0.0
2025-07-04,BTCUSDT,0.009711516589082425,0,3.9574447234241736,3.967156240013256,1445585.6113595597
2025-07-04,ETHUSDT,0.6369230733648408,0,167.3609293445983,167.99785241796314,1445585.6113595597
2025-07-04,SOLUSDT,10.855380024580882,1,2846.574768846435,2835.719388821854,1445585.6113595597
2025-07-05,__CALL__,0.0,-1,3.0,3.0,0.0
2025-07-05,BTCUSDT,0.03449918453846568,0,3.922945538885708,3.9574447234241736,1412054.4393580635
2025-07-05,SOLUSDT,21.70558056639902,1,2868.280349412834,2846.574768846435,1412054.4393580635
2025-07-05,ETHUSDT,1.5424076076163544,1,168.90333695221466,167.3609293445983,1412054.4393580635
2025-07-06,__CALL__,0.0,-1,3.0,3.0,0.0
2025-07-06,BTCUSDT,0.0026468351018409386,0,3.920298703783867,3.922945538885708,1413896.4618733707
2025-07-06,ETHUSDT,0.3428614629090987,0,168.56047548930556,168.90333695221466,1413896.4618733707
2025-07-06,SOLUSDT,6.466717947243069,1,2874.747067360077,2868.280349412834,1413896.4618733707
2025-07-07,__CALL__,0.0,-1,3.0,3.0,0.0
2025-07-07,SOLUSDT,31.369388893601354,0,2843.3776784664756,2874.747067360077,1439317.7866245967
2025-07-07,ETHUSDT,0.5696105946331897,0,167.99086489467237,168.56047548930556,1439317.7866245967
2025-07-07,BTCUSDT,0.03373157819984218,1,3.954030281983709,3.920298703783867,1439317.7866245967
2025-07-08,__CALL__,0.0,-1,3.0,3.0,0.0
2025-07-08,BTCUSDT,0.012430733243961711,0,3.9415995487397475,3.954030281983709,1422430.485317465
2025-07-08,ETHUSDT,0.13925910489135163,0,167.85160578978102,167.99086489467237,1422430.485317465
2025-07-08,SOLUSDT,22.692221087219878,1,2866.0698995536954,2843.3776784664756,1422430.485317465
2025-07-09,__CALL__,0.0,-1,3.0,3.0,0.0
2025-07-09,SOLUSDT,7.548874797193548,0,2858.521024756502,2866.0698995536954,1445268.1603287763
2025-07-09,ETHUSDT,2.062312950231103,0,165.78929283954992,167.85160578978102,1445268.1603287763
2025-07-09,BTCUSDT,0.03901500647066847,1,3.980614555210416,3.9415995487397475,1445268.1603287763
2025-07-10,__CALL__,0.0,-1,3.0,3.0,0.0
2025-07-10,SOLUSDT,2.3848714221626324,0,2856.1361533343393,2858.521024756502,1495282.4575656755
2025-07-10,ETHUSDT,3.771646237880475,0,162.01764660166944,165.78929283954992,1495282.4575656755
2025-07-10,BTCUSDT,0.05218780081114849,1,4.0328023560215644,3.980614555210416,1495282.4575656755
2025-07-11,__CALL__,0.0,-1,3.0,3.0,0.0
2025-07-11,ETHUSDT,2.9481927613906294,0,159.0694538402788,162.01764660166944,1564866.9821264232
2025-07-11,BTCUSDT,0.013918297567969695,1,4.046720653589534,4.0328023560215644,1564866.9821264232
2025-07-11,SOLUSDT,0.6769021451596018,1,2856.813055479499,2856.1361533343393,1564866.9821264232
2025-07-12,__CALL__,0.0,-1,3.0,3.0,0.0
2025-07-12,BTCUSDT,0.044078035101962065,0,4.002642618487572,4.046720653589534,1568070.6858573577
2025-07-12,ETHUSDT,0.047203232981161136,0,159.02225060729765,159.0694538402788,1568070.6858573577
2025-07-12,SOLUSDT,30.623791097115827,1,2887.4368465766147,2856.813055479499,1568070.6858573577
2025-07-13,__CALL__,0.0,-1,3.0,3.0,0.0
2025-07-13,BTCUSDT,0.01989669556935647,0,3.9827459229182156,4.002642618487572,1558846.7542301896
2025-07-13,ETHUSDT,0.13406083921941558,0,158.88818976807823,159.02225060729765,1558846.7542301896
2025-07-13,SOLUSDT,22.669159334994674,1,2910.1060059116094,2887.4368465766147,1558846.7542301896
2025-07-14,__CALL__,0.0,-1,3.0,3.0,0.0
2025-07-14,BTCUSDT,0.02423112169466224,0,3.9585148012235534,3.9827459229182156,1571354.2015598316
2025-07-14,ETHUSDT,0.27395780506031997,0,158.61423196301791,158.88818976807823,1571354.2015598316
2025-07-14,SOLUSDT,15.157899284440646,1,2925.26390519605,2910.1060059116094,1571354.2015598316
2025-07-15,__CALL__,0.0,-1,3.0,3.0,0.0
2025-07-15,ETHUSDT,0.9265280956389859,0,157.68770386737893,158.61423196301791,1584030.8606362687
2025-07-15,BTCUSDT,0.006810727189555443,1,3.965325528413109,3.9585148012235534,1584030.8606362687
2025-07-15,SOLUSDT,4.328835830915068,1,2929.592741026965,2925.26390519605,1584030.8606362687
2025-07-16,__CALL__,0.0,-1,3.0,3.0,0.0
2025-07-16,SOLUSDT,1.3988766391612444,0,2928.193864387804,2929.592741026965,1600550.7245723938
2025-07-16,ETHUSDT,4.666501051739488,0,153.02120281563944,157.68770386737893,1600550.7245723938
2025-07-16,BTCUSDT,0.11223097571074092,1,4.07755650412385,3.965325528413109,1600550.7245723938
2025-07-17,__CALL__,0.0,-1,3.0,3.0,0.0
2025-07-17,SOLUSDT,45.984912012108,0,2882.208952375696,2928.193864387804,1668030.3474606082
2025-07-17,ETHUSDT,4.591318720817924,0,148.42988409482152,153.02120281563944,1668030.3474606082
2025-07-17,BTCUSDT,0.14066197996614171,1,4.2182184840899914,4.07755650412385,1668030.3474606082
2025-07-18,__CALL__,0.0,-1,3.0,3.0,0.0
2025-07-18,ETHUSDT,2.3958758619019136,0,146.0340082329196,148.42988409482152,1692475.6847717105
2025-07-18,BTCUSDT,0.042169921080764894,1,4.260388405170756,4.2182184840899914,1692475.6847717105
2025-07-18,SOLUSDT,4.661023377478614,1,2886.8699757531745,2882.208952375696,1692475.6847717105
2025-07-19,__CALL__,0.0,-1,3.0,3.0,0.0
2025-07-19,SOLUSDT,7.705466996008909,0,2879.1645087571655,2886.8699757531745,1701394.2686595507
2025-07-19,ETHUSDT,2.1293552268139706,0,143.90465300610563,146.0340082329196,1701394.2686595507
2025-07-19,BTCUSDT,0.06794703600183549,1,4.328335441172592,4.260388405170756,1701394.2686595507
2025-07-20,__CALL__,0.0,-1,3.0,3.0,0.0
2025-07-20,ETHUSDT,1.3708413712319327,0,142.5338116348737,143.90465300610563,1706604.837974888
2025-07-20,BTCUSDT,0.016381271737855307,1,4.344716712910447,4.328335441172592,1706604.837974888
2025-07-20,SOLUSDT,13.876390044452364,1,2893.040898801618,2879.1645087571655,1706604.837974888
2025-07-21,__CALL__,0.0,-1,3.0,3.0,0.0
2025-07-21,SOLUSDT,15.224240393698892,0,2877.816658407919,2893.040898801618,1740503.5384248414
2025-07-21,ETHUSDT,3.541488693259197,0,138.9923229416145,142.5338116348737,1740503.5384248414
2025-07-21,BTCUSDT,0.10802344407584652,1,4.452740156986294,4.344716712910447,1740503.5384248414
2025-07-22,__CALL__,0.0,-1,3.0,3.0,0.0
2025-07-22,SOLUSDT,145.03656267087172,0,2732.7800957370473,2877.816658407919,1782865.7455785603
2025-07-22,BTCUSDT,0.10389714180429088,1,4.5566372987905845,4.452740156986294,1782865.7455785603
2025-07-22,ETHUSDT,3.1698838763724098,1,142.1622068179869,138.9923229416145,1782865.7455785603
2025-07-23,__CALL__,0.0,-1,3.0,3.0,0.0
2025-07-23,BTCUSDT,0.006096150256536426,0,4.550541148534048,4.5566372987905845,1819525.2274730098
2025-07-23,SOLUSDT,79.12148445738558,0,2653.6586112796617,2732.7800957370473,1819525.2274730098
2025-07-23,ETHUSDT,3.5470764132446106,1,145.70928323123152,142.1622068179869,1819525.2274730098
2025-07-24,__CALL__,0.0,-1,3.0,3.0,0.0
2025-07-24,BTCUSDT,0.12060558704625457,0,4.4299355614877935,4.550541148534048,1753604.7584668146
2025-07-24,ETHUSDT,0.7149685881892083,0,144.99431464304232,145.70928323123152,1753604.7584668146
2025-07-24,SOLUSDT,123.96253176837672,1,2777.6211430480384,2653.6586112796617,1753604.7584668146
2025-07-25,__CALL__,0.0,-1,3.0,3.0,0.0
2025-07-25,BTCUSDT,0.006224347857545887,0,4.423711213630248,4.4299355614877935,1745021.0168382854
2025-07-25,ETHUSDT,3.771392308741582,0,141.22292233430073,144.99431464304232,1745021.0168382854
2025-07-25,SOLUSDT,84.946065362431,1,2862.5672084104694,2777.6211430480384,1745021.0168382854
2025-07-26,__CALL__,0.0,-1,3.0,3.0,0.0
2025-07-26,SOLUSDT,42.64885673244771,0,2819.9183516780217,2862.5672084104694,1755399.1739195685
2025-07-26,BTCUSDT,0.05380296795263195,1,4.47751418158288,4.423711213630248,1755399.1739195685
2025-07-26,ETHUSDT,0.1526474871295136,1,141.37556982143025,141.22292233430073,1755399.1739195685
2025-07-27,__CALL__,0.0,-1,3.0,3.0,0.0
2025-07-27,BTCUSDT,0.015701380179284463,0,4.461812801403595,4.47751418158288,1753789.7689453315
2025-07-27,ETHUSDT,0.7389898822800092,0,140.63657993915024,141.37556982143025,1753789.7689453315
2025-07-27,SOLUSDT,25.757090046581652,1,2845.6754417246034,2819.9183516780217,1753789.7689453315
2025-07-28,__CALL__,0.0,-1,3.0,3.0,0.0
2025-07-28,ETHUSDT,1.9875252455419457,0,138.6490546936083,140.63657993915024,1789548.0202120303
2025-07-28,BTCUSDT,0.033953033670112376,1,4.4957658350737075,4.461812801403595,1789548.0202120303
2025-07-28,SOLUSDT,0.29788207020874324,1,2845.973323794812,2845.6754417246034,1789548.0202120303
2025-07-29,__CALL__,0.0,-1,3.0,3.0,0.0
2025-07-29,BTCUSDT,0.02977949358504972,0,4.465986341488658,4.4957658350737075,1757549.03320028
2025-07-29,SOLUSDT,33.680921885522366,1,2879.6542456803345,2845.973323794812,1757549.03320028
2025-07-29,ETHUSDT,0.1413401366322944,1,138.7903948302406,138.6490546936083,1757549.03320028
2025-07-30,__CALL__,0.0,-1,2.0,3.0,0.0
2025-07-30,BTCUSDT,4.465986341488658,0,0.0,4.465986341488658,1751623.5989274103
2025-07-30,ETHUSDT,0.2779641823709653,0,138.51243064786962,138.7903948302406,1751623.5989274103
2025-07-30,SOLUSDT,16.06998501015687,1,2895.7242306904914,2879.6542456803345,1751623.5989274103
2025-07-31,__CALL__,0.0,-1,1.0,2.0,0.0
2025-07-31,ETHUSDT,1.2979446632514566,0,137.21448598461816,138.51243064786962,1742623.9720046509
2025-07-31,SOLUSDT,2895.7242306904914,0,0.0,2895.7242306904914,1742623.9720046509
2025-08-01,__CALL__,0.0,-1,1.0,1.0,0.0
2025-08-01,ETHUSDT,2.8564460070037683,1,140.07093199162193,137.21448598461816,1726789.7304060417
2025-08-02,__CALL__,0.0,-1,0.0,1.0,0.0
2025-08-02,ETHUSDT,140.07093199162193,0,0.0,140.07093199162193,1697339.0672441628
2025-08-03,__CALL__,0.0,-1,0.0,0.0,0.0
2025-08-04,__CALL__,0.0,-1,0.0,0.0,0.0
2025-08-05,__CALL__,0.0,-1,1.0,0.0,0.0
2025-08-05,ETHUSDT,136.80637208462943,1,136.80637208462943,0.0,1696850.470423952
2025-08-06,__CALL__,0.0,-1,0.0,1.0,0.0
2025-08-06,ETHUSDT,136.80637208462943,0,0.0,136.80637208462943,1681432.259525041
2025-08-07,__CALL__,0.0,-1,1.0,0.0,0.0
2025-08-07,ETHUSDT,136.90985174743366,1,136.90985174743366,0.0,1680938.1135396718
2025-08-08,__CALL__,0.0,-1,2.0,1.0,0.0
2025-08-08,ETHUSDT,5.6019487748980055,0,131.30790297253566,136.90985174743366,1711510.9980167495
2025-08-08,BTCUSDT,4.370856007926035,1,4.370856007926035,0.0,1711510.9980167495
2025-08-09,__CALL__,0.0,-1,1.0,2.0,0.0
2025-08-09,BTCUSDT,4.370856007926035,0,0.0,4.370856007926035,1720517.8897998976
2025-08-09,ETHUSDT,2.57512373447085,0,128.7327792380648,131.30790297253566,1720517.8897998976
2025-08-10,__CALL__,0.0,-1,2.0,1.0,0.0
2025-08-10,ETHUSDT,5.347857029791797,0,123.38492220827301,128.7327792380648,1752324.9554968788
2025-08-10,SOLUSDT,2921.1906370114343,1,2921.1906370114343,0.0,1752324.9554968788
2025-08-11,__CALL__,0.0,-1,3.0,2.0,0.0
2025-08-11,SOLUSDT,33.273248782516475,0,2887.917388228918,2921.1906370114343,1758452.8800661394
2025-08-11,BTCUSDT,4.422139041705346,1,4.422139041705346,0.0,1758452.8800661394
2025-08-11,ETHUSDT,0.7242239138596744,1,124.10914612213269,123.38492220827301,1758452.8800661394
2025-08-12,__CALL__,0.0,-1,2.0,3.0,0.0
2025-08-12,BTCUSDT,0.05130478895678969,0,4.370834252748557,4.422139041705346,1729189.4470723842
2025-08-12,SOLUSDT,2887.917388228918,0,0.0,2887.917388228918,1729189.4470723842
2025-08-12,ETHUSDT,1.2747193739390497,0,122.83442674819364,124.10914612213269,1729189.4470723842
2025-08-13,__CALL__,0.0,-1,3.0,2.0,0.0
2025-08-13,ETHUSDT,6.499925796276784,0,116.33450095191685,122.83442674819364,1780119.5186065054
2025-08-13,BTCUSDT,0.07449711748914112,1,4.445331370237698,4.370834252748557,1780119.5186065054
2025-08-13,SOLUSDT,2784.772611378836,1,2784.772611378836,0.0,1780119.5186065054
2025-08-14,__CALL__,0.0,-1,3.0,3.0,0.0
2025-08-14,SOLUSDT,46.578056689417735,0,2738.194554689418,2784.772611378836,1839245.2322470425
2025-08-14,ETHUSDT,0.15476897680750312,0,116.17973197510935,116.33450095191685,1839245.2322470425
2025-08-14,BTCUSDT,0.029484226264412605,1,4.47481559650211,4.445331370237698,1839245.2322470425
2025-08-15,__CALL__,0.0,-1,3.0,3.0,0.0
2025-08-15,BTCUSDT,0.01016265028726071,1,4.484978246789371,4.47481559650211,1768503.0739021979
2025-08-15,SOLUSDT,18.486852681809523,1,2756.6814073712276,2738.194554689418,1768503.0739021979
2025-08-15,ETHUSDT,0.5059091300957448,1,116.6856411052051,116.17973197510935,1768503.0739021979
2025-08-16,__CALL__,0.0,-1,3.0,3.0,0.0
2025-08-16,BTCUSDT,0.05412250847761779,0,4.430855738311753,4.484978246789371,1733085.4904176001
2025-08-16,SOLUSDT,42.982737417457884,1,2799.6641447886855,2756.6814073712276,1733085.4904176001
2025-08-16,ETHUSDT,0.42870406752834356,1,117.11434517273344,116.6856411052051,1733085.4904176001
2025-08-17,__CALL__,0.0,-1,3.0,3.0,0.0
2025-08-17,SOLUSDT,43.301585989365776,0,2756.3625587993197,2799.6641447886855,1742113.021520964
2025-08-17,BTCUSDT,0.02161473811130943,1,4.452470476423063,4.430855738311753,1742113.021520964
2025-08-17,ETHUSDT,1.0751406835056514,1,118.18948585623909,117.11434517273344,1742113.021520964
2025-08-18,__CALL__,0.0,-1,3.0,3.0,0.0
2025-08-18,SOLUSDT,4.550631854815947,0,2751.8119269445037,2756.3625587993197,1751986.9268213343
2025-08-18,ETHUSDT,0.6679878464423581,0,117.52149800979673,118.18948585623909,1751986.9268213343
2025-08-18,BTCUSDT,0.024306859053086605,1,4.476777335476149,4.452470476423063,1751986.9268213343
2025-08-19,__CALL__,0.0,-1,2.0,3.0,0.0
2025-08-19,BTCUSDT,4.476777335476149,0,0.0,4.476777335476149,1705800.1453940282
2025-08-19,SOLUSDT,45.49886779058079,1,2797.3107947350845,2751.8119269445037,1705800.1453940282
2025-08-19,ETHUSDT,1.1293719920838186,1,118.65087000188055,117.52149800979673,1705800.1453940282
2025-08-20,__CALL__,0.0,-1,1.0,2.0,0.0
2025-08-20,SOLUSDT,2797.3107947350845,0,0.0,2797.3107947350845,1658299.7747098007
2025-08-20,ETHUSDT,3.415172837796405,1,122.06604283967695,118.65087000188055,1658299.7747098007
2025-08-21,__CALL__,0.0,-1,2.0,1.0,0.0
2025-08-21,ETHUSDT,5.169929789148128,0,116.89611305052883,122.06604283967695,1689600.8927673292
2025-08-21,SOLUSDT,2696.8889388691173,1,2696.8889388691173,0.0,1689600.8927673292
2025-08-22,__CALL__,0.0,-1,2.0,2.0,0.0
2025-08-22,ETHUSDT,0.6445119892694038,1,117.54062503979823,116.89611305052883,1655481.2667450204
2025-08-22,SOLUSDT,57.65555152080742,1,2754.5444903899247,2696.8889388691173,1655481.2667450204
2025-08-23,__CALL__,0.0,-1,3.0,2.0,0.0
2025-08-23,SOLUSDT,89.30942985122147,0,2665.2350605387032,2754.5444903899247,1782953.4360214465
2025-08-23,ETHUSDT,6.845612288629141,0,110.69501275116909,117.54062503979823,1782953.4360214465
2025-08-23,BTCUSDT,4.574177591215998,1,4.574177591215998,0.0,1782953.4360214465
2025-08-24,__CALL__,0.0,-1,2.0,3.0,0.0
2025-08-24,BTCUSDT,4.574177591215998,0,0.0,4.574177591215998,1778796.413707766
2025-08-24,SOLUSDT,51.27992918114387,0,2613.9551313575594,2665.2350605387032,1778796.413707766
2025-08-24,ETHUSDT,0.9823133450804136,1,111.6773260962495,110.69501275116909,1778796.413707766
2025-08-25,__CALL__,0.0,-1,2.0,2.0,0.0
2025-08-25,SOLUSDT,16.850933560989233,0,2597.10419779657,2613.9551313575594,1783258.35990145
2025-08-25,ETHUSDT,0.23914491402796045,1,111.91647101027746,111.6773260962495,1783258.35990145
2025-08-26,__CALL__,0.0,-1,2.0,2.0,0.0
2025-08-26,ETHUSDT,3.884528162630886,1,115.80099917290835,111.91647101027746,1689216.1650118441
2025-08-26,SOLUSDT,110.11757096311294,1,2707.221768759683,2597.10419779657,1689216.1650118441
2025-08-27,__CALL__,0.0,-1,2.0,2.0,0.0
2025-08-27,ETHUSDT,2.428537017719549,0,113.3724621551888,115.80099917290835,1738615.7909306362
2025-08-27,SOLUSDT,44.03708137443164,0,2663.1846873852514,2707.221768759683,1738615.7909306362
2025-08-28,__CALL__,0.0,-1,2.0,2.0,0.0
2025-08-28,SOLUSDT,80.98709116154578,0,2582.1975962237057,2663.1846873852514,1746856.6475778646
2025-08-28,ETHUSDT,2.911256747445748,1,116.28371890263455,113.3724621551888,1746856.6475778646
2025-08-29,__CALL__,0.0,-1,2.0,2.0,0.0
2025-08-29,SOLUSDT,96.08150666736901,0,2486.1160895563366,2582.1975962237057,1776992.8495823573
2025-08-29,ETHUSDT,1.888348794258789,1,118.17206769689334,116.28371890263455,1776992.8495823573
2025-08-30,__CALL__,0.0,-1,1.0,2.0,0.0
2025-08-30,ETHUSDT,118.17206769689334,0,0.0,118.17206769689334,1735897.0649624765
2025-08-30,SOLUSDT,53.106343461622146,1,2539.222433017959,2486.1160895563366,1735897.0649624765
2025-08-31,__CALL__,0.0,-1,1.0,1.0,0.0
2025-08-31,SOLUSDT,20.178959946427312,1,2559.401392964386,2539.222433017959,1729302.181810693
2025-09-01,__CALL__,0.0,-1,1.0,1.0,0.0
2025-09-01,SOLUSDT,18.568760426531753,1,2577.970153390918,2559.401392964386,1723974.5319518035
2025-09-02,__CALL__,0.0,-1,1.0,1.0,0.0
2025-09-02,SOLUSDT,30.174190276653462,1,2608.1443436675713,2577.970153390918,1715463.5366503496
2025-09-03,__CALL__,0.0,-1,1.0,1.0,0.0
2025-09-03,SOLUSDT,107.30017453997607,0,2500.8441691275953,2608.1443436675713,1747589.900298383
2025-09-04,__CALL__,0.0,-1,2.0,1.0,0.0
2025-09-04,SOLUSDT,9.417490951790114,0,2491.426678175805,2500.8441691275953,1750393.3720121253
2025-09-04,ETHUSDT,117.99185167661193,1,117.99185167661193,0.0,1750393.3720121253
2025-09-05,__CALL__,0.0,-1,1.0,2.0,0.0
2025-09-05,ETHUSDT,117.99185167661193,0,0.0,117.99185167661193,1710772.7786498468
2025-09-05,SOLUSDT,45.306294418930065,1,2536.732972594735,2491.426678175805,1710772.7786498468
2025-09-06,__CALL__,0.0,-1,1.0,1.0,0.0
2025-09-06,SOLUSDT,9.929439636145162,0,2526.80353295859,2536.732972594735,1712920.0738662689
2025-09-07,__CALL__,0.0,-1,1.0,1.0,0.0
2025-09-07,SOLUSDT,28.273111668757338,1,2555.0766446273474,2526.80353295859,1704832.2909219037
2025-09-08,__CALL__,0.0,-1,1.0,1.0,0.0
2025-09-08,SOLUSDT,53.573895118423934,0,2501.5027495089234,2555.0766446273474,1720617.025430425
2025-09-09,__CALL__,0.0,-1,2.0,1.0,0.0
2025-09-09,SOLUSDT,63.478911633496864,0,2438.0238378754266,2501.5027495089234,1740017.6180518642
2025-09-09,BTCUSDT,4.658048722405708,1,4.658048722405708,0.0,1740017.6180518642
2025-09-10,__CALL__,0.0,-1,2.0,2.0,0.0
2025-09-10,SOLUSDT,28.511636904974694,0,2409.512200970452,2438.0238378754266,1744647.4774536688
2025-09-10,BTCUSDT,0.03411815956196662,1,4.692166881967674,4.658048722405708,1744647.4774536688
2025-09-11,__CALL__,0.0,-1,2.0,2.0,0.0
2025-09-11,BTCUSDT,0.02620436618427391,0,4.6659625157834,4.692166881967674,1772443.6276622543
2025-09-11,SOLUSDT,36.339416481675926,0,2373.172784488776,2409.512200970452,1772443.6276622543
2025-09-12,__CALL__,0.0,-1,3.0,2.0,0.0
2025-09-12,BTCUSDT,0.014304193683332578,0,4.651658322100068,4.6659625157834,1790620.0145595213
2025-09-12,SOLUSDT,24.613284633115654,0,2348.5594998556603,2373.172784488776,1790620.0145595213
2025-09-12,ETHUSDT,120.4768952742309,1,120.4768952742309,0.0,1790620.0145595213
2025-09-13,__CALL__,0.0,-1,3.0,3.0,0.0
2025-09-13,SOLUSDT,51.0197056710831,0,2297.539794184577,2348.5594998556603,1854727.235093123
2025-09-13,ETHUSDT,2.3955584610225173,0,118.08133681320838,120.4768952742309,1854727.235093123
2025-09-13,BTCUSDT,0.14383437678579636,1,4.795492698885864,4.651658322100068,1854727.235093123
2025-09-14,__CALL__,0.0,-1,3.0,3.0,0.0
2025-09-14,BTCUSDT,0.009638697558652431,0,4.785854001327212,4.795492698885864,1849226.6917892331
2025-09-14,SOLUSDT,8.70409668142338,0,2288.835697503154,2297.539794184577,1849226.6917892331
2025-09-14,ETHUSDT,0.8007477490022836,1,118.88208456221066,118.08133681320838,1849226.6917892331
2025-09-15,__CALL__,0.0,-1,3.0,3.0,0.0
2025-09-15,BTCUSDT,0.015987322277093874,0,4.769866679050118,4.785854001327212,1832710.0987511082
2025-09-15,SOLUSDT,4.440755574353716,1,2293.2764530775075,2288.835697503154,1832710.0987511082
2025-09-15,ETHUSDT,0.5261943221639882,1,119.40827888437465,118.88208456221066,1832710.0987511082
2025-09-16,__CALL__,0.0,-1,3.0,3.0,0.0
2025-09-16,BTCUSDT,0.05983923753963172,0,4.710027441510486,4.769866679050118,1811001.012953091
2025-09-16,SOLUSDT,25.348875122424943,1,2318.6253281999325,2293.2764530775075,1811001.012953091
2025-09-16,ETHUSDT,0.6915225492922588,1,120.09980143366691,119.40827888437465,1811001.012953091
2025-09-17,__CALL__,0.0,-1,3.0,3.0,0.0
2025-09-17,BTCUSDT,0.03187118468186245,0,4.678156256828624,4.710027441510486,1821190.0277942645
2025-09-17,SOLUSDT,12.932414382565184,0,2305.6929138173673,2318.6253281999325,1821190.0277942645
2025-09-17,ETHUSDT,1.2778077114341926,1,121.3776091451011,120.09980143366691,1821190.0277942645
2025-09-18,__CALL__,0.0,-1,3.0,3.0,0.0
2025-09-18,SOLUSDT,40.64489836682742,0,2265.04801545054,2305.6929138173673,1848581.159360189
2025-09-18,ETHUSDT,0.5695248916165809,0,120.80808425348452,121.3776091451011,1848581.159360189
2025-09-18,BTCUSDT,0.08428058486454226,1,4.762436841693166,4.678156256828624,1848581.159360189
2025-09-19,__CALL__,0.0,-1,3.0,3.0,0.0
2025-09-19,BTCUSDT,0.003333312066277294,0,4.759103529626889,4.762436841693166,1857216.8526591964
2025-09-19,SOLUSDT,13.876072833332273,0,2251.1719426172076,2265.04801545054,1857216.8526591964
2025-09-19,ETHUSDT,0.6405489977611865,1,121.44863325124571,120.80808425348452,1857216.8526591964
2025-09-20,__CALL__,0.0,-1,3.0,3.0,0.0
2025-09-20,BTCUSDT,0.04840542739667164,0,4.710698102230217,4.759103529626889,1815697.610245102
2025-09-20,SOLUSDT,32.43718772756847,1,2283.609130344776,2251.1719426172076,1815697.610245102
2025-09-20,ETHUSDT,0.44872186971915085,1,121.89735512096486,121.44863325124571,1815697.610245102
2025-09-21,__CALL__,0.0,-1,3.0,3.0,0.0
2025-09-21,SOLUSDT,4.241253091500312,0,2279.3678772532758,2283.609130344776,1819543.3650203478
2025-09-21,ETHUSDT,0.06408752499569914,0,121.83326759596916,121.89735512096486,1819543.3650203478
2025-09-21,BTCUSDT,0.007804932548730825,1,4.718503034778948,4.710698102230217,1819543.3650203478
2025-09-22,__CALL__,0.0,-1,2.0,3.0,0.0
2025-09-22,BTCUSDT,0.01795075188090589,0,4.700552282898042,4.718503034778948,1805517.998054338
2025-09-22,ETHUSDT,121.83326759596916,0,0.0,121.83326759596916,1805517.998054338
2025-09-22,SOLUSDT,14.227105033757198,1,2293.594982287033,2279.3678772532758,1805517.998054338
2025-09-23,__CALL__,0.0,-1,0.0,2.0,0.0
2025-09-23,BTCUSDT,4.700552282898042,0,0.0,4.700552282898042,1756667.499650932
2025-09-23,SOLUSDT,2293.594982287033,0,0.0,2293.594982287033,1756667.499650932
2025-09-24,__CALL__,0.0,-1,0.0,0.0,0.0
2025-09-25,__CALL__,0.0,-1,0.0,0.0,0.0
2025-09-26,__CALL__,0.0,-1,0.0,0.0,0.0
2025-09-27,__CALL__,0.0,-1,0.0,0.0,0.0
2025-09-28,__CALL__,0.0,-1,0.0,0.0,0.0
2025-09-29,__CALL__,0.0,-1,0.0,0.0,0.0
2025-09-30,__CALL__,0.0,-1,1.0,0.0,0.0
2025-09-30,BTCUSDT,4.607476832671614,1,4.607476832671614,0.0,1755632.4923756882
2025-10-01,__CALL__,0.0,-1,0.0,1.0,0.0
2025-10-01,BTCUSDT,4.607476832671614,0,0.0,4.607476832671614,1753893.8922373317
2025-10-02,__CALL__,0.0,-1,2.0,0.0,0.0
2025-10-02,BTCUSDT,4.435351903294317,1,4.435351903294317,0.0,1753368.4144000097
2025-10-02,ETHUSDT,120.97675276184896,1,120.97675276184896,0.0,1753368.4144000097
2025-10-03,__CALL__,0.0,-1,3.0,2.0,0.0
2025-10-03,BTCUSDT,0.011398259835932123,0,4.423953643458385,4.435351903294317,1777387.5466286617
2025-10-03,ETHUSDT,2.070723487443175,0,118.90602927440578,120.97675276184896,1777387.5466286617
2025-10-03,SOLUSDT,2271.518494976462,1,2271.518494976462,0.0,1777387.5466286617
2025-10-04,__CALL__,0.0,-1,3.0,3.0,0.0
2025-10-04,BTCUSDT,0.0467436949175708,0,4.3772099485408145,4.423953643458385,1783453.4991592146
2025-10-04,ETHUSDT,0.3484643399894054,0,118.55756493441638,118.90602927440578,1783453.4991592146
2025-10-04,SOLUSDT,26.351536645320266,1,2297.8700316217823,2271.518494976462,1783453.4991592146
2025-10-05,__CALL__,0.0,-1,3.0,3.0,0.0
2025-10-05,BTCUSDT,0.03953179073461044,0,4.337678157806204,4.3772099485408145,1769642.4450798281
2025-10-05,ETHUSDT,0.243817477801187,0,118.31374745661519,118.55756493441638,1769642.4450798281
2025-10-05,SOLUSDT,32.03750854272994,1,2329.9075401645123,2297.8700316217823,1769642.4450798281
2025-10-06,__CALL__,0.0,-1,3.0,3.0,0.0
2025-10-06,BTCUSDT,0.015098224347871003,0,4.322579933458333,4.337678157806204,1779207.3330656227
2025-10-06,ETHUSDT,0.076178851900778,0,118.23756860471441,118.31374745661519,1779207.3330656227
2025-10-06,SOLUSDT,5.418875748890059,1,2335.3264159134023,2329.9075401645123,1779207.3330656227
2025-10-07,__CALL__,0.0,-1,3.0,3.0,0.0
2025-10-07,ETHUSDT,2.1062952222105906,0,116.13127338250382,118.23756860471441,1813204.031391015
2025-10-07,BTCUSDT,0.04102975993442293,1,4.363609693392756,4.322579933458333,1813204.031391015
2025-10-07,SOLUSDT,5.802033099683285,1,2341.1284490130856,2335.3264159134023,1813204.031391015
2025-10-08,__CALL__,0.0,-1,2.0,3.0,0.0
2025-10-08,BTCUSDT,0.05578041371274356,0,4.307829279680012,4.363609693392756,1742272.2723894457
2025-10-08,SOLUSDT,2341.1284490130856,0,0.0,2341.1284490130856,1742272.2723894457
2025-10-08,ETHUSDT,1.3860184232019606,1,117.51729180570578,116.13127338250382,1742272.2723894457
2025-10-09,__CALL__,0.0,-1,3.0,2.0,0.0
2025-10-09,BTCUSDT,0.027228633987986584,0,4.280600645692026,4.307829279680012,1759412.5888663116
2025-10-09,ETHUSDT,0.8897161706272243,0,116.62757563507856,117.51729180570578,1759412.5888663116
2025-10-09,SOLUSDT,2304.605420569936,1,2304.605420569936,0.0,1759412.5888663116
2025-10-10,__CALL__,0.0,-1,3.0,3.0,0.0
2025-10-10,BTCUSDT,0.052202245624858534,0,4.228398400067167,4.280600645692026,1714790.413119406
2025-10-10,SOLUSDT,23.901984446672486,1,2328.5074050166086,2304.605420569936,1714790.413119406
2025-10-10,ETHUSDT,1.1440687993633105,1,117.77164443444187,116.62757563507856,1714790.413119406
2025-10-11,__CALL__,0.0,-1,0.0,3.0,0.0
2025-10-11,BTCUSDT,4.228398400067167,0,0.0,4.228398400067167,1538110.9464804984
2025-10-11,SOLUSDT,2328.5074050166086,0,0.0,2328.5074050166086,1538110.9464804984
2025-10-11,ETHUSDT,117.77164443444187,0,0.0,117.77164443444187,1538110.9464804984
2025-10-12,__CALL__,0.0,-1,0.0,0.0,0.0
2025-10-13,__CALL__,0.0,-1,0.0,0.0,0.0
2025-10-14,__CALL__,0.0,-1,0.0,0.0,0.0
2025-10-15,__CALL__,0.0,-1,0.0,0.0,0.0
2025-10-16,__CALL__,0.0,-1,0.0,0.0,0.0
2025-10-17,__CALL__,0.0,-1,0.0,0.0,0.0
2025-10-18,__CALL__,0.0,-1,0.0,0.0,0.0
2025-10-19,__CALL__,0.0,-1,0.0,0.0,0.0
2025-10-20,__CALL__,0.0,-1,0.0,0.0,0.0
2025-10-21,__CALL__,0.0,-1,0.0,0.0,0.0
2025-10-22,__CALL__,0.0,-1,0.0,0.0,0.0
2025-10-23,__CALL__,0.0,-1,0.0,0.0,0.0
2025-10-24,__CALL__,0.0,-1,0.0,0.0,0.0
2025-10-25,__CALL__,0.0,-1,0.0,0.0,0.0
2025-10-26,__CALL__,0.0,-1,0.0,0.0,0.0
2025-10-27,__CALL__,0.0,-1,3.0,0.0,0.0
2025-10-27,BTCUSDT,4.024316330496567,1,4.024316330496567,0.0,1536744.2979462184
2025-10-27,SOLUSDT,2304.7707453747253,1,2304.7707453747253,0.0,1536744.2979462184
2025-10-27,ETHUSDT,110.86394812370168,1,110.86394812370168,0.0,1536744.2979462184
2025-10-28,__CALL__,0.0,-1,3.0,3.0,0.0
2025-10-28,BTCUSDT,0.011645262486918995,0,4.012671068009648,4.024316330496567,1526254.8650792418
2025-10-28,SOLUSDT,0.5261474512171844,0,2304.244597923508,2304.7707453747253,1526254.8650792418
2025-10-28,ETHUSDT,0.2667948958883244,1,111.13074301959,110.86394812370168,1526254.8650792418
2025-10-29,__CALL__,0.0,-1,2.0,3.0,0.0
2025-10-29,BTCUSDT,0.039410440567922755,0,3.973260627441725,4.012671068009648,1495249.7220614678
2025-10-29,ETHUSDT,111.13074301959,0,0.0,111.13074301959,1495249.7220614678
2025-10-29,SOLUSDT,6.09176465238761,1,2310.3363625758957,2304.244597923508,1495249.7220614678
2025-10-30,__CALL__,0.0,-1,1.0,2.0,0.0
2025-10-30,BTCUSDT,3.973260627441725,0,0.0,3.973260627441725,1482746.4493188118
2025-10-30,SOLUSDT,16.12863553521902,0,2294.2077270406767,2310.3363625758957,1482746.4493188118
2025-10-31,__CALL__,0.0,-1,0.0,1.0,0.0
2025-10-31,SOLUSDT,2294.2077270406767,0,0.0,2294.2077270406767,1461199.4747632162
2025-11-01,__CALL__,0.0,-1,0.0,0.0,0.0
2025-11-02,__CALL__,0.0,-1,0.0,0.0,0.0
2025-11-03,__CALL__,0.0,-1,1.0,0.0,0.0
2025-11-03,BTCUSDT,3.964447274310216,1,3.964447274310216,0.0,1460775.757532508
2025-11-04,__CALL__,0.0,-1,0.0,1.0,0.0
2025-11-04,BTCUSDT,3.964447274310216,0,0.0,3.964447274310216,1444647.6672167676
2025-11-05,__CALL__,0.0,-1,0.0,0.0,0.0
2025-11-06,__CALL__,0.0,-1,0.0,0.0,0.0
2025-11-07,__CALL__,0.0,-1,0.0,0.0,0.0
2025-11-08,__CALL__,0.0,-1,0.0,0.0,0.0
2025-11-09,__CALL__,0.0,-1,0.0,0.0,0.0
2025-11-10,__CALL__,0.0,-1,0.0,0.0,0.0
2025-11-11,__CALL__,0.0,-1,0.0,0.0,0.0
2025-11-12,__CALL__,0.0,-1,0.0,0.0,0.0
2025-11-13,__CALL__,0.0,-1,0.0,0.0,0.0
2025-11-14,__CALL__,0.0,-1,0.0,0.0,0.0
2025-11-15,__CALL__,0.0,-1,0.0,0.0,0.0
2025-11-16,__CALL__,0.0,-1,0.0,0.0,0.0
2025-11-17,__CALL__,0.0,-1,0.0,0.0,0.0
2025-11-18,__CALL__,0.0,-1,0.0,0.0,0.0
2025-11-19,__CALL__,0.0,-1,0.0,0.0,0.0
2025-11-20,__CALL__,0.0,-1,0.0,0.0,0.0
2025-11-21,__CALL__,0.0,-1,0.0,0.0,0.0
2025-11-22,__CALL__,0.0,-1,0.0,0.0,0.0
2025-11-23,__CALL__,0.0,-1,0.0,0.0,0.0
2025-11-24,__CALL__,0.0,-1,0.0,0.0,0.0
2025-11-25,__CALL__,0.0,-1,0.0,0.0,0.0
2025-11-26,__CALL__,0.0,-1,0.0,0.0,0.0
2025-11-27,__CALL__,0.0,-1,0.0,0.0,0.0
2025-11-28,__CALL__,0.0,-1,0.0,0.0,0.0
2025-11-29,__CALL__,0.0,-1,0.0,0.0,0.0
2025-11-30,__CALL__,0.0,-1,0.0,0.0,0.0
2025-12-01,__CALL__,0.0,-1,0.0,0.0,0.0
2025-12-02,__CALL__,0.0,-1,0.0,0.0,0.0
2025-12-03,__CALL__,0.0,-1,3.0,0.0,0.0
2025-12-03,BTCUSDT,4.7466869733836035,1,4.7466869733836035,0.0,1444225.1243470963
2025-12-03,SOLUSDT,3124.4504436804536,1,3124.4504436804536,0.0,1444225.1243470963
2025-12-03,ETHUSDT,144.61195079505697,1,144.61195079505697,0.0,1444225.1243470963
2025-12-04,__CALL__,0.0,-1,3.0,3.0,0.0
2025-12-04,SOLUSDT,14.547231293099685,0,3109.903212387354,3124.4504436804536,1499698.973472252
2025-12-04,ETHUSDT,3.5032071345131044,0,141.10874366054387,144.61195079505697,1499698.973472252
2025-12-04,BTCUSDT,0.06878897403275808,1,4.8154759474163615,4.7466869733836035,1499698.973472252
2025-12-05,__CALL__,0.0,-1,3.0,3.0,0.0
2025-12-05,BTCUSDT,0.03326877340294043,0,4.782207174013421,4.8154759474163615,1467787.9035225206
2025-12-05,ETHUSDT,0.572570574259089,0,140.53617308628478,141.10874366054387,1467787.9035225206
2025-12-05,SOLUSDT,57.75658516124804,1,3167.659797548602,3109.903212387354,1467787.9035225206
2025-12-06,__CALL__,0.0,-1,1.0,3.0,0.0
2025-12-06,BTCUSDT,4.782207174013421,0,0.0,4.782207174013421,1420846.0055723686
2025-12-06,SOLUSDT,3167.659797548602,0,0.0,3167.659797548602,1420846.0055723686
2025-12-06,ETHUSDT,0.5247941337927102,1,141.0609672200775,140.53617308628478,1420846.0055723686
2025-12-07,__CALL__,0.0,-1,1.0,1.0,0.0
2025-12-07,ETHUSDT,0.6134906501503679,0,140.44747656992712,141.0609672200775,1422292.8963245903
2025-12-08,__CALL__,0.0,-1,2.0,1.0,0.0
2025-12-08,ETHUSDT,0.7006177943038097,0,139.7468587756233,140.44747656992712,1425352.794350161
2025-12-08,BTCUSDT,4.730397954526838,1,4.730397954526838,0.0,1425352.794350161
2025-12-09,__CALL__,0.0,-1,2.0,2.0,0.0
2025-12-09,ETHUSDT,1.9460265117392908,0,137.80083226388402,139.7468587756233,1435039.4533804487
2025-12-09,BTCUSDT,0.01958732800988905,1,4.749985282536727,4.730397954526838,1435039.4533804487
2025-12-10,__CALL__,0.0,-1,3.0,2.0,0.0
2025-12-10,ETHUSDT,4.759074181528575,0,133.04175808235544,137.80083226388402,1471459.6006150744
2025-12-10,BTCUSDT,0.013108549557014015,1,4.763093832093741,4.749985282536727,1471459.6006150744
2025-12-10,SOLUSDT,3201.8415595743404,1,3201.8415595743404,0.0,1471459.6006150744
2025-12-11,__CALL__,0.0,-1,3.0,3.0,0.0
2025-12-11,ETHUSDT,0.9626824540683572,0,132.0790756282871,133.04175808235544,1463497.7475694409
2025-12-11,BTCUSDT,0.00838361929592768,1,4.771477451389669,4.763093832093741,1463497.7475694409
2025-12-11,SOLUSDT,20.30244431967003,1,3222.1440038940104,3201.8415595743404,1463497.7475694409
2025-12-12,__CALL__,0.0,-1,3.0,3.0,0.0
2025-12-12,BTCUSDT,0.05359340998437556,0,4.717884041405293,4.771477451389669,1454891.3746250416
2025-12-12,SOLUSDT,22.470954484438153,0,3199.6730494095723,3222.1440038940104,1454891.3746250416
2025-12-12,ETHUSDT,2.7421156396118818,1,134.82119126789897,132.0790756282871,1454891.3746250416
2025-12-13,__CALL__,0.0,-1,1.0,3.0,0.0
2025-12-13,BTCUSDT,4.717884041405293,0,0.0,4.717884041405293,1410505.482334714
2025-12-13,SOLUSDT,3199.6730494095723,0,0.0,3199.6730494095723,1410505.482334714
2025-12-13,ETHUSDT,2.349257298748256,1,137.17044856664722,134.82119126789897,1410505.482334714
2025-12-14,__CALL__,0.0,-1,1.0,1.0,0.0
2025-12-14,ETHUSDT,1.0005481877420834,0,136.16990037890514,137.17044856664722,1413734.012961757
2025-12-15,__CALL__,0.0,-1,0.0,1.0,0.0
2025-12-15,ETHUSDT,136.16990037890514,0,0.0,136.16990037890514,1406765.8195079179
2025-12-16,__CALL__,0.0,-1,0.0,0.0,0.0
2025-12-17,__CALL__,0.0,-1,0.0,0.0,0.0
2025-12-18,__CALL__,0.0,-1,0.0,0.0,0.0
2025-12-19,__CALL__,0.0,-1,0.0,0.0,0.0
2025-12-20,__CALL__,0.0,-1,0.0,0.0,0.0
2025-12-21,__CALL__,0.0,-1,0.0,0.0,0.0
2025-12-22,__CALL__,0.0,-1,0.0,0.0,0.0
2025-12-23,__CALL__,0.0,-1,0.0,0.0,0.0
2025-12-24,__CALL__,0.0,-1,0.0,0.0,0.0
2025-12-25,__CALL__,0.0,-1,0.0,0.0,0.0
2025-12-26,__CALL__,0.0,-1,0.0,0.0,0.0
2025-12-27,__CALL__,0.0,-1,0.0,0.0,0.0
2025-12-28,__CALL__,0.0,-1,0.0,0.0,0.0
2025-12-29,__CALL__,0.0,-1,0.0,0.0,0.0
2025-12-30,__CALL__,0.0,-1,0.0,0.0,0.0
2025-12-31,__CALL__,0.0,-1,1.0,0.0,0.0
2025-12-31,BTCUSDT,4.768064816431401,1,4.768064816431401,0.0,1406348.6643811357
2026-01-01,__CALL__,0.0,-1,1.0,1.0,0.0
2026-01-01,BTCUSDT,4.768064816431401,0,0.0,4.768064816431401,1401934.5112617323
2026-01-01,ETHUSDT,141.53092295522652,1,141.53092295522652,0.0,1401934.5112617323
2026-01-02,__CALL__,0.0,-1,3.0,1.0,0.0
2026-01-02,ETHUSDT,1.1568319953449304,0,140.37409095988158,141.53092295522652,1405701.4403190743
2026-01-02,BTCUSDT,4.74690405772909,1,4.74690405772909,0.0,1405701.4403190743
2026-01-02,SOLUSDT,3322.9093052309904,1,3322.9093052309904,0.0,1405701.4403190743
2026-01-03,__CALL__,0.0,-1,3.0,3.0,0.0
2026-01-03,SOLUSDT,45.29455079083846,0,3277.614754440152,3322.9093052309904,1445209.5857211624
2026-01-03,ETHUSDT,1.6543885368503766,0,138.7197024230312,140.37409095988158,1445209.5857211624
2026-01-03,BTCUSDT,0.07072134632420468,1,4.817625404053294,4.74690405772909,1445209.5857211624
2026-01-04,__CALL__,0.0,-1,3.0,3.0,0.0
2026-01-04,BTCUSDT,0.011023647536565484,0,4.806601756516729,4.817625404053294,1452042.4718039143
2026-01-04,SOLUSDT,11.417277575758362,0,3266.1974768643936,3277.614754440152,1452042.4718039143
2026-01-04,ETHUSDT,0.5823133605806845,1,139.3020157836119,138.7197024230312,1452042.4718039143
2026-01-05,__CALL__,0.0,-1,3.0,3.0,0.0
2026-01-05,BTCUSDT,0.01709711455127927,0,4.78950464196545,4.806601756516729,1461273.750283107
2026-01-05,SOLUSDT,2.3839505498795006,1,3268.581427414273,3266.1974768643936,1461273.750283107
2026-01-05,ETHUSDT,0.10102313901160187,1,139.4030389226235,139.3020157836119,1461273.750283107
2026-01-06,__CALL__,0.0,-1,3.0,3.0,0.0
2026-01-06,BTCUSDT,0.007867790260992713,0,4.781636851704457,4.78950464196545,1496010.1756969264
2026-01-06,SOLUSDT,14.26309813134776,0,3254.3183292829253,3268.581427414273,1496010.1756969264
2026-01-06,ETHUSDT,0.23886971028392168,0,139.16416921233957,139.4030389226235,1496010.1756969264
2026-01-07,__CALL__,0.0,-1,3.0,3.0,0.0
2026-01-07,SOLUSDT,31.070273761843964,0,3223.2480555210814,3254.3183292829253,1515786.1385828587
2026-01-07,ETHUSDT,1.2329350270828456,0,137.93123418525673,139.16416921233957,1515786.1385828587
2026-01-07,BTCUSDT,0.06898388854339643,1,4.850620740247853,4.781636851704457,1515786.1385828587
2026-01-08,__CALL__,0.0,-1,3.0,3.0,0.0
2026-01-08,BTCUSDT,0.019117160919767784,0,4.831503579328086,4.850620740247853,1471420.8264805516
2026-01-08,SOLUSDT,13.25205386793823,1,3236.5001093890196,3223.2480555210814,1471420.8264805516
2026-01-08,ETHUSDT,1.3761997393052354,1,139.30743392456196,137.93123418525673,1471420.8264805516
2026-01-09,__CALL__,0.0,-1,3.0,3.0,0.0
2026-01-09,SOLUSDT,53.947127325900965,0,3182.5529820631186,3236.5001093890196,1467899.4686275474
2026-01-09,BTCUSDT,0.002413441399293781,1,4.833917020727379,4.831503579328086,1467899.4686275474
2026-01-09,ETHUSDT,2.44282295800096,1,141.75025688256292,139.30743392456196,1467899.4686275474
2026-01-10,__CALL__,0.0,-1,3.0,3.0,0.0
2026-01-10,BTCUSDT,0.016878103827090207,0,4.817038916900289,4.833917020727379,1455408.4720861267
2026-01-10,ETHUSDT,0.3752551237264754,0,141.37500175883645,141.75025688256292,1455408.4720861267
2026-01-10,SOLUSDT,28.85125495436023,1,3211.404237017479,3182.5529820631186,1455408.4720861267
2026-01-11,__CALL__,0.0,-1,3.0,3.0,0.0
2026-01-11,SOLUSDT,0.17161117082923738,0,3211.2326258466496,3211.404237017479,1454153.2394035864
2026-01-11,ETHUSDT,0.0450541245833449,0,141.3299476342531,141.37500175883645,1454153.2394035864
2026-01-11,BTCUSDT,0.0031080672686716326,1,4.820146984168961,4.817038916900289,1454153.2394035864
2026-01-12,__CALL__,0.0,-1,3.0,3.0,0.0
2026-01-12,SOLUSDT,45.37340632048472,0,3165.859219526165,3211.2326258466496,1474129.6070158617
2026-01-12,BTCUSDT,0.038891761511124834,1,4.859038745680086,4.820146984168961,1474129.6070158617
2026-01-12,ETHUSDT,0.2562700971953973,1,141.5862177314485,141.3299476342531,1474129.6070158617
2026-01-13,__CALL__,0.0,-1,3.0,3.0,0.0
2026-01-13,BTCUSDT,0.028447208114670275,0,4.830591537565415,4.859038745680086,1470048.8874249274
2026-01-13,SOLUSDT,2.1218519347507936,1,3167.9810714609157,3165.859219526165,1470048.8874249274
2026-01-13,ETHUSDT,0.8718832868760558,1,142.45810101832456,141.5862177314485,1470048.8874249274
2026-01-14,__CALL__,0.0,-1,3.0,3.0,0.0
2026-01-14,ETHUSDT,3.301739413638444,0,139.1563616046861,142.45810101832456,1542701.3766243465
2026-01-14,BTCUSDT,0.01995922943137529,1,4.850550766996791,4.830591537565415,1542701.3766243465
2026-01-14,SOLUSDT,12.409248764555286,1,3180.390320225471,3167.9810714609157,1542701.3766243465
2026-01-15,__CALL__,0.0,-1,3.0,3.0,0.0
2026-01-15,BTCUSDT,0.029762546255732936,0,4.820788220741058,4.850550766996791,1557946.6834328792
2026-01-15,SOLUSDT,5.59478374670789,1,3185.985103972179,3180.390320225471,1557946.6834328792
2026-01-15,ETHUSDT,0.156652092717394,1,139.3130136974035,139.1563616046861,1557946.6834328792
2026-01-16,__CALL__,0.0,-1,3.0,3.0,0.0
2026-01-16,BTCUSDT,0.011191739831052594,0,4.809596480910005,4.820788220741058,1532735.2325268697
2026-01-16,ETHUSDT,0.7585868063275427,0,138.55442689107596,139.3130136974035,1532735.2325268697
2026-01-16,SOLUSDT,42.86510271034558,1,3228.8502066825245,3185.985103972179,1532735.2325268697
2026-01-17,__CALL__,0.0,-1,3.0,3.0,0.0
2026-01-17,SOLUSDT,45.827609568305434,0,3183.022597114219,3228.8502066825245,1537399.8496474074
2026-01-17,BTCUSDT,0.017357256662922538,1,4.826953737572928,4.809596480910005,1537399.8496474074
2026-01-17,ETHUSDT,1.3669240848617221,1,139.92135097593768,138.55442689107596,1537399.8496474074
2026-01-18,__CALL__,0.0,-1,3.0,3.0,0.0
2026-01-18,ETHUSDT,0.9374708543646477,0,138.98388012157304,139.92135097593768,1533714.9410628718
2026-01-18,BTCUSDT,0.008834486321751989,1,4.83578822389468,4.826953737572928,1533714.9410628718
2026-01-18,SOLUSDT,18.219286946467037,1,3201.241884060686,3183.022597114219,1533714.9410628718
2026-01-19,__CALL__,0.0,-1,3.0,3.0,0.0
2026-01-19,BTCUSDT,0.018615804026923755,0,4.817172419867756,4.83578822389468,1504132.2316704795
2026-01-19,ETHUSDT,1.5800530872473644,0,137.40382703432567,138.98388012157304,1504132.2316704795
2026-01-19,SOLUSDT,71.69410986313096,1,3272.935993923817,3201.241884060686,1504132.2316704795
2026-01-20,__CALL__,0.0,-1,2.0,3.0,0.0
2026-01-20,BTCUSDT,0.051118928676912034,0,4.766053491190844,4.817172419867756,1471614.2123590207
2026-01-20,SOLUSDT,3272.935993923817,0,0.0,3272.935993923817,1471614.2123590207
2026-01-20,ETHUSDT,1.0115831154843988,1,138.41541014981007,137.40382703432567,1471614.2123590207
2026-01-21,__CALL__,0.0,-1,0.0,2.0,0.0
2026-01-21,BTCUSDT,4.766053491190844,0,0.0,4.766053491190844,1416576.6022132086
2026-01-21,ETHUSDT,138.41541014981007,0,0.0,138.41541014981007,1416576.6022132086
2026-01-22,__CALL__,0.0,-1,0.0,0.0,0.0
2026-01-23,__CALL__,0.0,-1,0.0,0.0,0.0
2026-01-24,__CALL__,0.0,-1,0.0,0.0,0.0
2026-01-25,__CALL__,0.0,-1,0.0,0.0,0.0
2026-01-26,__CALL__,0.0,-1,0.0,0.0,0.0
2026-01-27,__CALL__,0.0,-1,0.0,0.0,0.0
2026-01-28,__CALL__,0.0,-1,0.0,0.0,0.0
2026-01-29,__CALL__,0.0,-1,0.0,0.0,0.0
2026-01-30,__CALL__,0.0,-1,0.0,0.0,0.0
2026-01-31,__CALL__,0.0,-1,0.0,0.0,0.0
2026-02-01,__CALL__,0.0,-1,0.0,0.0,0.0
2026-02-02,__CALL__,0.0,-1,0.0,0.0,0.0
2026-02-03,__CALL__,0.0,-1,0.0,0.0,0.0
2026-02-04,__CALL__,0.0,-1,0.0,0.0,0.0
2026-02-05,__CALL__,0.0,-1,0.0,0.0,0.0
2026-02-06,__CALL__,0.0,-1,0.0,0.0,0.0
2026-02-07,__CALL__,0.0,-1,0.0,0.0,0.0
2026-02-08,__CALL__,0.0,-1,0.0,0.0,0.0
2026-02-09,__CALL__,0.0,-1,0.0,0.0,0.0
2026-02-10,__CALL__,0.0,-1,0.0,0.0,0.0
2026-02-11,__CALL__,0.0,-1,0.0,0.0,0.0
2026-02-12,__CALL__,0.0,-1,0.0,0.0,0.0
2026-02-13,__CALL__,0.0,-1,0.0,0.0,0.0
2026-02-14,__CALL__,0.0,-1,0.0,0.0,0.0
2026-02-15,__CALL__,0.0,-1,0.0,0.0,0.0
2026-02-16,__CALL__,0.0,-1,0.0,0.0,0.0
2026-02-17,__CALL__,0.0,-1,0.0,0.0,0.0
2026-02-18,__CALL__,0.0,-1,0.0,0.0,0.0
2026-02-19,__CALL__,0.0,-1,0.0,0.0,0.0
2026-02-20,__CALL__,0.0,-1,0.0,0.0,0.0
2026-02-21,__CALL__,0.0,-1,0.0,0.0,0.0
2026-02-22,__CALL__,0.0,-1,0.0,0.0,0.0
2026-02-23,__CALL__,0.0,-1,0.0,0.0,0.0
2026-02-24,__CALL__,0.0,-1,0.0,0.0,0.0
2026-02-25,__CALL__,0.0,-1,0.0,0.0,0.0
2026-02-26,__CALL__,0.0,-1,2.0,0.0,0.0
2026-02-26,ETHUSDT,206.4294535110525,1,206.4294535110525,0.0,1415748.22659365
2026-02-26,SOLUSDT,4823.67351797174,1,4823.67351797174,0.0,1415748.22659365
2026-02-27,__CALL__,0.0,-1,2.0,2.0,0.0
2026-02-27,ETHUSDT,0.4707229914643847,1,206.90017650251687,206.4294535110525,1398424.5366780863
2026-02-27,SOLUSDT,59.661869295371616,1,4883.335387267111,4823.67351797174,1398424.5366780863
2026-02-28,__CALL__,0.0,-1,0.0,2.0,0.0
2026-02-28,ETHUSDT,206.90017650251687,0,0.0,206.90017650251687,1358300.1144046702
2026-02-28,SOLUSDT,4883.335387267111,0,0.0,4883.335387267111,1358300.1144046702
2026-03-01,__CALL__,0.0,-1,1.0,0.0,0.0
2026-03-01,SOLUSDT,4828.101491103393,1,4828.101491103393,0.0,1357501.17802491
2026-03-02,__CALL__,0.0,-1,1.0,1.0,0.0
2026-03-02,SOLUSDT,28.450833982156837,1,4856.5523250855495,4828.101491103393,1353521.1428820235
2026-03-03,__CALL__,0.0,-1,3.0,1.0,0.0
2026-03-03,SOLUSDT,119.278244783226,0,4737.2740803023235,4856.5523250855495,1368282.6876223432
2026-03-03,BTCUSDT,5.963743041591789,1,5.963743041591789,0.0,1368282.6876223432
2026-03-03,ETHUSDT,202.47457910721477,1,202.47457910721477,0.0,1368282.6876223432
2026-03-04,__CALL__,0.0,-1,3.0,3.0,0.0
2026-03-04,BTCUSDT,0.006308490155612745,0,5.957434551436176,5.963743041591789,1357064.0297283428
2026-03-04,SOLUSDT,56.66712231179554,0,4680.606957990528,4737.2740803023235,1357064.0297283428
2026-03-04,ETHUSDT,2.8497822223017124,1,205.32436132951648,202.47457910721477,1357064.0297283428
2026-03-05,__CALL__,0.0,-1,3.0,3.0,0.0
2026-03-05,BTCUSDT,0.05102683867647606,0,5.9064077127597,5.957434551436176,1430665.303642039
2026-03-05,ETHUSDT,3.564562345988179,0,201.7597989835283,205.32436132951648,1430665.303642039
2026-03-05,SOLUSDT,43.13933531197836,1,4723.746293302506,4680.606957990528,1430665.303642039
2026-03-06,__CALL__,0.0,-1,3.0,3.0,0.0
2026-03-06,BTCUSDT,0.015456164085319024,1,5.921863876845019,5.9064077127597,1399356.6362903495
2026-03-06,SOLUSDT,4.874980175164637,1,4728.621273477671,4723.746293302506,1399356.6362903495
2026-03-06,ETHUSDT,0.7656822990657588,1,202.52548128259406,201.7597989835283,1399356.6362903495
2026-03-07,__CALL__,0.0,-1,2.0,3.0,0.0
2026-03-07,BTCUSDT,0.0001995892337163241,0,5.921664287611303,5.921863876845019,1344494.6002512102
2026-03-07,ETHUSDT,202.52548128259406,0,0.0,202.52548128259406,1344494.6002512102
2026-03-07,SOLUSDT,34.0232943321389,1,4762.64456780981,4728.621273477671,1344494.6002512102
2026-03-08,__CALL__,0.0,-1,0.0,2.0,0.0
2026-03-08,BTCUSDT,5.921664287611303,0,0.0,5.921664287611303,1332049.8485110756
2026-03-08,SOLUSDT,4762.64456780981,0,0.0,4762.64456780981,1332049.8485110756
2026-03-09,__CALL__,0.0,-1,0.0,0.0,0.0
2026-03-10,__CALL__,0.0,-1,3.0,0.0,0.0
2026-03-10,BTCUSDT,5.836094896722653,1,5.836094896722653,0.0,1331255.1928745073
2026-03-10,SOLUSDT,4701.313386811325,1,4701.313386811325,0.0,1331255.1928745073
2026-03-10,ETHUSDT,200.3926620738049,1,200.3926620738049,0.0,1331255.1928745073
2026-03-11,__CALL__,0.0,-1,3.0,3.0,0.0
2026-03-11,BTCUSDT,0.03754304848980361,0,5.798551848232849,5.836094896722653,1352002.7312582305
2026-03-11,ETHUSDT,1.2270252569774414,0,199.16563681682746,200.3926620738049,1352002.7312582305
2026-03-11,SOLUSDT,21.565424893882664,1,4722.878811705207,4701.313386811325,1352002.7312582305
2026-03-12,__CALL__,0.0,-1,3.0,3.0,0.0
2026-03-12,SOLUSDT,11.190781814785623,0,4711.688029890422,4722.878811705207,1359793.1941842372
2026-03-12,ETHUSDT,0.3625529122965645,0,198.8030839045309,199.16563681682746,1359793.1941842372
2026-03-12,BTCUSDT,0.013204128708331986,1,5.811755976941181,5.798551848232849,1359793.1941842372
2026-03-13,__CALL__,0.0,-1,3.0,3.0,0.0
2026-03-13,ETHUSDT,0.9817354399604881,0,197.8213484645704,198.8030839045309,1367281.8206220684
2026-03-13,BTCUSDT,0.0030545211452048804,1,5.814810498086386,5.811755976941181,1367281.8206220684
2026-03-13,SOLUSDT,12.307565373038415,1,4723.99559526346,4711.688029890422,1367281.8206220684
2026-03-14,__CALL__,0.0,-1,3.0,3.0,0.0
2026-03-14,SOLUSDT,29.991091270446304,0,4694.004503993014,4723.99559526346,1379567.8950736169
2026-03-14,ETHUSDT,0.006417721848208657,0,197.8149307427222,197.8213484645704,1379567.8950736169
2026-03-14,BTCUSDT,0.020101710243424442,1,5.83491220832981,5.814810498086386,1379567.8950736169
2026-03-15,__CALL__,0.0,-1,3.0,3.0,0.0
2026-03-15,BTCUSDT,0.015467457826457753,0,5.819444750503353,5.83491220832981,1381380.089287907
2026-03-15,ETHUSDT,0.1133983394308018,0,197.7015324032914,197.8149307427222,1381380.089287907
2026-03-15,SOLUSDT,13.106155671724082,1,4707.110659664738,4694.004503993014,1381380.089287907
2026-03-16,__CALL__,0.0,-1,3.0,3.0,0.0
2026-03-16,SOLUSDT,69.33188082660763,0,4637.77877883813,4707.110659664738,1427044.4925061523
2026-03-16,ETHUSDT,1.1651024170905941,0,196.5364299862008,197.7015324032914,1427044.4925061523
2026-03-16,BTCUSDT,0.060001488462326336,1,5.879446238965679,5.819444750503353,1427044.4925061523
2026-03-17,__CALL__,0.0,-1,3.0,3.0,0.0
2026-03-17,ETHUSDT,6.369470796028111,0,190.1669591901727,196.5364299862008,1491523.81464801
2026-03-17,BTCUSDT,0.09583726286115013,1,5.975283501826829,5.879446238965679,1491523.81464801
2026-03-17,SOLUSDT,14.02632603199163,1,4651.805104870122,4637.77877883813,1491523.81464801
2026-03-18,__CALL__,0.0,-1,3.0,3.0,0.0
2026-03-18,BTCUSDT,0.002205733117251363,0,5.973077768709578,5.975283501826829,1471554.6601568311
2026-03-18,SOLUSDT,14.365439459704248,1,4666.170544329826,4651.805104870122,1471554.6601568311
2026-03-18,ETHUSDT,0.33542728573880254,1,190.5023864759115,190.1669591901727,1471554.6601568311
2026-03-19,__CALL__,0.0,-1,3.0,3.0,0.0
2026-03-19,BTCUSDT,0.024379595351804006,0,5.948698173357774,5.973077768709578,1412747.3441778717
2026-03-19,SOLUSDT,39.32745377570882,1,4705.497998105535,4666.170544329826,1412747.3441778717
2026-03-19,ETHUSDT,1.848592658996239,1,192.35097913490773,190.5023864759115,1412747.3441778717
2026-03-20,__CALL__,0.0,-1,2.0,3.0,0.0
2026-03-20,BTCUSDT,5.948698173357774,0,0.0,5.948698173357774,1386788.454373571
2026-03-20,SOLUSDT,25.672023176135554,0,4679.825974929399,4705.497998105535,1386788.454373571
2026-03-20,ETHUSDT,2.2568564213136995,1,194.60783555622143,192.35097913490773,1386788.454373571
2026-03-21,__CALL__,0.0,-1,3.0,2.0,0.0
2026-03-21,SOLUSDT,30.597468268797456,0,4649.228506660602,4679.825974929399,1392443.9140976511
2026-03-21,BTCUSDT,5.924391856308853,1,5.924391856308853,0.0,1392443.9140976511
2026-03-21,ETHUSDT,0.029772987363259062,1,194.6376085435847,194.60783555622143,1392443.9140976511
2026-03-22,__CALL__,0.0,-1,0.0,3.0,0.0
2026-03-22,BTCUSDT,5.924391856308853,0,0.0,5.924391856308853,1359953.9327747107
2026-03-22,SOLUSDT,4649.228506660602,0,0.0,4649.228506660602,1359953.9327747107
2026-03-22,ETHUSDT,194.6376085435847,0,0.0,194.6376085435847,1359953.9327747107
2026-03-23,__CALL__,0.0,-1,0.0,0.0,0.0
2026-03-24,__CALL__,0.0,-1,3.0,0.0,0.0
2026-03-24,BTCUSDT,5.74869878327632,1,5.74869878327632,0.0,1358732.80268709
2026-03-24,SOLUSDT,4457.784666697983,1,4457.784666697983,0.0,1358732.80268709
2026-03-24,ETHUSDT,189.41178108899675,1,189.41178108899675,0.0,1358732.80268709
2026-03-25,__CALL__,0.0,-1,3.0,3.0,0.0
2026-03-25,ETHUSDT,1.1044344112410442,0,188.3073466777557,189.41178108899675,1353440.205122312
2026-03-25,BTCUSDT,0.005989556183706668,1,5.754688339460027,5.74869878327632,1353440.205122312
2026-03-25,SOLUSDT,13.933922399940457,1,4471.7185890979235,4457.784666697983,1353440.205122312
2026-03-26,__CALL__,0.0,-1,3.0,3.0,0.0
2026-03-26,BTCUSDT,0.0169895011413157,0,5.737698838318711,5.754688339460027,1364358.4416093715
2026-03-26,SOLUSDT,8.168468002118061,0,4463.5501210958055,4471.7185890979235,1364358.4416093715
2026-03-26,ETHUSDT,0.39885649102254206,1,188.70620316877825,188.3073466777557,1364358.4416093715
2026-03-27,__CALL__,0.0,-1,0.0,3.0,0.0
2026-03-27,BTCUSDT,5.737698838318711,0,0.0,5.737698838318711,1306305.4958852094
2026-03-27,SOLUSDT,4463.5501210958055,0,0.0,4463.5501210958055,1306305.4958852094
2026-03-27,ETHUSDT,188.70620316877825,0,0.0,188.70620316877825,1306305.4958852094
2026-03-28,__CALL__,0.0,-1,0.0,0.0,0.0
2026-03-29,__CALL__,0.0,-1,0.0,0.0,0.0
2026-03-30,__CALL__,0.0,-1,0.0,0.0,0.0
2026-03-31,__CALL__,0.0,-1,0.0,0.0,0.0
2026-04-01,__CALL__,0.0,-1,0.0,0.0,0.0
2026-04-02,__CALL__,0.0,-1,1.0,0.0,0.0
2026-04-02,ETHUSDT,182.93301056259455,1,182.93301056259455,0.0,1305135.6234073369
2026-04-03,__CALL__,0.0,-1,0.0,1.0,0.0
2026-04-03,ETHUSDT,182.93301056259455,0,0.0,182.93301056259455,1289529.5138620855
2026-04-04,__CALL__,0.0,-1,0.0,0.0,0.0
2026-04-05,__CALL__,0.0,-1,0.0,0.0,0.0
2026-04-06,__CALL__,0.0,-1,2.0,0.0,0.0
2026-04-06,BTCUSDT,5.602238747152151,1,5.602238747152151,0.0,1289153.1877439215
2026-04-06,ETHUSDT,183.27716280759597,1,183.27716280759597,0.0,1289153.1877439215
2026-04-07,__CALL__,0.0,-1,2.0,2.0,0.0
2026-04-07,ETHUSDT,0.07084510146984258,0,183.20631770612613,183.27716280759597,1286816.6943850766
2026-04-07,BTCUSDT,0.004507928926114957,1,5.606746676078266,5.602238747152151,1286816.6943850766
2026-04-08,__CALL__,0.0,-1,3.0,2.0,0.0
2026-04-08,BTCUSDT,0.06603548967502171,0,5.540711186403244,5.606746676078266,1328371.0780047965
2026-04-08,ETHUSDT,5.30027190093989,0,177.90604580518624,183.20631770612613,1328371.0780047965
2026-04-08,SOLUSDT,4657.682734604192,1,4657.682734604192,0.0,1328371.0780047965
2026-04-09,__CALL__,0.0,-1,2.0,3.0,0.0
2026-04-09,BTCUSDT,0.051670533362840665,0,5.489040653040403,5.540711186403244,1300352.4442113684
2026-04-09,SOLUSDT,4657.682734604192,0,0.0,4657.682734604192,1300352.4442113684
2026-04-09,ETHUSDT,0.2244260045902422,1,178.13047180977648,177.90604580518624,1300352.4442113684
2026-04-10,__CALL__,0.0,-1,2.0,2.0,0.0
2026-04-10,BTCUSDT,0.03993011359688836,0,5.449110539443515,5.489040653040403,1303935.398973476
2026-04-10,ETHUSDT,0.47695758873970817,1,178.6074293985162,178.13047180977648,1303935.398973476
2026-04-11,__CALL__,0.0,-1,3.0,2.0,0.0
2026-04-11,BTCUSDT,0.021119249481942326,0,5.4279912899615725,5.449110539443515,1320136.53153578
2026-04-11,ETHUSDT,2.2019216951702845,0,176.4055077033459,178.6074293985162,1320136.53153578
2026-04-11,SOLUSDT,4668.642590029401,1,4668.642590029401,0.0,1320136.53153578
2026-04-12,__CALL__,0.0,-1,3.0,3.0,0.0
2026-04-12,ETHUSDT,2.086491268741497,0,174.3190164346044,176.4055077033459,1327729.8418435703
2026-04-12,BTCUSDT,0.025208886517261497,1,5.453200176478834,5.4279912899615725,1327729.8418435703
2026-04-12,SOLUSDT,20.7727749847636,1,4689.415365014164,4668.642590029401,1327729.8418435703
2026-04-13,__CALL__,0.0,-1,2.0,3.0,0.0
2026-04-13,BTCUSDT,0.012472363202420844,0,5.440727813276413,5.453200176478834,1282951.9554946057
2026-04-13,SOLUSDT,4689.415365014164,0,0.0,4689.415365014164,1282951.9554946057
2026-04-13,ETHUSDT,1.296324366490154,1,175.61534080109456,174.3190164346044,1282951.9554946057
2026-04-14,__CALL__,0.0,-1,3.0,2.0,0.0
2026-04-14,BTCUSDT,0.06381785263374251,0,5.376909960642671,5.440727813276413,1333796.2848370208
2026-04-14,ETHUSDT,6.741887757900969,0,168.8734530431936,175.61534080109456,1333796.2848370208
2026-04-14,SOLUSDT,4625.348232230915,1,4625.348232230915,0.0,1333796.2848370208
2026-04-15,__CALL__,0.0,-1,3.0,3.0,0.0
2026-04-15,BTCUSDT,0.07151670016722633,0,5.305393260475444,5.376909960642671,1310990.0305974816
2026-04-15,SOLUSDT,72.41817298487967,1,4697.766405215794,4625.348232230915,1310990.0305974816
2026-04-15,ETHUSDT,0.4730183842229394,1,169.34647142741653,168.8734530431936,1310990.0305974816
2026-04-16,__CALL__,0.0,-1,3.0,3.0,0.0
2026-04-16,SOLUSDT,10.590357985379342,0,4687.176047230415,4697.766405215794,1326470.8452064176
2026-04-16,ETHUSDT,0.7230049654698405,0,168.6234664619467,169.34647142741653,1326470.8452064176
2026-04-16,BTCUSDT,0.013966385553461969,1,5.319359646028906,5.305393260475444,1326470.8452064176
2026-04-17,__CALL__,0.0,-1,3.0,3.0,0.0
2026-04-17,SOLUSDT,153.79111470408589,0,4533.384932526329,4687.176047230415,1345810.836743202
2026-04-17,BTCUSDT,0.052832653700666476,1,5.372192299729573,5.319359646028906,1345810.836743202
2026-04-17,ETHUSDT,3.3168042755236797,1,171.94027073747037,168.6234664619467,1345810.836743202
2026-04-18,__CALL__,0.0,-1,3.0,3.0,0.0
2026-04-18,BTCUSDT,0.05137585586209248,0,5.32081644386748,5.372192299729573,1366953.3551021097
2026-04-18,ETHUSDT,2.4131907330747993,0,169.52708000439557,171.94027073747037,1366953.3551021097
2026-04-18,SOLUSDT,86.26159263396767,1,4619.646525160297,4533.384932526329,1366953.3551021097
2026-04-19,__CALL__,0.0,-1,3.0,3.0,0.0
2026-04-19,BTCUSDT,0.02626250744336911,0,5.294553936424111,5.32081644386748,1335846.9809367745
2026-04-19,SOLUSDT,32.171085784822026,1,4651.817610945119,4619.646525160297,1335846.9809367745
2026-04-19,ETHUSDT,0.9826275515482337,1,170.5097075559438,169.52708000439557,1335846.9809367745
2026-04-20,__CALL__,0.0,-1,2.0,3.0,0.0
2026-04-20,BTCUSDT,0.01613098771506749,0,5.278422948709044,5.294553936424111,1298523.6609365446
2026-04-20,SOLUSDT,4651.817610945119,0,0.0,4651.817610945119,1298523.6609365446
2026-04-20,ETHUSDT,1.6108843453533837,1,172.1205919012972,170.5097075559438,1298523.6609365446
2026-04-21,__CALL__,0.0,-1,3.0,2.0,0.0
2026-04-21,BTCUSDT,0.06647775120107191,0,5.211945197507972,5.278422948709044,1317596.5761697157
2026-04-21,ETHUSDT,1.288141154338092,0,170.8324507469591,172.1205919012972,1317596.5761697157
2026-04-21,SOLUSDT,4634.528885073007,1,4634.528885073007,0.0,1317596.5761697157
2026-04-22,__CALL__,0.0,-1,3.0,3.0,0.0
2026-04-22,BTCUSDT,0.002654875979465565,0,5.209290321528506,5.211945197507972,1325523.7284688384
2026-04-22,SOLUSDT,12.758611836204182,0,4621.7702732368025,4634.528885073007,1325523.7284688384
2026-04-22,ETHUSDT,0.04486065449287935,1,170.87731140145198,170.8324507469591,1325523.7284688384
2026-04-23,__CALL__,0.0,-1,3.0,3.0,0.0
2026-04-23,BTCUSDT,0.040610026365712315,0,5.168680295162794,5.209290321528506,1346927.3958801718
2026-04-23,ETHUSDT,0.6731879233659868,0,170.204123478086,170.87731140145198,1346927.3958801718
2026-04-23,SOLUSDT,30.29300013019474,1,4652.063273366997,4621.7702732368025,1346927.3958801718
2026-04-24,__CALL__,0.0,-1,3.0,3.0,0.0
2026-04-24,BTCUSDT,0.045474670222589,0,5.123205624940205,5.168680295162794,1336430.480395421
2026-04-24,SOLUSDT,3.4073644870932185,1,4655.4706378540905,4652.063273366997,1336430.480395421
2026-04-24,ETHUSDT,1.8485316898657231,1,172.0526551679517,170.204123478086,1336430.480395421
2026-04-25,__CALL__,0.0,-1,3.0,3.0,0.0
2026-04-25,SOLUSDT,26.085103138339036,0,4629.385534715751,4655.4706378540905,1329868.1559819328
2026-04-25,BTCUSDT,0.0288504017284259,1,5.152056026668631,5.123205624940205,1329868.1559819328
2026-04-25,ETHUSDT,0.2859612177485644,1,172.33861638570028,172.0526551679517,1329868.1559819328
2026-04-26,__CALL__,0.0,-1,3.0,3.0,0.0
2026-04-26,BTCUSDT,0.005565333937811445,0,5.146490692730819,5.152056026668631,1331654.4667440997
2026-04-26,ETHUSDT,0.10405546704660651,0,172.23456091865367,172.33861638570028,1331654.4667440997
2026-04-26,SOLUSDT,5.68035120084096,1,4635.065885916592,4629.385534715751,1331654.4667440997
2026-04-27,__CALL__,0.0,-1,3.0,3.0,0.0
2026-04-27,BTCUSDT,0.0013948142437891775,0,5.14509587848703,5.146490692730819,1349002.067461543
2026-04-27,ETHUSDT,1.435165034259768,0,170.7993958843939,172.23456091865367,1349002.067461543
2026-04-27,SOLUSDT,20.41115098348837,1,4655.477036900081,4635.065885916592,1349002.067461543
2026-04-28,__CALL__,0.0,-1,1.0,3.0,0.0
2026-04-28,BTCUSDT,0.02180577480096435,0,5.123290103686066,5.14509587848703,1321319.065553853
2026-04-28,SOLUSDT,4655.477036900081,0,0.0,4655.477036900081,1321319.065553853
2026-04-28,ETHUSDT,170.7993958843939,0,0.0,170.7993958843939,1321319.065553853
2026-04-29,__CALL__,0.0,-1,1.0,1.0,0.0
2026-04-29,BTCUSDT,0.04521245121637918,1,5.168502554902445,5.123290103686066,1315259.533129945
2026-04-30,__CALL__,0.0,-1,1.0,1.0,0.0
2026-04-30,BTCUSDT,0.02685510605240804,1,5.195357660954853,5.168502554902445,1312347.3451571958
2026-05-01,__CALL__,0.0,-1,1.0,1.0,0.0
2026-05-01,BTCUSDT,0.02699680556972872,0,5.168360855385124,5.195357660954853,1315288.8860795074
2026-05-02,__CALL__,0.0,-1,1.0,1.0,0.0
2026-05-02,BTCUSDT,0.08716043297181386,0,5.0812004224133105,5.168360855385124,1325026.8836424893
2026-05-03,__CALL__,0.0,-1,1.0,1.0,0.0
2026-05-03,BTCUSDT,0.020625260159945036,0,5.0605751622533655,5.0812004224133105,1327335.6235912049
2026-05-04,__CALL__,0.0,-1,2.0,1.0,0.0
2026-05-04,BTCUSDT,0.0053260169408124725,1,5.065901179194178,5.0605751622533655,1326735.508570158
2026-05-04,ETHUSDT,171.36489324947806,1,171.36489324947806,0.0,1326735.508570158
2026-05-05,__CALL__,0.0,-1,2.0,2.0,0.0
2026-05-05,BTCUSDT,0.04310107551915898,0,5.022800103675019,5.065901179194178,1337086.2610673883
2026-05-05,ETHUSDT,0.46722002103817317,0,170.89767322843988,171.36489324947806,1337086.2610673883
2026-05-06,__CALL__,0.0,-1,3.0,2.0,0.0
2026-05-06,BTCUSDT,0.03679736054270766,0,4.986002743132311,5.022800103675019,1344650.6691569232
2026-05-06,ETHUSDT,0.022531715378676154,0,170.8751415130612,170.89767322843988,1344650.6691569232
2026-05-06,SOLUSDT,4674.877696918514,1,4674.877696918514,0.0,1344650.6691569232
2026-05-07,__CALL__,0.0,-1,3.0,3.0,0.0
2026-05-07,SOLUSDT,103.32374250745306,0,4571.553954411061,4674.877696918514,1358665.8910560692
2026-05-07,BTCUSDT,0.0184753618848843,1,5.004478105017196,4.986002743132311,1358665.8910560692
2026-05-07,ETHUSDT,2.509585681443184,1,173.3847271945044,170.8751415130612,1358665.8910560692
2026-05-08,__CALL__,0.0,-1,2.0,3.0,0.0
2026-05-08,SOLUSDT,33.26745487899734,0,4538.286499532063,4571.553954411061,1337735.5884619849
2026-05-08,ETHUSDT,173.3847271945044,0,0.0,173.3847271945044,1337735.5884619849
2026-05-08,BTCUSDT,0.011654141796737072,1,5.016132246813933,5.004478105017196,1337735.5884619849
2026-05-09,__CALL__,0.0,-1,2.0,2.0,0.0
2026-05-09,SOLUSDT,122.18387360833276,0,4416.102625923731,4538.286499532063,1354565.8293764615
2026-05-09,BTCUSDT,0.05125316422097548,1,5.067385411034908,5.016132246813933,1354565.8293764615
2026-05-10,__CALL__,0.0,-1,3.0,2.0,0.0
2026-05-10,BTCUSDT,0.0033275955321103723,0,5.064057815502798,5.067385411034908,1361867.0457087408
2026-05-10,SOLUSDT,28.64448951792565,0,4387.458136405805,4416.102625923731,1361867.0457087408
2026-05-10,ETHUSDT,175.61677149868038,1,175.61677149868038,0.0,1361867.0457087408
2026-05-11,__CALL__,0.0,-1,3.0,3.0,0.0
2026-05-11,SOLUSDT,59.01420309035257,0,4328.443933315452,4387.458136405805,1391738.992815999
2026-05-11,BTCUSDT,0.014659381279793493,1,5.078717196782591,5.064057815502798,1391738.992815999
2026-05-11,ETHUSDT,0.4591105746935682,1,176.07588207337395,175.61677149868038,1391738.992815999
2026-05-12,__CALL__,0.0,-1,3.0,3.0,0.0
2026-05-12,SOLUSDT,52.63221732732654,0,4275.811715988126,4328.443933315452,1387785.9950987715
2026-05-12,BTCUSDT,0.01434606343964795,1,5.093063260222239,5.078717196782591,1387785.9950987715
2026-05-12,ETHUSDT,1.8545328969886157,1,177.93041497036256,176.07588207337395,1387785.9950987715
2026-05-13,__CALL__,0.0,-1,2.0,3.0,0.0
2026-05-13,BTCUSDT,0.037348179926170566,0,5.055715080296069,5.093063260222239,1356692.188968662
2026-05-13,ETHUSDT,177.93041497036256,0,0.0,177.93041497036256,1356692.188968662
2026-05-13,SOLUSDT,41.197850838196246,1,4317.009566826322,4275.811715988126,1356692.188968662
2026-05-14,__CALL__,0.0,-1,2.0,2.0,0.0
2026-05-14,BTCUSDT,0.0007965609026943099,1,5.056511641198763,5.055715080296069,1336833.9637005962
2026-05-14,SOLUSDT,81.9176807864369,1,4398.927247612759,4317.009566826322,1336833.9637005962
2026-05-15,__CALL__,0.0,-1,2.0,2.0,0.0
2026-05-15,BTCUSDT,0.061455281222946745,0,4.995056359975816,5.056511641198763,1350163.734101463
2026-05-15,SOLUSDT,3.863183645380559,0,4395.064063967378,4398.927247612759,1350163.734101463
2026-05-16,__CALL__,0.0,-1,1.0,2.0,0.0
2026-05-16,BTCUSDT,4.995056359975816,0,0.0,4.995056359975816,1327406.6438101493
2026-05-16,SOLUSDT,67.80692293706215,1,4462.8709869044405,4395.064063967378,1327406.6438101493
2026-05-17,__CALL__,0.0,-1,0.0,1.0,0.0
2026-05-17,SOLUSDT,4462.8709869044405,0,0.0,4462.8709869044405,1314955.6463957166
2026-05-18,__CALL__,0.0,-1,0.0,0.0,0.0
2026-05-19,__CALL__,0.0,-1,0.0,0.0,0.0
2026-05-20,__CALL__,0.0,-1,0.0,0.0,0.0
2026-05-21,__CALL__,0.0,-1,0.0,0.0,0.0
2026-05-22,__CALL__,0.0,-1,0.0,0.0,0.0
2026-05-23,__CALL__,0.0,-1,0.0,0.0,0.0
2026-05-24,__CALL__,0.0,-1,0.0,0.0,0.0
2026-05-25,__CALL__,0.0,-1,0.0,0.0,0.0
2026-05-26,__CALL__,0.0,-1,0.0,0.0,0.0
2026-05-27,__CALL__,0.0,-1,0.0,0.0,0.0
2026-05-28,__CALL__,0.0,-1,0.0,0.0,0.0
2026-05-29,__CALL__,0.0,-1,0.0,0.0,0.0
2026-05-30,__CALL__,0.0,-1,0.0,0.0,0.0
2026-05-31,__CALL__,0.0,-1,0.0,0.0,0.0
2026-06-01,__CALL__,0.0,-1,0.0,0.0,0.0
2026-06-02,__CALL__,0.0,-1,0.0,0.0,0.0
2026-06-03,__CALL__,0.0,-1,0.0,0.0,0.0
2026-06-04,__CALL__,0.0,-1,0.0,0.0,0.0
2026-06-05,__CALL__,0.0,-1,0.0,0.0,0.0
2026-06-06,__CALL__,0.0,-1,0.0,0.0,0.0
2026-06-07,__CALL__,0.0,-1,0.0,0.0,0.0
2026-06-08,__CALL__,0.0,-1,0.0,0.0,0.0
2026-06-09,__CALL__,0.0,-1,0.0,0.0,0.0
2026-06-10,__CALL__,0.0,-1,0.0,0.0,0.0
2026-06-11,__CALL__,0.0,-1,0.0,0.0,0.0
2026-06-12,__CALL__,0.0,-1,0.0,0.0,0.0
2026-06-13,__CALL__,0.0,-1,0.0,0.0,0.0
2026-06-14,__CALL__,0.0,-1,0.0,0.0,0.0
2026-06-15,__CALL__,0.0,-1,0.0,0.0,0.0
2026-06-16,__CALL__,0.0,-1,2.0,0.0,0.0
2026-06-16,ETHUSDT,219.56575714371098,1,219.56575714371098,0.0,1314569.4741746676
2026-06-16,SOLUSDT,5330.0561378379325,1,5330.0561378379325,0.0,1314569.4741746676
2026-06-17,__CALL__,0.0,-1,2.0,2.0,0.0
2026-06-17,ETHUSDT,0.2730401577360908,0,219.2927169859749,219.56575714371098,1310639.4718528432
2026-06-17,SOLUSDT,17.310217165464564,1,5347.366355003397,5330.0561378379325,1310639.4718528432
2026-06-18,__CALL__,0.0,-1,1.0,2.0,0.0
2026-06-18,ETHUSDT,219.2927169859749,0,0.0,219.2927169859749,1293427.808627271
2026-06-18,SOLUSDT,38.17599271083418,1,5385.542347714231,5347.366355003397,1293427.808627271
2026-06-19,__CALL__,0.0,-1,0.0,1.0,0.0
2026-06-19,SOLUSDT,5385.542347714231,0,0.0,5385.542347714231,1280492.8384954124
2026-06-20,__CALL__,0.0,-1,0.0,0.0,0.0
2026-06-21,__CALL__,0.0,-1,3.0,0.0,0.0
2026-06-21,BTCUSDT,5.972738460758933,1,5.972738460758933,0.0,1280117.3584763557
2026-06-21,SOLUSDT,5244.949482933358,1,5244.949482933358,0.0,1280117.3584763557
2026-06-21,ETHUSDT,220.57298759164172,1,220.57298759164172,0.0,1280117.3584763557
2026-06-22,__CALL__,0.0,-1,1.0,3.0,0.0
2026-06-22,BTCUSDT,5.972738460758933,0,0.0,5.972738460758933,1261611.9855987616
2026-06-22,SOLUSDT,22.325096230521012,0,5222.624386702837,5244.949482933358,1261611.9855987616
2026-06-22,ETHUSDT,220.57298759164172,0,0.0,220.57298759164172,1261611.9855987616
2026-06-23,__CALL__,0.0,-1,3.0,1.0,0.0
2026-06-23,BTCUSDT,5.895687439288813,1,5.895687439288813,0.0,1258139.9298445233
2026-06-23,SOLUSDT,23.26852452095227,1,5245.892911223789,5222.624386702837,1258139.9298445233
2026-06-23,ETHUSDT,218.40306433344222,1,218.40306433344222,0.0,1258139.9298445233
2026-06-24,__CALL__,0.0,-1,1.0,3.0,0.0
2026-06-24,BTCUSDT,5.895687439288813,0,0.0,5.895687439288813,1224665.8746686005
2026-06-24,ETHUSDT,218.40306433344222,0,0.0,218.40306433344222,1224665.8746686005
2026-06-24,SOLUSDT,25.266034068616136,1,5271.158945292405,5245.892911223789,1224665.8746686005
2026-06-25,__CALL__,0.0,-1,0.0,1.0,0.0
2026-06-25,SOLUSDT,5271.158945292405,0,0.0,5271.158945292405,1215601.743336603
2026-06-26,__CALL__,0.0,-1,0.0,0.0,0.0
2026-06-27,__CALL__,0.0,-1,1.0,0.0,0.0
2026-06-27,SOLUSDT,5070.553461131864,1,5070.553461131864,0.0,1215242.6719747721
2026-06-28,__CALL__,0.0,-1,1.0,1.0,0.0
2026-06-28,SOLUSDT,69.4464118634969,1,5139.999872995361,5070.553461131864,1207728.6002240623
2026-06-29,__CALL__,0.0,-1,1.0,1.0,0.0
2026-06-29,SOLUSDT,45.3799414627274,0,5094.619931532634,5139.999872995361,1212349.7126753516
2026-06-30,__CALL__,0.0,-1,1.0,1.0,0.0
2026-06-30,SOLUSDT,179.34458182932212,0,4915.275349703312,5094.619931532634,1231604.1301235333
2026-07-01,__CALL__,0.0,-1,1.0,1.0,0.0
2026-07-01,SOLUSDT,70.0012874412705,1,4985.276637144582,4915.275349703312,1224217.7357670907
2026-07-02,__CALL__,0.0,-1,1.0,1.0,0.0
2026-07-02,SOLUSDT,170.7654191584079,0,4814.511217986174,4985.276637144582,1243106.781791308
2026-07-03,__CALL__,0.0,-1,2.0,1.0,0.0
2026-07-03,SOLUSDT,136.1581996956529,0,4678.3530182905215,4814.511217986174,1258788.8711576369
2026-07-03,ETHUSDT,222.0647625646681,1,222.0647625646681,0.0,1258788.8711576369
2026-07-04,__CALL__,0.0,-1,3.0,2.0,0.0
2026-07-04,SOLUSDT,19.598886940495504,0,4658.754131350026,4678.3530182905215,1278827.9853599332
2026-07-04,ETHUSDT,3.86203366803511,0,218.20272889663298,222.0647625646681,1278827.9853599332
2026-07-04,BTCUSDT,6.130207743599254,1,6.130207743599254,0.0,1278827.9853599332
2026-07-05,__CALL__,0.0,-1,3.0,3.0,0.0
2026-07-05,BTCUSDT,0.028901065169403495,0,6.10130667842985,6.130207743599254,1284203.2680082072
2026-07-05,ETHUSDT,1.8417703462734778,0,216.3609585503595,218.20272889663298,1284203.2680082072
2026-07-05,SOLUSDT,51.037629399586876,1,4709.791760749613,4658.754131350026,1284203.2680082072
2026-07-06,__CALL__,0.0,-1,3.0,3.0,0.0
2026-07-06,BTCUSDT,0.03354911934330751,0,6.067757559086543,6.10130667842985,1287376.1324746413
2026-07-06,ETHUSDT,0.07398492061756201,0,216.28697362974194,216.3609585503595,1287376.1324746413
2026-07-06,SOLUSDT,23.789034412575347,1,4733.580795162188,4709.791760749613,1287376.1324746413
2026-07-07,__CALL__,0.0,-1,3.0,3.0,0.0
2026-07-07,BTCUSDT,0.004224538324553606,0,6.063533020761989,6.067757559086543,1294421.396354982
2026-07-07,ETHUSDT,0.49733268274917464,0,215.78964094699276,216.28697362974194,1294421.396354982
2026-07-07,SOLUSDT,5.574773989515052,1,4739.155569151703,4733.580795162188,1294421.396354982
2026-07-08,__CALL__,0.0,-1,3.0,3.0,0.0
2026-07-08,BTCUSDT,0.013763733817975243,0,6.049769286944014,6.063533020761989,1277791.9369930683
2026-07-08,SOLUSDT,18.074170078535644,1,4757.229739230239,4739.155569151703,1277791.9369930683
2026-07-08,ETHUSDT,0.6079946985017557,1,216.39763564549452,215.78964094699276,1277791.9369930683
2026-07-09,__CALL__,0.0,-1,3.0,3.0,0.0
2026-07-09,BTCUSDT,0.01908510083639392,0,6.03068418610762,6.049769286944014,1252171.2954157465
2026-07-09,ETHUSDT,0.9456106937549293,0,215.4520249517396,216.39763564549452,1252171.2954157465
2026-07-09,SOLUSDT,69.3330230339725,1,4826.562762264211,4757.229739230239,1252171.2954157465
2026-07-10,__CALL__,0.0,-1,3.0,3.0,0.0
2026-07-10,BTCUSDT,0.056103042458317987,0,5.974581143649302,6.03068418610762,1259242.7857585605
2026-07-10,SOLUSDT,13.575879076432102,1,4840.1386413406435,4826.562762264211,1259242.7857585605
2026-07-10,ETHUSDT,1.0156121350944716,1,216.46763708683406,215.4520249517396,1259242.7857585605
2026-07-11,__CALL__,0.0,-1,3.0,3.0,0.0
2026-07-11,BTCUSDT,0.006416864777543552,0,5.968164278871758,5.974581143649302,1276425.593049221
2026-07-11,ETHUSDT,3.3570919007247824,0,213.11054518610928,216.46763708683406,1276425.593049221
2026-07-11,SOLUSDT,60.39477183845247,1,4900.533413179096,4840.1386413406435,1276425.593049221
2026-07-12,__CALL__,0.0,-1,3.0,3.0,0.0
2026-07-12,BTCUSDT,0.0178235399297062,0,5.950340738942052,5.968164278871758,1265816.2178303278
2026-07-12,ETHUSDT,0.6967629811460938,0,212.41378220496318,213.11054518610928,1265816.2178303278
2026-07-12,SOLUSDT,44.70504002571306,1,4945.238453204809,4900.533413179096,1265816.2178303278
2026-07-13,__CALL__,0.0,-1,3.0,3.0,0.0
2026-07-13,ETHUSDT,1.499657467793071,0,210.9141247371701,212.41378220496318,1270265.5029122008
2026-07-13,BTCUSDT,0.02456755321317239,1,5.974908292155225,5.950340738942052,1270265.5029122008
2026-07-13,SOLUSDT,8.995295431867817,1,4954.233748636677,4945.238453204809,1270265.5029122008
2026-07-14,__CALL__,0.0,-1,2.0,3.0,0.0
2026-07-14,SOLUSDT,4954.233748636677,0,0.0,4954.233748636677,1245864.445022794
2026-07-14,ETHUSDT,0.5481439500640022,0,210.3659807871061,210.9141247371701,1245864.445022794
2026-07-14,BTCUSDT,0.02111664422793602,1,5.996024936383161,5.974908292155225,1245864.445022794
2026-07-15,__CALL__,0.0,-1,3.0,2.0,0.0
2026-07-15,BTCUSDT,0.06482828957798059,0,5.93119664680518,5.996024936383161,1285962.2839619515
2026-07-15,ETHUSDT,6.4467441671032475,0,203.91923662000286,210.3659807871061,1285962.2839619515
2026-07-15,SOLUSDT,4954.265719549097,1,4954.265719549097,0.0,1285962.2839619515
2026-07-16,__CALL__,0.0,-1,2.0,3.0,0.0
2026-07-16,SOLUSDT,4954.265719549097,0,0.0,4954.265719549097,1286230.4577442235
2026-07-16,ETHUSDT,2.721474389965266,0,201.1977622300376,203.91923662000286,1286230.4577442235
2026-07-16,BTCUSDT,0.027594220656300017,1,5.95879086746148,5.93119664680518,1286230.4577442235
2026-07-17,__CALL__,0.0,-1,2.0,2.0,0.0
2026-07-17,BTCUSDT,0.00842499370248806,1,5.967215861163968,5.95879086746148,1269628.590664603
2026-07-17,ETHUSDT,3.0638040072584545,1,204.26156623729605,201.1977622300376,1269628.590664603
2026-07-18,__CALL__,0.0,-1,2.0,2.0,0.0
2026-07-18,BTCUSDT,0.02848421815919977,0,5.938731643004768,5.967215861163968,1265576.8091808683
2026-07-18,ETHUSDT,1.8651560403015424,1,206.1267222775976,204.26156623729605,1265576.8091808683
2026-07-19,__CALL__,0.0,-1,2.0,2.0,0.0
2026-07-19,BTCUSDT,0.03817951216283699,0,5.900552130841931,5.938731643004768,1275192.1383290696
2026-07-19,ETHUSDT,0.7387749846412817,0,205.3879472929563,206.1267222775976,1275192.1383290696
2026-07-20,__CALL__,0.0,-1,2.0,2.0,0.0
2026-07-20,ETHUSDT,0.8456892552770228,0,204.5422580376793,205.3879472929563,1276507.3173032722
2026-07-20,BTCUSDT,0.01627578413453179,1,5.916827914976463,5.900552130841931,1276507.3173032722
2026-07-21,__CALL__,0.0,-1,2.0,2.0,0.0
2026-07-21,BTCUSDT,0.003249810327999647,0,5.9135781046484635,5.916827914976463,1286311.8843587707
2026-07-21,ETHUSDT,1.9489993498945921,0,202.5932586877847,204.5422580376793,1286311.8843587707
2026-07-22,__CALL__,0.0,-1,2.0,2.0,0.0
2026-07-22,BTCUSDT,0.05778991237154596,0,5.8557881922769175,5.9135781046484635,1299129.0271458076
2026-07-22,ETHUSDT,0.6655169526483178,0,201.92774173513638,202.5932586877847,1299129.0271458076
2026-07-23,__CALL__,0.0,-1,2.0,2.0,0.0
2026-07-23,ETHUSDT,0.706643589267685,0,201.2210981458687,201.92774173513638,1297379.7442155925
2026-07-23,BTCUSDT,0.031179466325624183,1,5.886967658602542,5.8557881922769175,1297379.7442155925
2026-07-24,__CALL__,0.0,-1,2.0,2.0,0.0
2026-07-24,BTCUSDT,0.01245076623187824,1,5.89941842483442,5.886967658602542,1280153.749384266
2026-07-24,ETHUSDT,3.23493514716003,1,204.45603329302872,201.2210981458687,1280153.749384266
2026-07-25,__CALL__,0.0,-1,1.0,2.0,0.0
2026-07-25,BTCUSDT,5.89941842483442,0,0.0,5.89941842483442,1271025.9371860307
2026-07-25,ETHUSDT,0.38956643539714264,1,204.84559972842587,204.45603329302872,1271025.9371860307
2026-07-26,__CALL__,0.0,-1,2.0,1.0,0.0
2026-07-26,ETHUSDT,1.0885660173682368,0,203.75703371105763,204.84559972842587,1273399.9611969837
2026-07-26,BTCUSDT,5.934290001035094,1,5.934290001035094,0.0,1273399.9611969837
2026-07-27,__CALL__,0.0,-1,2.0,2.0,0.0
2026-07-27,ETHUSDT,4.95109956064033,0,198.8059341504173,203.75703371105763,1295366.4325937037
2026-07-27,BTCUSDT,0.007757854899327121,1,5.942047855934421,5.934290001035094,1295366.4325937037
2026-07-28,__CALL__,0.0,-1,1.0,2.0,0.0
2026-07-28,BTCUSDT,5.942047855934421,0,0.0,5.942047855934421,1273222.95554514
2026-07-28,ETHUSDT,3.0227717356672485,1,201.82870588608455,198.8059341504173,1273222.95554514
2026-07-29,__CALL__,0.0,-1,1.0,1.0,0.0
2026-07-29,ETHUSDT,2.2421814870951664,0,199.58652439898938,201.82870588608455,1278830.6769432132
2026-07-30,__CALL__,0.0,-1,1.0,1.0,0.0
2026-07-30,ETHUSDT,0.8401956101455141,1,200.4267200091349,199.58652439898938,1276531.1219465923
2026-07-31,__CALL__,0.0,-1,2.0,1.0,0.0
2026-07-31,ETHUSDT,0.5560846827508215,0,199.87063532638408,200.4267200091349,1278052.7547468997
2026-07-31,BTCUSDT,5.918734817283218,1,5.918734817283218,0.0,1278052.7547468997
2026-08-01,__CALL__,0.0,-1,0.0,2.0,0.0
2026-08-01,BTCUSDT,5.918734817283218,0,0.0,5.918734817283218,1255332.3382707785
2026-08-01,ETHUSDT,199.87063532638408,0,0.0,199.87063532638408,1255332.3382707785
2026-08-02,__CALL__,0.0,-1,0.0,0.0,0.0
2026-08-03,__CALL__,0.0,-1,0.0,0.0,0.0
2026-08-04,__CALL__,0.0,-1,0.0,0.0,0.0
2026-08-05,__CALL__,0.0,-1,0.0,0.0,0.0
2026-08-06,__CALL__,0.0,-1,2.0,0.0,0.0
2026-08-06,BTCUSDT,5.82038144093071,1,5.82038144093071,0.0,1254587.8425518319
2026-08-06,ETHUSDT,197.1681986193179,1,197.1681986193179,0.0,1254587.8425518319
2026-08-07,__CALL__,0.0,-1,1.0,2.0,0.0
2026-08-07,BTCUSDT,5.82038144093071,0,0.0,5.82038144093071,1250898.2887124948
2026-08-07,ETHUSDT,0.08322859390264625,0,197.08497002541526,197.1681986193179,1250898.2887124948
2026-08-08,__CALL__,0.0,-1,2.0,1.0,0.0
2026-08-08,ETHUSDT,0.7859044291641624,0,196.2990655962511,197.08497002541526,1252512.3229059651
2026-08-08,BTCUSDT,5.787664523520135,1,5.787664523520135,0.0,1252512.3229059651
2026-08-09,__CALL__,0.0,-1,3.0,2.0,0.0
2026-08-09,BTCUSDT,0.0018787666631308042,0,5.785785756857004,5.787664523520135,1252865.6494956303
2026-08-09,ETHUSDT,0.20688098757023,0,196.09218460868087,196.2990655962511,1252865.6494956303
2026-08-09,SOLUSDT,4944.221408130913,1,4944.221408130913,0.0,1252865.6494956303
2026-08-10,__CALL__,0.0,-1,3.0,3.0,0.0
2026-08-10,SOLUSDT,18.467206076452385,0,4925.754202054461,4944.221408130913,1252126.7532373979
2026-08-10,BTCUSDT,0.0020235537556407834,1,5.787809310612645,5.785785756857004,1252126.7532373979
2026-08-10,ETHUSDT,0.5100299106505588,1,196.60221451933143,196.09218460868087,1252126.7532373979
2026-08-11,__CALL__,0.0,-1,1.0,3.0,0.0
2026-08-11,BTCUSDT,5.787809310612645,0,0.0,5.787809310612645,1238081.1208448014
2026-08-11,SOLUSDT,38.59188293024454,0,4887.162319124216,4925.754202054461,1238081.1208448014
2026-08-11,ETHUSDT,196.60221451933143,0,0.0,196.60221451933143,1238081.1208448014
2026-08-12,__CALL__,0.0,-1,1.0,1.0,0.0
2026-08-12,SOLUSDT,16.366297040555764,0,4870.79602208366,4887.162319124216,1238805.837831577
2026-08-13,__CALL__,0.0,-1,1.0,1.0,0.0
2026-08-13,SOLUSDT,29.745447408448854,1,4900.541469492109,4870.79602208366,1235589.8458711
2026-08-14,__CALL__,0.0,-1,1.0,1.0,0.0
2026-08-14,SOLUSDT,28.790187512148805,0,4871.75128197996,4900.541469492109,1238723.939474898
2026-08-15,__CALL__,0.0,-1,1.0,1.0,0.0
2026-08-15,SOLUSDT,39.79218206732094,1,4911.543464047281,4871.75128197996,1234434.6156119518
2026-08-16,__CALL__,0.0,-1,1.0,1.0,0.0
2026-08-16,SOLUSDT,2.2696007659842508,1,4913.813064813266,4911.543464047281,1234186.0231193197
2026-08-17,__CALL__,0.0,-1,1.0,1.0,0.0
2026-08-17,SOLUSDT,33.64905365214963,1,4947.462118465415,4913.813064813266,1230598.7895616663
2026-08-18,__CALL__,0.0,-1,3.0,1.0,0.0
2026-08-18,SOLUSDT,63.789071561903256,0,4883.673046903512,4947.462118465415,1237522.6954381296
2026-08-18,BTCUSDT,5.753055528900242,1,5.753055528900242,0.0,1237522.6954381296
2026-08-18,ETHUSDT,194.0106372120788,1,194.0106372120788,0.0,1237522.6954381296
2026-08-19,__CALL__,0.0,-1,3.0,3.0,0.0
2026-08-19,SOLUSDT,41.06127815612945,0,4842.6117687473825,4883.673046903512,1243744.171868214
2026-08-19,BTCUSDT,0.011653927626018579,1,5.76470945652626,5.753055528900242,1243744.171868214
2026-08-19,ETHUSDT,0.5422508189406017,1,194.5528880310194,194.0106372120788,1243744.171868214
2026-08-20,__CALL__,0.0,-1,3.0,3.0,0.0
2026-08-20,SOLUSDT,8.794024787966919,0,4833.817743959416,4842.6117687473825,1375865.6473545544
2026-08-20,ETHUSDT,11.332961152665803,0,183.2199268783536,194.5528880310194,1375865.6473545544
2026-08-20,BTCUSDT,0.1884310418634465,1,5.953140498389707,5.76470945652626,1375865.6473545544
2026-08-21,__CALL__,0.0,-1,3.0,3.0,0.0
2026-08-21,BTCUSDT,0.11026322718645787,0,5.842877271203249,5.953140498389707,1422293.1180886524
2026-08-21,SOLUSDT,34.270424876666766,1,4868.088168836082,4833.817743959416,1422293.1180886524
2026-08-21,ETHUSDT,0.15742389511939336,1,183.37735077347298,183.2199268783536,1422293.1180886524
2026-08-22,__CALL__,0.0,-1,3.0,3.0,0.0
2026-08-22,BTCUSDT,0.031106657543808147,0,5.811770613659441,5.842877271203249,1517608.89316895
2026-08-22,SOLUSDT,10.18524501376396,0,4857.902923822318,4868.088168836082,1517608.89316895
2026-08-22,ETHUSDT,2.444692496407754,0,180.93265827706523,183.37735077347298,1517608.89316895
2026-08-23,__CALL__,0.0,-1,3.0,3.0,0.0
2026-08-23,SOLUSDT,81.6980112373958,0,4776.204912584923,4857.902923822318,1493837.7189777857
2026-08-23,BTCUSDT,0.002717600402823983,1,5.814488214062265,5.811770613659441,1493837.7189777857
2026-08-23,ETHUSDT,4.055081188024644,1,184.98773946508987,180.93265827706523,1493837.7189777857
2026-08-24,__CALL__,0.0,-1,3.0,3.0,0.0
2026-08-24,SOLUSDT,20.67383895459261,0,4755.53107363033,4776.204912584923,1512892.9909248734
2026-08-24,ETHUSDT,0.7447310980850546,0,184.24300836700482,184.98773946508987,1512892.9909248734
2026-08-24,BTCUSDT,0.02424255082133886,1,5.8387307648836035,5.814488214062265,1512892.9909248734
2026-08-25,__CALL__,0.0,-1,3.0,3.0,0.0
2026-08-25,SOLUSDT,86.24913451057637,0,4669.281939119754,4755.53107363033,1540551.806695142
2026-08-25,BTCUSDT,0.012002325174539585,1,5.850733090058143,5.8387307648836035,1540551.806695142
2026-08-25,ETHUSDT,1.9406395655034032,1,186.18364793250822,184.24300836700482,1540551.806695142
2026-08-26,__CALL__,0.0,-1,3.0,3.0,0.0
2026-08-26,BTCUSDT,0.04705373379470057,0,5.803679356263443,5.850733090058143,1519386.4792091302
2026-08-26,SOLUSDT,49.309685753315534,1,4718.591624873069,4669.281939119754,1519386.4792091302
2026-08-26,ETHUSDT,0.423504949031809,1,186.60715288154003,186.18364793250822,1519386.4792091302
2026-08-27,__CALL__,0.0,-1,3.0,3.0,0.0
2026-08-27,SOLUSDT,133.90933943169057,0,4584.682285441379,4718.591624873069,1560014.5869755333
2026-08-27,BTCUSDT,0.11864622424444171,1,5.922325580507884,5.803679356263443,1560014.5869755333
2026-08-27,ETHUSDT,0.08827736086945492,1,186.6954302424095,186.60715288154003,1560014.5869755333
2026-08-28,__CALL__,0.0,-1,3.0,3.0,0.0
2026-08-28,SOLUSDT,185.85090830959416,0,4398.831377131784,4584.682285441379,1600441.505086728
2026-08-28,BTCUSDT,0.060663604730430976,1,5.982989185238315,5.922325580507884,1600441.505086728
2026-08-28,ETHUSDT,4.52079265821493,1,191.21622290062442,186.6954302424095,1600441.505086728
2026-08-29,__CALL__,0.0,-1,3.0,3.0,0.0
2026-08-29,BTCUSDT,0.005971342933603019,0,5.977017842304712,5.982989185238315,1550954.1017342475
2026-08-29,ETHUSDT,0.7429431344915258,0,190.4732797661329,191.21622290062442,1550954.1017342475
2026-08-29,SOLUSDT,69.06024229647483,1,4467.891619428259,4398.831377131784,1550954.1017342475
2026-08-30,__CALL__,0.0,-1,3.0,3.0,0.0
2026-08-30,SOLUSDT,28.98662206802146,0,4438.904997360238,4467.891619428259,1562642.5316016912
2026-08-30,BTCUSDT,0.015475567902463183,1,5.992493410207175,5.977017842304712,1562642.5316016912
2026-08-30,ETHUSDT,0.27355539994059086,1,190.74683516607348,190.4732797661329,1562642.5316016912
2026-08-31,__CALL__,0.0,-1,3.0,3.0,0.0
2026-08-31,BTCUSDT,0.06663852703846551,0,5.92585488316871,5.992493410207175,1534440.8634477057
2026-08-31,ETHUSDT,0.282114183989421,0,190.46472098208406,190.74683516607348,1534440.8634477057
2026-08-31,SOLUSDT,85.24496857894337,1,4524.149965939181,4438.904997360238,1534440.8634477057
2026-09-01,__CALL__,0.0,-1,3.0,3.0,0.0
2026-09-01,ETHUSDT,1.3753629146564492,0,189.0893580674276,190.46472098208406,1555348.1440972458
2026-09-01,BTCUSDT,0.012001347066402879,1,5.937856230235113,5.92585488316871,1555348.1440972458
2026-09-01,SOLUSDT,3.352986541390237,1,4527.502952480571,4524.149965939181,1555348.1440972458
2026-09-02,__CALL__,0.0,-1,3.0,3.0,0.0
2026-09-02,BTCUSDT,0.028140167283701167,0,5.909716062951412,5.937856230235113,1525475.1612285038
2026-09-02,SOLUSDT,48.464836672806086,1,4575.967789153377,4527.502952480571,1525475.1612285038
2026-09-02,ETHUSDT,0.13015651789788762,1,189.2195145853255,189.0893580674276,1525475.1612285038
2026-09-03,__CALL__,0.0,-1,3.0,3.0,0.0
2026-09-03,BTCUSDT,0.006675890792076089,0,5.9030401721593355,5.909716062951412,1521803.910107681
2026-09-03,SOLUSDT,30.555981754855566,0,4545.411807398522,4575.967789153377,1521803.910107681
2026-09-03,ETHUSDT,1.6493683608931065,1,190.8688829462186,189.2195145853255,1521803.910107681
2026-09-04,__CALL__,0.0,-1,3.0,3.0,0.0
2026-09-04,BTCUSDT,0.05952884654581858,0,5.843511325613517,5.9030401721593355,1583014.3703230848
2026-09-04,ETHUSDT,1.4753391388704813,0,189.39354380734812,190.8688829462186,1583014.3703230848
2026-09-04,SOLUSDT,23.172368062159876,1,4568.584175460682,4545.411807398522,1583014.3703230848
2026-09-05,__CALL__,0.0,-1,3.0,3.0,0.0
2026-09-05,BTCUSDT,0.01102243372082512,1,5.854533759334342,5.843511325613517,1554588.9579484272
2026-09-05,SOLUSDT,6.876297297176279,1,4575.460472757858,4568.584175460682,1554588.9579484272
2026-09-05,ETHUSDT,0.5100610336146474,1,189.90360484096277,189.39354380734812,1554588.9579484272
2026-09-06,__CALL__,0.0,-1,3.0,3.0,0.0
2026-09-06,SOLUSDT,22.388062358426396,0,4553.072410399432,4575.460472757858,1565953.375648336
2026-09-06,ETHUSDT,0.4989700152485739,0,189.4046348257142,189.90360484096277,1565953.375648336
2026-09-06,BTCUSDT,0.030167662023711905,1,5.884701421358054,5.854533759334342,1565953.375648336
2026-09-07,__CALL__,0.0,-1,3.0,3.0,0.0
2026-09-07,SOLUSDT,74.15815066136747,0,4478.914259738064,4553.072410399432,1590761.093478841
2026-09-07,BTCUSDT,0.055272054241177315,1,5.939973475599231,5.884701421358054,1590761.093478841
2026-09-07,ETHUSDT,0.387422279742367,1,189.79205710545656,189.4046348257142,1590761.093478841
2026-09-08,__CALL__,0.0,-1,3.0,3.0,0.0
2026-09-08,ETHUSDT,1.0626565276599536,0,188.7294005777966,189.79205710545656,1566554.6251842035
2026-09-08,BTCUSDT,0.0005461365362355863,1,5.940519612135467,5.939973475599231,1566554.6251842035
2026-09-08,SOLUSDT,48.26422603346873,1,4527.178485771533,4478.914259738064,1566554.6251842035
2026-09-09,__CALL__,0.0,-1,3.0,3.0,0.0
2026-09-09,SOLUSDT,0.6345417773563895,0,4526.5439439941765,4527.178485771533,1559696.1997440078
2026-09-09,ETHUSDT,0.44140585251616926,0,188.28799472528044,188.7294005777966,1559696.1997440078
2026-09-09,BTCUSDT,0.0234611077175213,1,5.963980719852988,5.940519612135467,1559696.1997440078
2026-09-10,__CALL__,0.0,-1,2.0,3.0,0.0
2026-09-10,BTCUSDT,5.963980719852988,0,0.0,5.963980719852988,1547466.8317793168
2026-09-10,ETHUSDT,0.19490853928328988,0,188.09308618599715,188.28799472528044,1547466.8317793168
2026-09-10,SOLUSDT,44.09749470469251,1,4570.641438698869,4526.5439439941765,1547466.8317793168
2026-09-11,__CALL__,0.0,-1,0.0,2.0,0.0
2026-09-11,ETHUSDT,188.09308618599715,0,0.0,188.09308618599715,1528121.6699465124
2026-09-11,SOLUSDT,4570.641438698869,0,0.0,4570.641438698869,1528121.6699465124
2026-09-12,__CALL__,0.0,-1,2.0,0.0,0.0
2026-09-12,ETHUSDT,182.0681715349525,1,182.0681715349525,0.0,1527212.0630311966
2026-09-12,SOLUSDT,4472.07059596911,1,4472.07059596911,0.0,1527212.0630311966
2026-09-13,__CALL__,0.0,-1,1.0,2.0,0.0
2026-09-13,ETHUSDT,0.94832890730288,0,181.11984262764963,182.0681715349525,1524980.7291334835
2026-09-13,SOLUSDT,4472.07059596911,0,0.0,4472.07059596911,1524980.7291334835
2026-09-14,__CALL__,0.0,-1,1.0,1.0,0.0
2026-09-14,ETHUSDT,2.44330530596136,1,183.563147933611,181.11984262764963,1515680.972241455
2026-09-15,__CALL__,0.0,-1,1.0,1.0,0.0
2026-09-15,ETHUSDT,1.9732901832681478,0,181.58985775034284,183.563147933611,1522764.1053989239
2026-09-16,__CALL__,0.0,-1,0.0,1.0,0.0
2026-09-16,ETHUSDT,181.58985775034284,0,0.0,181.58985775034284,1501429.6035554004
2026-09-17,__CALL__,0.0,-1,0.0,0.0,0.0
2026-09-18,__CALL__,0.0,-1,0.0,0.0,0.0
2026-09-19,__CALL__,0.0,-1,3.0,0.0,0.0
2026-09-19,BTCUSDT,5.567219895760737,1,5.567219895760737,0.0,1500994.1038613787
2026-09-19,SOLUSDT,3994.8387711311343,1,3994.8387711311343,0.0,1500994.1038613787
2026-09-19,ETHUSDT,172.38672110856174,1,172.38672110856174,0.0,1500994.1038613787
