datetime,account,return,total_turnover,turnover,total_cost,cost,value,cash,bench
2023-12-27,1000000.0,0.0,0.0,0.0,0.0,0.0,0.0,1000000.0,0.0
2023-12-28,1000000.0,0.0,0.0,0.0,0.0,0.0,0.0,1000000.0,-0.019919693
2023-12-29,1000000.0,0.0,0.0,0.0,0.0,0.0,0.0,1000000.0,-0.011672199
2023-12-30,1000000.0,0.0,0.0,0.0,0.0,0.0,0.0,1000000.0,0.0017431974
2023-12-31,1000000.0,0.0,0.0,0.0,0.0,0.0,0.0,1000000.0,0.003400445
2024-01-01,1000000.0,0.0,0.0,0.0,0.0,0.0,0.0,1000000.0,0.0448395
2024-01-02,1000000.0,0.0,0.0,0.0,0.0,0.0,0.0,1000000.0,0.017369151
2024-01-03,1000000.0,0.0,0.0,0.0,0.0,0.0,0.0,1000000.0,-0.04675913
2024-01-04,1000000.0,0.0,0.0,0.0,0.0,0.0,0.0,1000000.0,0.030478835
2024-01-05,1000000.0,0.0,0.0,0.0,0.0,0.0,0.0,1000000.0,-0.00013571978
2024-01-06,1000000.0,0.0,0.0,0.0,0.0,0.0,0.0,1000000.0,-0.004004717
2024-01-07,1000000.0,0.0,0.0,0.0,0.0,0.0,0.0,1000000.0,-0.00089383125
2024-01-08,1000000.0,0.0,0.0,0.0,0.0,0.0,0.0,1000000.0,0.0687933
2024-01-09,1000000.0,0.0,0.0,0.0,0.0,0.0,0.0,1000000.0,-0.017913103
2024-01-10,1000000.0,0.0,0.0,0.0,0.0,0.0,0.0,1000000.0,0.011797667
2024-01-11,1000000.0,0.0,0.0,0.0,0.0,0.0,0.0,1000000.0,-0.00674814
2024-01-12,1000000.0,0.0,0.0,0.0,0.0,0.0,0.0,1000000.0,-0.076747835
2024-01-13,1000000.0,0.0,0.0,0.0,0.0,0.0,0.0,1000000.0,0.0015252829
2024-01-14,1000000.0,0.0,0.0,0.0,0.0,0.0,0.0,1000000.0,-0.026037097
2024-01-15,1000000.0,0.0,0.0,0.0,0.0,0.0,0.0,1000000.0,0.018660545
2024-01-16,1008730.5951658448,0.009030595165844774,300000.0,0.3,300.0,0.0003,309030.59516584483,699700.0,0.014745474
2024-01-17,1002033.0174976597,-0.00663325316666471,306412.25348969485,0.006356755233185541,306.4122534896949,6.356755233185568e-06,295927.17626145453,706105.8412362052,-0.008388162
2024-01-18,972001.9564537932,-0.029665458481750607,611704.4194360366,0.30467276089238726,611.7044194360367,0.0003046727608923873,571493.5733298763,400508.383123917,-0.033864737
2024-01-19,974193.3583069834,0.0025424580772317245,891576.7915168691,0.2879339596207253,891.5767915168692,0.0002879339596207253,294092.47547431465,680100.8828326687,0.00802207
2024-01-20,971847.1147731536,-0.0024065139356226543,893410.4325898889,0.001882214713726284,893.410432589889,1.8822147137262046e-06,289914.42450853804,681932.6902646155,0.0008883476
2024-01-21,970081.0645528367,-0.0018155235585164723,895049.3207598248,0.001686364187353121,895.0493207598248,1.6863641873530686e-06,289788.90134632704,680292.1632065097,-0.0027751327
2024-01-22,953160.0500609749,-0.01744161443666603,896283.9123805177,0.0012726685076179251,896.2839123805177,1.2726685076179261e-06,274103.7130667788,679056.336994196,-0.048395693
2024-01-23,952884.7619341717,-1.2438617582818477e-06,1170386.4398479608,0.2875724044979733,1170.386439847961,0.00028757240449797336,0.0,952884.7619341717,0.008329511
2024-01-24,952884.7619341717,0.0,1170386.4398479608,0.0,1170.386439847961,0.0,0.0,952884.7619341717,0.004693985
2024-01-25,952884.7619341717,0.0,1170386.4398479608,0.0,1170.386439847961,0.0,0.0,952884.7619341717,-0.0030881763
2024-01-26,952884.7619341717,0.0,1170386.4398479608,0.0,1170.386439847961,0.0,0.0,952884.7619341717,0.046605825
2024-01-27,952884.7619341717,0.0,1170386.4398479608,0.0,1170.386439847961,0.0,0.0,952884.7619341717,0.007104039
2024-01-28,957784.3406505149,0.005441837619900723,1456251.8684282124,0.30000000000000004,1456.2518684282124,0.00030000000000000003,291050.872725175,666733.4679253399,-0.002126515
2024-01-29,974843.834984069,0.017815316449750755,1459988.654178953,0.0039014897113505698,1459.988654178953,3.901489711350532e-06,304377.31809373916,670466.5168903299,0.03025484
2024-01-30,971290.8033366039,-0.0033325176341150336,1764336.0310512925,0.3122011607913725,1764.3360310512926,0.0003122011607913725,581669.5932084084,389621.21012819547,-0.0083504915
2024-01-31,956079.8209828475,-0.01565887044153739,1766001.5343030796,0.0017147318249752404,1766.0015343030796,1.7147318249751544e-06,567565.1651514578,388514.6558313897,-0.008409202
2024-02-01,961971.8236125514,0.0061734503049459405,1776310.1669983407,0.010782188337228904,1776.310166998341,1.0782188337229153e-05,579550.2038521077,382421.6197604437,0.011811733
2024-02-02,970926.562169123,0.009311193391994915,1778677.2977332894,0.002460706932204359,1778.6772977332896,2.460706932204344e-06,586140.1788044656,384786.38336465735,0.0027170181
2024-02-03,962056.9561315904,-0.00912761777722941,1786036.7860267262,0.0075798609083216045,1786.0367860267265,7.579860908321712e-06,573705.5268021444,388351.42932944605,-0.0043728948
2024-02-04,951899.9835118267,-0.01055099501887497,1792351.2537719917,0.006563507186368458,1792.351253771992,6.563507186368579e-06,567095.0711277082,384804.9123841185,-0.009955823
2024-02-05,953248.2266504737,0.0014209975350761108,1796755.6453343483,0.00462694782923262,1796.7556453343486,4.626947829232524e-06,572504.4171122123,380743.8095382614,0.0029547215
2024-02-06,959507.9145688668,0.006567275159286017,1797311.1264562763,0.0005827245269365112,1797.3111264562767,5.827245269366486e-07,578209.1793897992,381298.73517906753,0.009137511
2024-02-07,986594.0236529664,0.028531755302324813,2087647.0714796341,0.30258837953808204,2087.647071479634,0.0003025883795380816,890936.5481405002,95657.4755124661,0.029018164
2024-02-08,996917.8772686399,0.010470766317241939,2094188.9274638211,0.0066307476300789744,2094.1889274638206,6.630747630078422e-06,898265.1381961068,98652.73907253308,0.021173716
2024-02-09,1029535.8746876586,0.03272747284010234,2102794.2605669457,0.008631937794817612,2102.794260566945,8.631937794817488e-06,929849.6374959734,99686.23719168521,0.04071927
2024-02-10,1041259.1893539003,0.011393066466867253,2109050.244666116,0.006076509088202621,2109.0502446661158,6.0765090882031584e-06,938311.8501302173,102947.33922368304,0.013118744
2024-02-11,1041274.3078929537,1.914276692802315e-05,2113864.287586099,0.004623289733433481,2113.8642875860987,4.623289733433299e-06,937153.2106797723,104121.09721318143,0.011494994
2024-02-12,1082911.7451574742,0.03999554840489044,2122764.0071670804,0.008546950129779188,2122.76400716708,8.546950129778911e-06,978793.0813604838,104118.66379699035,0.0334841
2024-02-13,1081487.6069791033,-0.0013068881562966932,2131657.6514770873,0.008212713870522829,2131.657651477087,8.2127138705229e-06,973202.4109403294,108285.19603877379,-0.004360795
2024-02-14,1124682.5264687294,0.03994571523367509,2137534.138987,0.005433707674494284,2137.5341389869996,5.433707674494227e-06,1016536.7264019817,108145.80006674762,0.04216492
2024-02-15,1121031.2309358898,-0.003242619811940218,2141911.8293561246,0.0038923787523129456,2141.9118293561246,3.892378752313412e-06,1008567.4789995041,112463.75193638563,0.0016378164
2024-02-16,1110726.0981422723,-0.009176966062156738,2159379.062057106,0.015581397037795932,2159.3790620571053,1.5581397037795513e-05,998640.5563622247,112085.54178004767,0.00470531
2024-02-17,1101491.063404464,-0.008303941779449667,2171008.9479767764,0.010470525486996262,2171.0089479767757,1.0470525486996119e-05,990432.9329828066,111058.13042165744,-0.009236991
2024-02-18,1126028.6405772022,0.02227910171459654,2173663.214545669,0.0024097032259970297,2173.6632145456683,2.40970322599698e-06,1015882.3075458982,110146.33303130392,0.009585738
2024-02-19,1128986.6919740418,0.002636626744708112,2184529.046759285,0.009649694352397799,2184.529046759284,9.649694352397536e-06,1016391.6542511985,112595.03772284316,-0.0069612265
2024-02-20,1130414.2677242374,0.0012758605489790967,2197382.877175726,0.011385280719266888,2197.3828771757253,1.138528071926716e-05,1017528.447295266,112885.82042897149,0.009349942
2024-02-21,1112189.7463359542,-0.016103823328123747,2217912.6104374584,0.018161247471745974,2217.9126104374577,1.8161247471746005e-05,999165.8118326141,113023.93450334005,-0.007834673
2024-02-22,1108672.6776276827,-0.0028639032221726996,2549777.5205099685,0.2983887517087981,2549.777520509968,0.0002983887517087981,664115.697961905,444556.9796657776,-0.010819197
2024-02-23,1099636.4161891963,-0.008146912365612616,2553779.812214551,0.0036099849715305926,2553.7798122145505,3.6099849715306716e-06,656171.3474298278,443465.06875936844,-0.010612011
2024-02-24,1112935.3107653847,0.01209718451885882,2557389.866323481,0.0032829524884602384,2557.38986632348,3.2829524884599374e-06,673083.9061690548,439851.40459632984,0.016239762
2024-02-25,1127354.819000727,0.012961068622053255,2562712.565717461,0.004782577515956155,2562.71256571746,4.7825775159561516e-06,682186.0377098108,445168.78129091614,0.0031149387
2024-02-26,1152190.0371992474,0.022040588844869778,2575058.415074709,0.01095116563939561,2575.058415074708,1.0951165639395745e-05,701260.0087405858,450930.0284586616,0.053115726
2024-02-27,1170467.5081775573,0.016172860811337106,2931796.5365975937,0.3096174328933156,2931.7965365975933,0.00030961743289331596,1055605.1261539268,114862.38202363042,0.047008753
2024-02-28,1253476.3220806438,0.07093891191327995,2954674.093475004,0.019545657369875517,2954.6740934750037,1.9545657369875402e-05,1136455.6961970674,117020.62588357642,0.094583035
2024-02-29,1261839.86452961,0.006694348863323992,2982339.4364330345,0.02207089393767616,2982.3394364330343,2.207089393767639e-05,1136519.7844541906,125320.08007541938,-0.020840585
2024-03-01,1291460.9723349982,0.023503175207690893,3018475.051133118,0.028637242898927034,3018.475051133117,2.863724289892646e-05,1165313.0055294195,126147.96680557862,0.020561099
2024-03-02,1289376.5179761888,-0.0016099997409480486,3023677.579038651,0.004028405052091332,3023.67757903865,4.028405052091154e-06,1160235.7367168916,129140.78125929726,-0.006421387
2024-03-03,1304327.3882740547,0.011599323545962128,3028702.685744576,0.003897315203019512,3028.7026857445744,3.897315203019055e-06,1175391.8827637478,128935.50551030702,0.018176079
2024-03-04,1361184.387623159,0.04359846772901887,3038378.8823821745,0.0074185336630876965,3038.378882382173,7.418533663087766e-06,1230761.4381625818,130422.94946057712,0.08130908
2024-03-05,1301372.0356579982,-0.04392388631732157,3062222.548670373,0.017516852606451954,3062.2225486703715,1.7516852606452087e-05,1165280.5620813542,136091.473576644,-0.066256166
2024-03-06,1361924.7589531993,0.046549229871427365,3087365.2895608204,0.01932017916593303,3087.3652895608193,1.932017916593328e-05,1231812.5854565988,130112.1734966005,0.03687823
2024-03-07,1412611.9953262957,0.037228938678311375,3103142.2520070095,0.011584312820860594,3103.142252007008,1.1584312820860518e-05,1276432.2877510553,136179.70757524043,0.011337757
2024-03-08,1425274.4715776048,0.008996343612520842,3149008.9018220133,0.0324693900142121,3149.008901822012,3.2469390014212e-05,1284059.1338637222,141215.33771388247,0.0194695
2024-03-09,1427382.9168517548,0.001484652075349014,3156600.3298416743,0.005326292002731381,3156.600329841673,5.3262920027315135e-06,1284862.9415659693,142519.9752857855,0.00277555
2024-03-10,1428771.1954198112,0.0009756843632214677,3160996.9540869677,0.0030801995690060953,3160.9969540869665,3.0801995690060853e-06,1286034.4496617767,142736.74575803458,0.009406805
2024-03-11,1481944.6996362666,0.03722121811842826,3168097.0436798525,0.004969367814556595,3168.097043679851,4.969367814556493e-06,1339074.6801838784,142870.01945238822,0.04527855
2024-03-12,1475424.3014583657,-0.004392559664438092,3178964.7090305816,0.007333381166919744,3178.9647090305803,7.333381166919729e-06,1327240.6991600897,148183.60229827615,-0.008686304
2024-03-13,1525859.765755732,0.034195803109967046,3196819.3279952,0.012101345319424622,3196.819327995199,1.2101345319424642e-05,1378332.1000183404,147527.66573739174,0.022678137
2024-03-14,1536813.9088263363,0.007205176984255476,3236765.9228156684,0.026179728777816852,3236.7659228156667,2.6179728777816646e-05,1384267.8836853332,152546.02514100296,-0.023038387
2024-03-15,1527032.6756665814,-0.006323290660809163,3300278.045487362,0.041327139419370384,3300.2780454873605,4.132713941937051e-05,1373414.9113208433,153617.76434573816,-0.0264619
2024-03-16,1467755.0951399435,-0.038789407662965195,3345165.601025665,0.02939528161616376,3345.165601025664,2.9395281616163835e-05,1315096.7201742902,152658.37496565338,-0.060420573
2024-03-17,1514795.0836450455,0.0326449275560082,4219935.846729056,0.5959919666434444,4219.935846729055,0.0005959919666434446,488241.2332217049,1026553.8504233407,0.047363162
2024-03-18,1495726.573782439,-0.01226587873424437,4708152.906115784,0.32229907837562655,4708.152906115784,0.00032229907837562734,890306.4269177981,605420.146864641,-0.011455536
2024-03-19,1398293.097460722,-0.06513578970207544,4716297.666134033,0.00544535355660114,4716.2976661340335,5.445353556601208e-06,800010.5919441192,598282.5055166028,-0.0839017
2024-03-20,1452072.2560172903,0.03877640214605399,5157914.574754254,0.31582570880324723,5157.914574754254,0.00031582570880324737,473708.650260427,978363.6057568633,0.09530771
2024-03-21,1408611.8015117403,-0.02960374072515609,5631598.498975894,0.32621236461114517,5631.598498975895,0.0003262123646111456,828266.4734445603,580345.3280671801,-0.034481466
2024-03-22,1398168.6821315791,-0.007104593969005912,6067102.969446197,0.30917281113427686,6067.102969446198,0.0003091728111342765,412575.87287031306,985592.8092612661,-0.026024342
2024-03-23,1392033.1681498291,-0.004383333233181436,6073977.7012153575,0.004916954482687661,6073.977701215358,4.9169544826877284e-06,413321.9653894928,978711.2027603363,0.0030310154
2024-03-24,1419192.3003633781,0.019513486330722803,6078265.686270813,0.003080375635844338,6078.2656862708145,3.0803756358446515e-06,444773.3706435533,974418.9297198249,0.05032003
2024-03-25,1431004.4585596477,0.008336542500598235,6097264.418502359,0.013387003457305058,6097.264418502359,1.3387003457304617e-05,437605.79534050915,993398.6632191384,0.039726496
2024-03-26,1434569.2267700238,0.0027968821509910835,6534847.03626035,0.30578704010358715,6534.84703626035,0.00030578704010358724,862614.2969969301,571954.9297730937,0.0015454292
2024-03-27,1422048.872355359,-0.008725724460880312,6537545.658071905,0.001881137390373086,6537.545658071905,1.8811373903721833e-06,848223.8994669995,573824.9728883595,-0.0074014068
2024-03-28,1437646.3055137182,0.010972588850886008,6543670.101934077,0.004306774528802125,6543.670101934077,4.306774528802575e-06,868823.8474266778,568822.4580870403,0.018865824
2024-03-29,1437385.7289008251,-0.00017690818312910935,6549915.318936395,0.004344056655914835,6549.915318936395,4.344056655914659e-06,862324.2990284695,575061.4298723558,-0.013140082
2024-03-30,1440636.3429439743,0.0022691851091466487,6560995.567908884,0.007708612065434711,6560.9955679088835,7.70861206543455e-06,865684.0445378793,574952.2984060951,-0.0038419366
2024-03-31,1469536.0317676775,0.02006489624125108,6567525.486751926,0.0045326628576494625,6567.525486751926,4.532662857649841e-06,893297.0217335711,576239.0100341066,0.024400353
2024-04-01,1419655.5373301082,-0.03363514550907409,7019961.664988058,0.30787688661972074,7019.961664988058,0.00030787688661972106,1273154.3751840245,146501.16214608372,-0.02287054
2024-04-02,1369896.730118242,-0.03474286959419089,7455861.674723257,0.30704632093710565,7455.861674723257,0.0003070463209371053,802470.3765402104,567426.3535780316,-0.060097933
2024-04-03,1369094.259741702,1.3278295827371244e-18,8258332.051263467,0.5857889568587737,8258.332051263467,0.0005857889568587737,0.0,1369094.259741702,0.0076270103
2024-04-04,1369094.259741702,0.0,8258332.051263467,0.0,8258.332051263467,0.0,0.0,1369094.259741702,0.038271427
2024-04-05,1364682.387075796,-0.002922475468371491,8669060.329185978,0.2999999999999997,8669.060329185977,0.0002999999999999994,406727.13353452715,957955.2535412689,-0.009741485
2024-04-06,1371171.34440813,0.004756883294463135,8671737.84618089,0.001962007438704831,8671.73784618089,1.9620074387049695e-06,415896.2853787687,955275.0590293613,0.015856266
2024-04-07,1373939.4965663014,0.0020221375333836014,8676282.72823722,0.0033145981899812896,8676.282728237218,3.314598189980844e-06,414124.1003626668,959815.3962036347,0.006740451
2024-04-08,1415640.9517367466,0.030653154181400334,9090406.781954467,0.3014136028203655,9090.406781954465,0.00030141360282036475,866479.2958221112,549161.6559146354,0.032577753
2024-04-09,1379317.7780749784,-0.025646389285677883,9107501.50673453,0.012075607702002363,9107.501506734528,1.2075607702003052e-05,813078.49210506,566239.2859699185,-0.034543395
2024-04-10,1392822.455172508,0.009801359068170482,9122013.221228844,0.01052093630995395,9122.01322122884,1.0520936309952759e-05,841109.3954113973,551713.0597611108,0.02147746
2024-04-11,1384038.8840471164,-0.006302422229397879,9127429.143536735,0.00388845131536954,9127.429143536732,3.888451315369258e-06,826915.3179004211,557123.5661466953,-0.0088467
2024-04-12,1335470.8357358996,-0.035088999911760024,9130937.174551787,0.0025346332790835853,9130.937174551782,2.534633279082271e-06,781858.8086352708,553612.0271006288,-0.041277826
2024-04-13,1334687.7914907443,-8.885429104207431e-07,9912794.796563914,0.5854546584548148,9912.79479656391,0.0005854546584548159,0.0,1334687.7914907443,-0.04755926
2024-04-14,1334687.7914907443,0.0,9912794.796563914,0.0,9912.79479656391,0.0,0.0,1334687.7914907443,0.02717781
2024-04-15,1334687.7914907443,0.0,9912794.796563914,0.0,9912.79479656391,0.0,0.0,1334687.7914907443,-0.034142435
2024-04-16,1334687.7914907443,0.0,9912794.796563914,0.0,9912.79479656391,0.0,0.0,1334687.7914907443,0.005887747
2024-04-17,1334687.7914907443,0.0,9912794.796563914,0.0,9912.79479656391,0.0,0.0,1334687.7914907443,-0.039440155
2024-04-18,1334687.7914907443,0.0,9912794.796563914,0.0,9912.79479656391,0.0,0.0,1334687.7914907443,0.03578329
2024-04-19,1334687.7914907443,0.0,9912794.796563914,0.0,9912.79479656391,0.0,0.0,1334687.7914907443,0.005481839
2024-04-20,1334687.7914907443,0.0,9912794.796563914,0.0,9912.79479656391,0.0,0.0,1334687.7914907443,0.017590284
2024-04-21,1334687.7914907443,0.0,9912794.796563914,0.0,9912.79479656391,0.0,0.0,1334687.7914907443,8.583069e-06
2024-04-22,1334687.7914907443,0.0,9912794.796563914,0.0,9912.79479656391,0.0,0.0,1334687.7914907443,0.028921127
2024-04-23,1331858.554374084,-0.0018197744781198479,10313201.134011138,0.30000000000000066,10313.201134011133,0.00029999999999999943,397977.5066680103,933881.0477060738,-0.006065905
2024-04-24,1331460.576867416,-4.7801344155517023e-17,10711178.640679149,0.2988136430561449,10711.178640679143,0.00029881364305614467,0.0,1331460.576867416,-0.03198737
2024-04-25,1331460.576867416,0.0,10711178.640679149,0.0,10711.178640679143,0.0,0.0,1331460.576867416,0.0032470226
2024-04-26,1331460.576867416,0.0,10711178.640679149,0.0,10711.178640679143,0.0,0.0,1331460.576867416,-0.011292219
2024-04-27,1331460.576867416,0.0,10711178.640679149,0.0,10711.178640679143,0.0,0.0,1331460.576867416,-0.0048303604
2024-04-28,1332030.4134750268,0.0007279785804484623,11110616.813739374,0.3000000000000004,11110.616813739369,0.0003000000000000004,400407.4478408959,931622.965634131,-0.0054104924
2024-04-29,1326308.7454963934,-0.004294849769691625,11111414.277837342,0.0005986831005509337,11111.414277837337,5.986831005516001e-07,393889.1132283931,932419.6322680004,0.01184082
2024-04-30,1301234.3409466383,-0.018902387534163335,11115416.930269659,0.0030178888934483004,11115.416930269654,3.01788889344807e-06,372821.3637633864,928412.9771832519,-0.05001098
2024-05-01,1300860.2826682397,-9.515217582476348e-07,11488237.055880256,0.2865126702230849,11488.237055880252,0.0002865126702230858,0.0,1300860.2826682397,-0.038024664
2024-05-02,1300860.2826682397,0.0,11488237.055880256,0.0,11488.237055880252,0.0,0.0,1300860.2826682397,0.011918783
2024-05-03,1300860.2826682397,0.0,11488237.055880256,0.0,11488.237055880252,0.0,0.0,1300860.2826682397,0.06470311
2024-05-04,1306852.1324519436,0.004906067126143499,11878495.140680728,0.30000000000000043,11878.495140680725,0.0003000000000000006,396640.1926689762,910211.9397829673,0.01606226
2024-05-05,1306332.6215567784,-9.402035581917028e-05,12275135.333349705,0.3035080884971979,12275.1353333497,0.00030350808849719766,783988.4087686699,522344.2127881085,0.0018775463
2024-05-06,1310598.6284347002,0.003566842746391213,12668611.491001964,0.30120671501209756,12668.611491001959,0.0003012067150120968,1180356.1554219648,130242.47301273537,-0.013228893
2024-05-07,1297484.5768593033,-0.009405545304891128,13455768.290128127,0.6006085936975958,13455.76829012812,0.0006006085936975948,380872.46151953156,916612.1153397716,-0.013506055
2024-05-08,1282093.5934841367,-0.011855717391927307,13464141.201666387,0.006453187719986285,13464.14120166638,6.453187719985747e-06,373862.76259416266,908230.830889974,-0.01795876
2024-05-09,1281693.4764132376,-2.0498182837358442e-05,13837977.683671655,0.2915828328798944,13837.977683671648,0.0002915828328798945,0.0,1281693.4764132376,0.030738473
2024-05-10,1264800.5199245792,-0.012880184497726111,14222485.726595627,0.30000000000000054,14222.48572659562,0.0003000000000000002,367999.5944782367,896800.9254463424,-0.03605324
2024-05-11,1263255.1489207514,-0.0012127984437084677,14233908.628257215,0.009031385962957252,14233.908628257208,9.031385962957494e-06,377888.5480376582,885366.6008830932,0.00042760372
2024-05-12,1258067.9419914894,-0.004105361404664899,14234996.624895783,0.0008612643609627371,14234.996624895775,8.612643609621265e-07,373790.425743602,884277.5162478874,0.010817766
2024-05-13,1268880.0961249014,0.008597152794230548,14238644.814307734,0.002899834969307173,14238.644814307727,2.899834969307416e-06,388254.4174783775,880625.678646524,0.023682475
2024-05-14,1246033.6011129585,-0.017699282196792197,14626872.93104322,0.3059612314206175,14626.872931043212,0.0003059612314206164,738880.3110768897,507153.2900360687,-0.021649003
2024-05-15,1245294.7208018815,-8.320995189014534e-17,15365753.242120111,0.592985863637162,15365.753242120103,0.0005929858636371625,0.0,1245294.7208018815,0.075173736
2024-05-16,1241069.931004637,-0.002792602350810682,16112930.074601239,0.5999999999999986,16112.93007460123,0.0005999999999999988,743699.2195163654,497370.71148827154,-0.01467061
2024-05-17,1274797.9702182887,0.027182593682033705,16120390.526438097,0.006011306575463289,16120.390526438088,6.011306575463196e-06,778386.8799989781,496411.0902193107,0.02742064
2024-05-18,1284288.4581367886,0.007755283008192565,16516321.645250505,0.31058342424612695,16516.321645250497,0.000310583424246127,1157206.9308224982,127081.52731429052,-0.0016232729
2024-05-19,1268683.6523163037,-0.012144085318431386,16524618.85664553,0.006460551243341878,16524.61885664552,6.46055124334061e-06,1140263.1037140198,128420.54860228383,-0.0095822215
2024-05-20,1409137.2420390898,0.11071090875943769,16528149.2100399,0.0027826900645602005,16528.149210039894,2.7826900645624485e-06,1282272.2881656573,126864.9538734325,0.078048825
2024-05-21,1396803.7007824776,-0.00871843128817178,16576224.246330379,0.034116645885329845,16576.22424633037,3.411664588532875e-05,1255940.166114173,140863.5346683048,-0.01817125
2024-05-22,1382342.8544561176,-0.010325550533828118,16614303.374422789,0.027261617413440728,16614.30337442278,2.7261617413440352e-05,1242700.6790635588,139642.17539255886,-0.013994992
2024-05-23,1378400.8342398545,-0.0028484614599247468,16618773.245365307,0.0032335472550164006,16618.773245365297,3.2335472550159166e-06,1240168.7748734246,138232.0593664298,-0.017305613
2024-05-24,1356011.6005767449,-0.01623349627797239,16631742.096288186,0.009408620918334509,16631.742096288177,9.40862091833531e-06,1218186.938190505,137824.6623862401,0.008538246
2024-05-25,1364248.427927961,0.006092025930379005,16655772.577680223,0.017721442340033353,16655.772577680218,1.7721442340036295e-05,1228671.2983516788,135577.12957628243,0.010803461
2024-05-26,1356039.899323677,-0.0060146874713098535,16658773.254751915,0.0021995092757774995,16658.773254751908,2.199509275775729e-06,1219618.1710636718,136421.72826000518,-0.011298776
2024-05-27,1385513.5558885792,0.0217517498247491,16681357.332316209,0.016654434412702233,16681.357332316205,1.6654434412705047e-05,1249929.7202782014,135583.8356103779,0.013556957
2024-05-28,1370409.2070053024,-0.01089233503491338,16694228.369440421,0.009289722983589415,16694.22836944042,9.289722983591662e-06,1231870.828874512,138538.3781307904,-0.014949501
2024-05-29,1356783.0237402564,-0.00994068474865651,16697605.730990335,0.0024644912867261663,16697.605730990334,2.4644912867249135e-06,1219745.4757246317,137037.54801562475,-0.0109062195
2024-05-30,1355394.1315322847,-0.0010179318757067102,16705385.250679167,0.0057337979269417505,16705.385250679166,5.733797926942608e-06,1219723.5110326302,135670.62049965438,0.010343313
2024-05-31,1349116.3954912957,-0.0046247431922446505,16714771.50905582,0.006925113631738341,16714.77150905582,6.9251136317389e-06,1213586.4767422145,135529.91874908112,-0.011882067
2024-06-01,1355824.3342285422,0.005276010519311865,17124785.066197556,0.3039126635121984,17124.78506619756,0.00030391266351220225,816587.7895891657,539236.5446393766,0.0033586025
2024-06-02,1352091.3722950872,-0.0027500337411779656,17129184.33341388,0.003244717700710077,17129.184333413883,3.244717700708145e-06,809766.056597515,542325.3156975723,-1.8000603e-05
2024-06-03,1356852.50890257,0.003524058746114258,17132897.152013212,0.002745982021192736,17132.897152013218,2.7459820211949747e-06,816019.2835202902,540833.2253822798,0.015409946
2024-06-04,1371731.491267494,0.01097150860017133,17140633.75767788,0.005701876669649344,17140.633757677886,5.70187666965018e-06,828997.8134672807,542733.6778002132,0.025111914
2024-06-05,1384878.887873712,0.00988887037584044,17558112.059062358,0.3043440382043898,17558.112059062365,0.00030434403820438997,1248123.226291569,136755.66158214293,0.008082986
2024-06-06,1369310.0510857366,-0.011239864694726945,17561097.528753307,0.0021557622959596824,17561.097528753307,2.155762295955122e-06,1230822.641700339,138487.4093853975,-0.004344642
2024-06-07,1345966.0716755602,-0.016747709879240052,17972269.468618415,0.3002767266179688,17972.269468618415,0.00030027672661796803,798652.7928894411,547313.2787861191,-0.020388126
2024-06-08,1345304.5787587399,-0.00019605825486226542,18369874.62632222,0.29540503737128887,18369.874626322224,0.00029540503737129117,403526.68853159115,941777.8902271487,-0.0006508827
2024-06-09,1347270.8061323152,0.0014615961988961462,18369939.31141825,4.808211987866319e-05,18369.939311418253,4.808211987872809e-08,405557.6656862935,941713.1404460218,0.0048719645
2024-06-10,1346641.8695216358,-0.00046580104915216667,18371315.767109107,0.0010216622260289974,18371.31576710911,1.0216622260291702e-06,403553.649840446,943088.2196811897,-0.0015526414
2024-06-11,1333710.8928119685,-0.009602061313632405,18371754.67812515,0.00032593002339901167,18371.754678125155,3.2593002339998424e-07,391062.02305783937,942648.869754129,-0.03200686
2024-06-12,1333319.7401062618,-6.806079393029972e-08,18762816.61040957,0.29321342008380213,18762.816610409573,0.0002932134200838015,0.0,1333319.7401062618,0.014109254
2024-06-13,1333319.7401062618,0.0,18762816.61040957,0.0,18762.816610409573,0.0,0.0,1333319.7401062618,-0.021841466
2024-06-14,1333319.7401062618,0.0,18762816.61040957,0.0,18762.816610409573,0.0,0.0,1333319.7401062618,-0.010917842
2024-06-15,1333319.7401062618,0.0,18762816.61040957,0.0,18762.816610409573,0.0,0.0,1333319.7401062618,0.0027899742
2024-06-16,1333319.7401062618,0.0,18762816.61040957,0.0,18762.816610409573,0.0,0.0,1333319.7401062618,0.0067738295
2024-06-17,1333319.7401062618,0.0,18762816.61040957,0.0,18762.816610409573,0.0,0.0,1333319.7401062618,-0.002587676
2024-06-18,1333319.7401062618,0.0,18762816.61040957,0.0,18762.816610409573,0.0,0.0,1333319.7401062618,-0.019983768
2024-06-19,1333319.7401062618,0.0,18762816.61040957,0.0,18762.816610409573,0.0,0.0,1333319.7401062618,-0.003083229
2024-06-20,1333319.7401062618,0.0,18762816.61040957,0.0,18762.816610409573,0.0,0.0,1333319.7401062618,-0.001606524
2024-06-21,1333319.7401062618,0.0,18762816.61040957,0.0,18762.816610409573,0.0,0.0,1333319.7401062618,-0.011198223
2024-06-22,1333319.7401062618,0.0,18762816.61040957,0.0,18762.816610409573,0.0,0.0,1333319.7401062618,0.0018466711
2024-06-23,1333319.7401062618,0.0,18762816.61040957,0.0,18762.816610409573,0.0,0.0,1333319.7401062618,-0.016370475
2024-06-24,1333319.7401062618,0.0,18762816.61040957,0.0,18762.816610409573,0.0,0.0,1333319.7401062618,-0.046143174
2024-06-25,1333319.7401062618,0.0,18762816.61040957,0.0,18762.816610409573,0.0,0.0,1333319.7401062618,0.025089145
2024-06-26,1333319.7401062618,0.0,18762816.61040957,0.0,18762.816610409573,0.0,0.0,1333319.7401062618,-0.01522541
2024-06-27,1333319.7401062618,0.0,18762816.61040957,0.0,18762.816610409573,0.0,0.0,1333319.7401062618,0.013825417
2024-06-28,1307056.6520365912,-0.019397516866867588,19162812.53244145,0.30000000000000066,19162.81253244145,0.0002999999999999995,374132.8298842399,932923.8221523514,-0.020721138
2024-06-29,1306682.519206707,-4.7316724660858653e-17,19536945.362325687,0.28624071443367294,19536.94536232569,0.00028624071443367265,0.0,1306682.519206707,0.009248018
2024-06-30,1306682.519206707,0.0,19536945.362325687,0.0,19536.94536232569,0.0,0.0,1306682.519206707,0.029274106
2024-07-01,1306450.935487743,0.00012276971218342037,19928950.118087698,0.29999999999999905,19928.9501180877,0.00030000000000000057,392165.17679881,914285.7586889329,0.0020387173
2024-07-02,1326117.3458599288,0.015053499860110627,19929198.720508084,0.0001902883710616466,19929.198720508084,1.9028837105915158e-07,411583.23335303186,914534.1125068968,-0.01215452
2024-07-03,1292035.9009502996,-0.0256898056468319,19942946.75010314,0.010367129001046053,19942.946750103136,1.0367129001043858e-05,363767.50687794463,928268.394072355,-0.031011105
2024-07-04,1256289.3491305942,-0.027648386960473777,19966790.013510283,0.01845402545672906,19966.790013510283,1.845402545673075e-05,351888.0617287915,904401.2874018027,-0.052460432
2024-07-05,1255909.9613607302,-2.1911540832188564e-05,20318650.548003703,0.2800792148217469,20318.650548003705,0.0002800792148217484,0.0,1255909.9613607302,-0.007383406
2024-07-06,1255909.9613607302,0.0,20318650.548003703,0.0,20318.650548003705,0.0,0.0,1255909.9613607302,0.028277874
2024-07-07,1225480.8913726062,-0.023928703429627506,20695423.536411922,0.3,20695.423536411923,0.0002999999999999993,346720.6914085033,878760.1999641029,-0.04074043
2024-07-08,1225134.1706811977,5.937226492396754e-18,21042144.227820426,0.28292623234635467,21042.144227820427,0.0002829262323463545,0.0,1225134.1706811977,0.015339136
2024-07-09,1228999.0890459788,0.003454689875829861,21409684.479024787,0.3000000000000008,21409.684479024785,0.0002999999999999992,371772.7098203448,857226.379225634,0.023545623
2024-07-10,1230456.1282536725,0.0011880648209529091,21412775.85400983,0.0025153598669000366,21412.77585400983,2.5153598669010783e-06,370141.4654179793,860314.6628356932,-0.005583942
2024-07-11,1214206.4692501496,-0.013205376231365203,21413798.747754075,0.0008313126496406789,21413.798747754074,8.313126496400166e-07,352869.9355639572,861336.5336861924,-0.0066860914
2024-07-12,1213853.5993145856,-3.2957958873932194e-17,21766668.68331803,0.290617736357372,21766.668683318032,0.0002906177363573743,0.0,1213853.5993145856,0.009578109
2024-07-13,1219834.1524840673,0.005226914722548639,22130824.763112407,0.30000000000000115,22130.824763112407,0.0002999999999999993,370500.7890436517,849333.3634404156,0.022714376
2024-07-14,1234684.6953156563,0.012177946549275682,22135357.03945538,0.003715485694299997,22135.35703945538,3.7154856942992337e-06,380823.58780861145,853861.1075070449,0.026921988
2024-07-15,1314440.1672371442,0.06520425921154642,22886586.03585869,0.6084379269083376,22886.586035858683,0.0006084379269083327,1191722.9267019816,122717.24053516262,0.064578414
2024-07-16,1315003.0955024844,0.0004349002159761135,22895308.083137643,0.006635560519490933,22895.308083137636,6.635560519491221e-06,1183572.5297356462,131430.56576683823,0.004941702
2024-07-17,1290082.1414053892,-0.018944193992705898,22904588.438024998,0.007057287484033597,22904.588438024988,7.057287484031671e-06,1158590.9917544357,131491.1496509535,-0.014697731
2024-07-18,1303236.645761719,0.010202620673410392,22912302.807995375,0.005979750996299861,22912.302807995366,5.979750996299793e-06,1174236.1459911503,129000.49977056865,-0.0015614033
2024-07-19,1352676.496500277,0.03794420189128117,22922726.468336143,0.007998286707687619,22922.726468336128,7.998286707683955e-06,1222363.3699620282,130313.1265382487,0.041759133
2024-07-20,1367924.3260601107,0.011284923367816202,22939747.512954127,0.01258323380499497,22939.747512954113,1.2583233804994968e-05,1232676.1506164866,135248.17544362406,0.007200122
2024-07-21,1402073.08600129,0.02497181367468326,22950538.963214573,0.007888923425703643,22950.53896321456,7.888923425704878e-06,1265291.4400896472,136781.64591164273,0.01527226
2024-07-22,1373934.7629686263,-0.020049420234265383,22978109.495485067,0.019664119185916304,22978.109495485056,1.966411918591726e-05,1233754.9033443036,140179.85962432268,-0.009291172
2024-07-23,1355799.470712149,-0.013190902347270798,22989962.462122552,0.008627022881256984,22989.962462122545,8.627022881259991e-06,1218417.7331299253,137381.7375822238,-0.023633242
2024-07-24,1347012.1243483212,-0.00646436377294199,23012927.844104826,0.01693862734008262,23012.927844104823,1.6938627340085237e-05,1211455.1474274388,135556.97692088241,-0.008493185
2024-07-25,1316087.9077343815,-0.022935510571763507,23042733.639760017,0.022127340293696958,23042.733639760012,2.2127340293695725e-05,1181414.0239719306,134673.88376245095,0.006484866
2024-07-26,1354088.2523136607,0.029178707301691826,23444132.90355834,0.30499426477470126,23444.132903558337,0.00030499426477470287,828045.9009377616,526042.351375899,0.03203714
2024-07-27,1355913.0337722676,0.0013591312252920855,23459735.07047208,0.011522267390682786,23459.735070472077,1.152226739068313e-05,814284.1176495422,541628.9161227255,-0.00016921759
2024-07-28,1360195.6726708037,0.00315993265599443,23461690.046041448,0.0014418148662001553,23461.690046041447,1.441814866201851e-06,817832.4328315719,542363.2398392318,0.0052046776
2024-07-29,1346291.7204808504,-0.010220756163728912,23463413.930667236,0.0012673798780758177,23463.413930667237,1.2673798780764595e-06,802206.3199004541,544085.4005803963,-0.021468103
2024-07-30,1335133.8961004068,-0.008283684345461215,23468982.661739636,0.004136348005178848,23468.982661739636,4.1363480051781345e-06,796622.7953234818,538511.100776925,-0.008934498
2024-07-31,1309033.384681392,-0.0195456455363002,23473440.2040764,0.003338648168383202,23473.4402040764,3.3386481683848587e-06,774984.2837835661,534049.1008978258,-0.023569226
2024-08-01,1298707.7807262258,-0.007582436849459747,23873381.18606138,0.3055238977593553,23873.38118606138,0.0003055238977593541,382799.96766563714,915907.8130605887,0.011233807
2024-08-02,1298324.9807585601,-4.201844550115871e-17,24256181.153727017,0.2947545039358896,24256.181153727015,0.00029475450393588775,0.0,1298324.9807585601,-0.058996975
2024-08-03,1298324.9807585601,0.0,24256181.153727017,0.0,24256.181153727015,0.0,0.0,1298324.9807585601,-0.013014019
2024-08-04,1298324.9807585601,0.0,24256181.153727017,0.0,24256.181153727015,0.0,0.0,1298324.9807585601,-0.041796923
2024-08-05,1298324.9807585601,0.0,24256181.153727017,0.0,24256.181153727015,0.0,0.0,1298324.9807585601,-0.071219385
2024-08-06,1298324.9807585601,0.0,24256181.153727017,0.0,24256.181153727015,0.0,0.0,1298324.9807585601,0.037083387
2024-08-07,1298324.9807585601,0.0,24256181.153727017,0.0,24256.181153727015,0.0,0.0,1298324.9807585601,-0.015848279
2024-08-08,1298324.9807585601,0.0,24256181.153727017,0.0,24256.181153727015,0.0,0.0,1298324.9807585601,0.11883426
2024-08-09,1298324.9807585601,0.0,24256181.153727017,0.0,24256.181153727015,0.0,0.0,1298324.9807585601,-0.013747036
2024-08-10,1298324.9807585601,0.0,24256181.153727017,0.0,24256.181153727015,0.0,0.0,1298324.9807585601,0.001405716
2024-08-11,1298324.9807585601,0.0,24256181.153727017,0.0,24256.181153727015,0.0,0.0,1298324.9807585601,-0.03629011
2024-08-12,1298324.9807585601,0.0,24256181.153727017,0.0,24256.181153727015,0.0,0.0,1298324.9807585601,0.010799289
2024-08-13,1298324.9807585601,0.0,24256181.153727017,0.0,24256.181153727015,0.0,0.0,1298324.9807585601,0.020902753
2024-08-14,1298324.9807585601,0.0,24256181.153727017,0.0,24256.181153727015,0.0,0.0,1298324.9807585601,-0.03142178
2024-08-15,1298324.9807585601,0.0,24256181.153727017,0.0,24256.181153727015,0.0,0.0,1298324.9807585601,-0.019466043
2024-08-16,1298324.9807585601,0.0,24256181.153727017,0.0,24256.181153727015,0.0,0.0,1298324.9807585601,0.023175478
2024-08-17,1298324.9807585601,0.0,24256181.153727017,0.0,24256.181153727015,0.0,0.0,1298324.9807585601,0.010486484
2024-08-18,1298324.9807585601,0.0,24256181.153727017,0.0,24256.181153727015,0.0,0.0,1298324.9807585601,-0.01789546
2024-08-19,1298324.9807585601,0.0,24256181.153727017,0.0,24256.181153727015,0.0,0.0,1298324.9807585601,0.01730609
2024-08-20,1298324.9807585601,0.0,24256181.153727017,0.0,24256.181153727015,0.0,0.0,1298324.9807585601,-0.0071451664
2024-08-21,1298324.9807585601,0.0,24256181.153727017,0.0,24256.181153727015,0.0,0.0,1298324.9807585601,0.03630054
2024-08-22,1291417.7086925618,-0.004720141080519485,25035176.142182156,0.6000000000000023,25035.176142182154,0.0006000000000000021,772866.7113775928,518550.99731496896,-0.012757421
2024-08-23,1335528.993779356,0.034160207044659684,25038987.36546602,0.0029511932957176656,25038.98736546602,2.9511932957178686e-06,818965.1585697925,516563.8352095634,0.060643435
2024-08-24,1356004.8254650165,0.015644841316357634,25457294.860878184,0.3132148364884338,25457.294860878184,0.0003132148364884355,1222870.085728753,133134.73973626364,0.0018703938
2024-08-25,1348735.2661268492,-0.005343360394549254,25481231.719838053,0.01765248803717188,25481.23171983805,1.765248803717081e-05,1213158.5703741477,135576.69575270143,0.0009818077
2024-08-26,1325742.4028691982,-0.017043372734701804,25487097.116451915,0.004348812373465974,25487.097116451914,4.348812373466212e-06,1190874.8926046311,134867.5102645671,-0.021582067
2024-08-27,1244833.6843321936,-0.06102376760183154,25494019.36087291,0.00522140983498213,25494.019360872906,5.221409834980396e-06,1112266.3662896946,132567.31804249907,-0.0544132
2024-08-28,1243696.1438599124,-2.032352250368358e-05,26606260.427757204,0.8934856767480305,26606.260427757203,0.0008934856767480326,0.0,1243696.1438599124,-0.006397426
2024-08-29,1243696.1438599124,0.0,26606260.427757204,0.0,26606.260427757203,0.0,0.0,1243696.1438599124,0.005490184
2024-08-30,1243696.1438599124,0.0,26606260.427757204,0.0,26606.260427757203,0.0,0.0,1243696.1438599124,-0.0039593577
2024-08-31,1243696.1438599124,0.0,26606260.427757204,0.0,26606.260427757203,0.0,0.0,1243696.1438599124,-0.002537012
2024-09-01,1243696.1438599124,0.0,26606260.427757204,0.0,26606.260427757203,0.0,0.0,1243696.1438599124,-0.028353691
2024-09-02,1243696.1438599124,0.0,26606260.427757204,0.0,26606.260427757203,0.0,0.0,1243696.1438599124,0.031940818
2024-09-03,1243696.1438599124,0.0,26606260.427757204,0.0,26606.260427757203,0.0,0.0,1243696.1438599124,-0.027808905
2024-09-04,1243696.1438599124,0.0,26606260.427757204,0.0,26606.260427757203,0.0,0.0,1243696.1438599124,0.008404732
2024-09-05,1243696.1438599124,0.0,26606260.427757204,0.0,26606.260427757203,0.0,0.0,1243696.1438599124,-0.030893087
2024-09-06,1243696.1438599124,0.0,26606260.427757204,0.0,26606.260427757203,0.0,0.0,1243696.1438599124,-0.039462984
2024-09-07,1243696.1438599124,0.0,26606260.427757204,0.0,26606.260427757203,0.0,0.0,1243696.1438599124,0.0036671162
2024-09-08,1243696.1438599124,0.0,26606260.427757204,0.0,26606.260427757203,0.0,0.0,1243696.1438599124,0.013092279
2024-09-09,1243696.1438599124,0.0,26606260.427757204,0.0,26606.260427757203,0.0,0.0,1243696.1438599124,0.03958547
2024-09-10,1243696.1438599124,0.0,26606260.427757204,0.0,26606.260427757203,0.0,0.0,1243696.1438599124,0.01041317
2024-09-11,1243696.1438599124,0.0,26606260.427757204,0.0,26606.260427757203,0.0,0.0,1243696.1438599124,-0.0051701665
2024-09-12,1243696.1438599124,0.0,26606260.427757204,0.0,26606.260427757203,0.0,0.0,1243696.1438599124,0.013853312
2024-09-13,1243696.1438599124,0.0,26606260.427757204,0.0,26606.260427757203,0.0,0.0,1243696.1438599124,0.040694714
2024-09-14,1234790.056845001,-0.006560983057542252,27352478.11407315,0.5999999999999991,27352.47811407315,0.0006000000000000001,738057.8169873519,496732.23985764896,-0.008346856
2024-09-15,1213885.4780252262,-0.016927390358693735,27355283.630598985,0.0022720595377996033,27355.28363059898,2.272059537795856e-06,719961.5602099358,493923.91781529033,-0.014352202
2024-09-16,1207902.9797188707,-0.004635267136644714,27711098.473013837,0.293120602277654,27711.09847301383,0.0002931206022776517,358520.03433114337,849382.9453877273,-0.015524805
2024-09-17,1220971.2254410624,0.010822141182910718,27714949.332598355,0.0031880537172066853,27714.94933259835,3.188053717208227e-06,375442.9904974374,845528.2349436249,0.036073804
2024-09-18,1229743.740106397,0.007192361380201699,27724100.955463473,0.0074953632603521544,27724.10095546347,7.495363260353609e-06,375073.03392051853,854670.7061858786,0.023974538
2024-09-19,1259945.1116405614,0.024864078200547257,28099173.941938095,0.3050009316918099,28099.17394193809,0.0003050009316918089,768422.7075628361,491522.40407772525,0.01923573
2024-09-20,1285790.6926760655,0.020826234384780738,28493505.113419037,0.3129748810783416,28493.505113419036,0.0003129748810783444,1160193.2503644223,125597.44231164304,0.004020214
2024-09-21,1301591.248802032,0.012300634314701285,28508990.103307184,0.012043165327257285,28508.990103307184,1.2043165327258077e-05,1173025.0205735893,128566.22822844278,0.0023403168
2024-09-22,1285813.4205021183,-0.012114831086532283,28518260.280275736,0.007122187535514183,28518.26028027574,7.122187535516709e-06,1155660.9324545113,130152.4880476069,0.0036275387
2024-09-23,1294636.698531245,0.00687286740537486,28532207.39831149,0.010846922122111533,28532.207398311493,1.0846922122112914e-05,1166066.8413142532,128569.85721699192,-0.0037555695
2024-09-24,1322493.861214287,0.021527826469165588,28545758.90186358,0.01046741805439661,28545.758901863584,1.0467418054397217e-05,1193043.5932600573,129450.26795422974,0.014567614
2024-09-25,1292321.959934152,-0.022796916120272365,28568878.558321502,0.017481862968116428,28568.878558321507,1.748186296811559e-05,1160093.008402775,132228.95153137684,-0.017283559
2024-09-26,1332422.1954728814,0.0310353314283549,28576283.358289618,0.005729841477346159,28576.283358289627,5.729841477349763e-06,1203197.9048574916,129224.29061538973,0.03201759
2024-09-27,1350876.2282563397,0.013859284975187746,28588669.48915535,0.00929595056868177,28588.66948915536,9.295950568683322e-06,1217649.1679019819,133227.06035435785,0.009144187
2024-09-28,1346233.9061829087,-0.0034321198674098757,28594622.42117604,0.0044067190584692675,28594.622421176045,4.406719058465863e-06,1211154.804752616,135079.1014302928,0.0013387203
2024-09-29,1346410.115233859,0.00013409243478616,28598933.152497426,0.0032020671159661814,28598.933152497433,3.2020671159667217e-06,1211791.0353468894,134619.0798869696,-0.0038870573
2024-09-30,1308761.504889314,-0.027955741235070324,28607650.719283428,0.006474674163071187,28607.65071928344,6.474674163074257e-06,1174126.6358238189,134634.86906549527,-0.034669936
2024-10-01,1250864.1252373157,-0.044231043848656594,28617142.861088786,0.007252766657559209,28617.142861088796,7.252766657557786e-06,1119992.2124539167,130871.91278339889,-0.039821625
2024-10-02,1237309.747471812,-0.010238046699703017,29365115.297429696,0.5979645760477806,29365.115297429707,0.0005979645760477822,362475.6587258357,874834.0887459763,-0.0025737882
2024-10-03,1236947.2718130862,9.702768516883567e-17,29727590.95615553,0.2929546618916402,29727.59095615554,0.00029295466189163937,0.0,1236947.2718130862,0.0017054081
2024-10-04,1236947.2718130862,0.0,29727590.95615553,0.0,29727.59095615554,0.0,0.0,1236947.2718130862,0.021946192
2024-10-05,1236947.2718130862,0.0,29727590.95615553,0.0,29727.59095615554,0.0,0.0,1236947.2718130862,-0.00045096874
2024-10-06,1236947.2718130862,0.0,29727590.95615553,0.0,29727.59095615554,0.0,0.0,1236947.2718130862,0.012277365
2024-10-07,1236947.2718130862,0.0,29727590.95615553,0.0,29727.59095615554,0.0,0.0,1236947.2718130862,-0.00948602
2024-10-08,1236947.2718130862,0.0,29727590.95615553,0.0,29727.59095615554,0.0,0.0,1236947.2718130862,-0.0010206699
2024-10-09,1236947.2718130862,0.0,29727590.95615553,0.0,29727.59095615554,0.0,0.0,1236947.2718130862,-0.024524748
2024-10-10,1236947.2718130862,0.0,29727590.95615553,0.0,29727.59095615554,0.0,0.0,1236947.2718130862,-0.00510633
2024-10-11,1236947.2718130862,0.0,29727590.95615553,0.0,29727.59095615554,0.0,0.0,1236947.2718130862,0.03669393
2024-10-12,1236947.2718130862,0.0,29727590.95615553,0.0,29727.59095615554,0.0,0.0,1236947.2718130862,0.010652661
2024-10-13,1234602.291076677,-0.0015957806770308801,30098675.13769946,0.30000000000000143,30098.67513769947,0.000300000000000001,369110.2849890603,865492.0060876166,-0.005319059
2024-10-14,1277858.53130986,0.03533760761515589,30470326.227356404,0.30102899722698095,30470.326227356414,0.0003010289972269809,784389.2659688464,493469.2653410137,0.051120877
2024-10-15,1273054.6162681114,-0.003445517007615908,30871357.966149867,0.3138310923842154,30871.357966149873,0.00031383109238421284,1145669.7902734086,127384.82599470287,0.014983177
2024-10-16,1275504.2857145648,0.0019355956107734332,30885807.447219826,0.011350244432024093,30885.807447219835,1.1350244432025603e-05,1148213.2735688235,127291.01214574129,0.008138299
2024-10-17,1264226.0529890398,-0.008838657661579825,30890294.445435926,0.0035178229241200273,30890.294445435935,3.517822924119913e-06,1136680.115864193,127545.93712484684,-0.0029314756
2024-10-18,1286358.0443603587,0.017514945723720907,30901153.774733935,0.00858970535556775,30901.153774733946,8.589705355570168e-06,1159946.4450817797,126411.59927857907,0.014924288
2024-10-19,1299030.0099402054,0.009856358920397778,30907994.78024395,0.0053181192748080995,30907.994780243967,5.318119274811154e-06,1170403.5734144347,128626.43652577065,-0.00073069334
2024-10-20,1335828.0638693583,0.028339121779381245,30923310.497857366,0.011790118393122355,30923.31049785738,1.179011839312074e-05,1205940.3829988127,129887.68087054566,0.0095644
2024-10-21,1311558.5537543716,-0.01815442538816777,30941629.69590717,0.013713739473883104,30941.629695907184,1.3713739473882298e-05,1177994.062112881,133564.49164149052,-0.023967028
2024-10-22,1308717.2026210544,-0.002157968469783867,30952678.823947128,0.008424426045125982,30952.678823947143,8.424426045127669e-06,1177574.642982781,131142.55963827344,0.0007197857
2024-10-23,1297233.2607767822,-0.00876654857845592,30963687.73598091,0.00841198695312718,30963.687735980926,8.411986953128715e-06,1166370.1745885068,130863.08618827531,-0.0112323165
2024-10-24,1320212.5694144408,0.018014706440858567,31353655.47653377,0.3006149721441377,31353.655476533786,0.0003006149721441367,801700.4668975658,518512.1025168751,0.022943854
2024-10-25,1268755.620590097,-0.03866900932691255,31759292.140683316,0.30725102422669615,31759.29214068333,0.0003072510242266955,1137140.0048733295,131615.61571676744,-0.021993995
2024-10-26,1284410.0590045757,0.012653636528693463,32159226.19288864,0.3152175609825596,32159.22619288865,0.0003152175609825569,777298.2031342871,507111.85587028856,0.005913615
2024-10-27,1302699.380760012,0.014248430313394565,32170731.657002088,0.008957781070606538,32170.7316570021,8.957781070606992e-06,788956.1041612368,513743.2765987752,0.013845682
2024-10-28,1317513.5365662265,0.011377766900179054,32178385.74608255,0.005875560542600856,32178.385746082564,5.875560542601146e-06,796441.4742452737,521072.06232095277,0.028527737
2024-10-29,1346266.4959171433,0.022129340029062188,32581131.43873205,0.30568618953180227,32581.13143873206,0.0003056861895318003,1214920.099327785,131346.39658935828,0.039652944
2024-10-30,1336954.8161972705,-0.0069051841400415755,32596593.102728415,0.01148484645741085,32596.593102728428,1.1484846457413033e-05,1202341.4213108858,134613.39488638466,-0.005384922
2024-10-31,1290181.947376498,-0.034974150063648825,32610603.55349955,0.010479374920825353,32610.60355349956,1.0479374920824374e-05,1156500.4718694617,133681.47550703638,-0.028374314
2024-11-01,1279473.5156986453,-0.00800333236143293,32993280.299777422,0.296606805773419,32993.280299777434,0.0002966068057734198,763783.413494324,515690.10220432124,-0.011324167
2024-11-02,1278961.410137548,-0.0003972055807158124,32997171.840060994,0.0030415168706692513,32997.171840061004,3.0415168706677957e-06,767166.739757082,511794.67038046615,-0.001744926
2024-11-03,1275242.4223626037,-0.0026072100067174426,33381638.62828933,0.3006085916126184,33381.638628289336,0.0003006085916126147,380370.06885039853,894872.3535122053,-0.008630633
2024-11-04,1270089.3471987161,-0.004039132023608758,33383841.286147714,0.001727246380576104,33383.84128614772,1.727246380575967e-06,377421.8542027518,892667.4929959644,-0.013463795
2024-11-05,1269711.9253445135,9.165915932111244e-17,33761263.14035047,0.2971616564103848,33761.26314035047,0.0002971616564103826,0.0,1269711.9253445135,0.02243185
2024-11-06,1303374.400503031,0.026811899657383915,34142176.71795382,0.30000000000000077,34142.17671795382,0.0002999999999999975,414956.96633947483,888417.4341635561,0.08937299
2024-11-07,1349437.5865320724,0.035959855661921,34948146.00444421,0.618371272428957,34948.146004444214,0.0006183712724289598,1219906.1157682599,129531.47076381254,0.0037831068
2024-11-08,1369369.9218305396,0.014793156689626188,34978252.36641696,0.02231030339841041,34978.252366416964,2.23103033984111e-05,1234454.1751208561,134915.74670968333,0.008593559
2024-11-09,1393157.3600559775,0.01737621247904746,34985276.865123145,0.005129730538256713,34985.276865123145,5.129730538254631e-06,1256225.3317932326,136932.02826274486,0.0021916628
2024-11-10,1442160.9815785764,0.03519530600116494,35014254.93746949,0.020800286584410136,35014.25493746949,2.0800286584412726e-05,1302874.3624883557,139286.61909022057,0.048156857
2024-11-11,1537145.909270721,0.06587615363836265,35033345.63904703,0.0132375662782391,35033.34563904703,1.3237566278239543e-05,1392949.0356366371,144196.873634084,0.102998376
2024-11-12,1494246.9374492262,-0.027893476116635823,35055974.752514586,0.014721512987856376,35055.97475251459,1.4721512987854103e-05,1340557.032982743,153689.90446648296,-0.007851124
2024-11-13,1506140.1410290767,0.007974565651915127,35078741.47552606,0.015236252081824952,35078.74147552606,1.523625208182729e-05,1356740.429910083,149399.71111899352,0.027551293
2024-11-14,1460996.8452218494,-0.029956884152939806,35102771.55985284,0.01595474662162757,35102.77155985285,1.5954746621633676e-05,1310404.740219217,150592.1050026324,-0.03374386
2024-11-15,1502632.958474982,0.028504037310356615,35110966.89323707,0.00560941210176692,35110.966893237084,5.609412101767836e-06,1356541.6111961186,146091.34727886337,0.04244435
2024-11-16,1501006.3757067728,-0.0010690463116764376,35131165.43938521,0.013442102433746134,35131.16543938523,1.3442102433747256e-05,1350765.3647540547,150241.01095271818,-0.0048900247
2024-11-17,1534608.23126571,0.022395273525256262,35144758.22755478,0.009055783099635327,35144.75822755479,9.055783099628929e-06,1384518.4592292584,150089.77203645153,-0.0080688
2024-11-18,1561880.7753017198,0.017815514017886547,35212048.64762329,0.043848598422419685,35212.04864762331,4.384859842242792e-05,1408487.3942395146,153393.38106220524,0.006767392
2024-11-19,1552545.3261591836,-0.005964059833917861,35232347.39281397,0.012996347423995133,35232.34739281399,1.2996347423991146e-05,1396377.4015612754,156167.92459790828,0.020413756
2024-11-20,1552658.4195048418,8.935304050948469e-05,35257978.69257694,0.016509211892945568,35257.978692576944,1.650921189294122e-05,1397427.4149402962,155231.00456454547,0.021403551
2024-11-21,1657242.1489757088,0.06737063104763276,35277826.74517127,0.012783270515264799,35277.82674517128,1.278327051526731e-05,1501996.1550778192,155245.99389788954,0.042747974
2024-11-22,1656991.5741730202,-0.00013103023079808515,35311252.72659123,0.020169642342621905,35311.252726591236,2.0169642342619412e-05,1491297.7458259529,165693.82834706747,0.0058472157
2024-11-23,1656841.9250183504,-8.538744918830712e-05,35319415.597415924,0.004926320056134625,35319.41559741592,4.926320056129567e-06,1491150.930471873,165690.99454647745,-0.012332678
2024-11-24,1648977.801402554,-0.004734479330947699,35339255.36456539,0.011974447803307222,35339.25536456539,1.1974447803309857e-05,1483311.5147464192,165666.28665613467,0.0023306608
2024-11-25,1595794.4589751195,-0.03224757876856982,35347056.25364786,0.00473074232766137,35347.056253647854,4.730742327658299e-06,1430902.3772315267,164892.0817435929,-0.04994923
2024-11-26,1570643.8032406988,-0.015727424625468733,35399974.91679677,0.03316132779587645,35399.97491679676,3.316132779586971e-05,1411117.2760063356,159526.52723436317,-0.011233747
2024-11-27,1660190.4378172315,0.05701754283489056,35407590.66989598,0.004848809821481852,35407.59066989596,4.848809821478999e-06,1503133.532901478,157056.90491575343,0.0423851
2024-11-28,1639870.754193182,-0.01222103840610301,35438023.19193603,0.01833074167085673,35438.023191936016,1.8330741670858378e-05,1473882.2847953327,165988.4693978493,-0.0022858977
2024-11-29,1662930.4040908136,0.014069144616592423,35449952.0875689,0.007274290124613828,35449.95208756889,7.274290124616349e-06,1498957.170279284,163973.23381152967,0.018987298
2024-11-30,1661254.7548019136,-0.0010001445376073307,35462430.616396286,0.007503939308997476,35462.430616396276,7.5039393089981065e-06,1494974.055323608,166280.69947830556,-0.010794222
2024-12-01,1664101.8146877403,0.001733121280150541,35494526.697868094,0.019320385015623543,35494.52669786808,1.9320385015621898e-05,1498008.5743024233,166093.24038531698,0.008061409
2024-12-02,1625186.025370601,-0.02338184183259795,35500550.59063932,0.0036199063771584785,35500.55059063931,3.6199063771572542e-06,1458783.9714236828,166402.05394691834,-0.0138350725
2024-12-03,1620900.8517411056,-0.002339112115361822,35984231.89847376,0.29761596536257573,35984.23189847376,0.0002976159653625822,971301.1712675788,649599.6804735267,9.4652176e-05
2024-12-04,1664825.4953791844,0.02710132444386326,35988148.13476495,0.0024160862689277755,35988.14813476494,2.4160862689253697e-06,1016469.0709190331,648356.4244601511,0.028561711
2024-12-05,1649645.7347079269,-0.009107373078829868,36005721.90845647,0.010555925374939944,36005.721908456464,1.0555925374943056e-05,983733.1103299446,665912.6243779821,-0.016652107
2024-12-06,1691844.9691124968,0.02558445569616361,36011775.71788672,0.003669763333354919,36011.775717886725,3.669763333357671e-06,1031992.2079742046,659852.7611382923,0.028832793
2024-12-07,1691955.5452155995,7.533865805459433e-05,36028660.94439343,0.009980362748938904,36028.66094439343,9.980362748935015e-06,1015234.4427971073,676721.1024184922,0.0009138584
2024-12-08,1699457.827425895,0.004434562378674503,36029461.141300686,0.0004729420400641243,36029.46114130068,4.729420400630234e-07,1022676.4095365624,676781.4178893326,0.012797475
2024-12-09,1642925.4611443598,-0.03326171247949331,36034949.79597145,0.0032296504109672114,36034.94979597144,3.229650410965122e-06,963147.8029398951,679777.6582044648,-0.03791058
2024-12-10,1628319.587292912,-0.008876401722632555,36057557.2539606,0.013760489154146923,36057.55725396059,1.3760489154147738e-05,971171.9945355859,657147.592757326,-0.0070260167
2024-12-11,1627347.0875353995,-8.162353872827983e-07,37028727.91940412,0.596425095553934,37028.72791940411,0.0005964250955539346,0.0,1627347.0875353995,0.04691851
2024-12-12,1627303.83427849,0.0005734210008173167,38005136.171925366,0.6000000000000043,38005.136171925355,0.0006000000000000023,977341.4075168513,649962.4267616387,-0.011082411
2024-12-13,1637392.037335007,0.006206558174027098,38016889.0296751,0.007222288488583788,38016.8890296751,7.222288488587151e-06,986482.766610625,650909.2707243819,0.0141990185
2024-12-14,1632776.856326931,-0.002816145048944271,38020936.558629416,0.0024719363854363787,38020.93655862941,2.471936385435099e-06,977824.1041771895,654952.7521497414,-4.1902065e-05
2024-12-15,1658712.7299499733,0.015887316302773798,38025505.30390165,0.0027981443113493532,38025.50530390164,2.7981443113493535e-06,1005606.0527373222,653106.6772126511,0.03001368
2024-12-16,1669710.9698982718,0.006636844442254871,38035883.71866899,0.006256909095797943,38035.88371866898,6.2569090957955925e-06,1006236.25633305,663474.713565222,0.015265226
2024-12-17,1658345.8549868364,-0.0068039950966001005,38040293.37817715,0.0026409717535903284,38040.29337817714,2.64097175359235e-06,990465.8915729609,667879.9634138756,0.00070798397
2024-12-18,1596517.9867866868,-0.0372755767520351,38052363.37934569,0.0072783377075691,38052.363379345676,7.27833770756394e-06,933191.7147931207,663326.2719935661,-0.055870414
2024-12-19,1582938.3269733877,-0.008209696889462907,38525094.44255053,0.2961013074185942,38525.09444255051,0.0002961013074185893,465848.4672859118,1117089.859687476,-0.027365685
2024-12-20,1582472.4785061018,-4.136839535173611e-17,38990942.90983644,0.2942935042684961,38990.94290983642,0.00029429350426849826,0.0,1582472.4785061018,0.003525257
2024-12-21,1582472.4785061018,0.0,38990942.90983644,0.0,38990.94290983642,0.0,0.0,1582472.4785061018,-0.005249679
2024-12-22,1582472.4785061018,0.0,38990942.90983644,0.0,38990.94290983642,0.0,0.0,1582472.4785061018,-0.021643281
2024-12-23,1582472.4785061018,0.0,38990942.90983644,0.0,38990.94290983642,0.0,0.0,1582472.4785061018,-0.0032022
2024-12-24,1582472.4785061018,0.0,38990942.90983644,0.0,38990.94290983642,0.0,0.0,1582472.4785061018,0.03986144
2024-12-25,1582472.4785061018,0.0,38990942.90983644,0.0,38990.94290983642,0.0,0.0,1582472.4785061018,0.007763982
2024-12-26,1582472.4785061018,0.0,38990942.90983644,0.0,38990.94290983642,0.0,0.0,1582472.4785061018,-0.03658873
2024-12-27,1582472.4785061018,0.0,38990942.90983644,0.0,38990.94290983642,0.0,0.0,1582472.4785061018,-0.015581429
2024-12-28,1582472.4785061018,0.0,38990942.90983644,0.0,38990.94290983642,0.0,0.0,1582472.4785061018,0.010614872
2024-12-29,1582472.4785061018,0.0,38990942.90983644,0.0,38990.94290983642,0.0,0.0,1582472.4785061018,-0.016388237
2024-12-30,1582472.4785061018,0.0,38990942.90983644,0.0,38990.94290983642,0.0,0.0,1582472.4785061018,-0.010093629
2024-12-31,1582472.4785061018,0.0,38990942.90983644,0.0,38990.94290983642,0.0,0.0,1582472.4785061018,0.008448482
2025-01-01,1582472.4785061018,0.0,38990942.90983644,0.0,38990.94290983642,0.0,0.0,1582472.4785061018,0.010855198
2025-01-02,1582472.4785061018,0.0,38990942.90983644,0.0,38990.94290983642,0.0,0.0,1582472.4785061018,0.025298238
2025-01-03,1604082.4635347894,0.013955836244993063,39465684.65338827,0.2999999999999984,39465.68465338825,0.0002999999999999991,496826.4703240699,1107255.9932107194,0.012263656
2025-01-04,1606802.6984264133,0.0023055645812673727,40443765.47512223,0.60974472570359,40443.765475122214,0.000609744725703594,1447370.2550216333,159432.44340478,0.00047183037
2025-01-05,1597488.749305527,-0.005790410142111816,40453667.95466769,0.006162847221477114,40453.66795466767,6.1628472214735285e-06,1436818.3781128884,160670.37119263862,0.0014569759
2025-01-06,1633930.239567336,0.022816740828873902,40461664.46280483,0.005005674149893359,40461.66446280482,5.005674149900537e-06,1474189.2291986765,159741.01036865934,0.0393641
2025-01-07,1531849.5508081715,-0.062468073147603796,40473879.498595126,0.0074758612665917394,40473.87949859512,7.475861266591348e-06,1368468.8738220565,163380.67698611508,-0.051655114
2025-01-08,1511751.0721720452,-0.012819967998078335,40934095.91548996,0.3004318646384237,40934.095915489954,0.0003004318646384275,899471.4832487924,612279.588923253,-0.019534886
2025-01-09,1482519.9272403105,-0.019034837528431395,41389304.80499789,0.30111365415068103,41389.30480499788,0.0003011136541506772,424749.3856093865,1057770.541630924,-0.026384413
2025-01-10,1482118.1429275726,1.550607213438158e-05,41814077.17866821,0.2865205154179782,41814.0771786682,0.00028652051541797947,0.0,1482118.1429275726,0.023485184
2025-01-11,1482118.1429275726,0.0,41814077.17866821,0.0,41814.0771786682,0.0,0.0,1482118.1429275726,-0.001331389
2025-01-12,1482118.1429275726,0.0,41814077.17866821,0.0,41814.0771786682,0.0,0.0,1482118.1429275726,-0.00058066845
2025-01-13,1482118.1429275726,0.0,41814077.17866821,0.0,41814.0771786682,0.0,0.0,1482118.1429275726,-9.4771385e-05
2025-01-14,1482118.1429275726,0.0,41814077.17866821,0.0,41814.0771786682,0.0,0.0,1482118.1429275726,0.021417856
2025-01-15,1499799.9779182882,0.012230111695272376,42258712.62154648,0.2999999999999979,42258.712621546474,0.00030000000000000046,462761.91331186576,1037038.0646064226,0.040766954
2025-01-16,1489442.487932373,-0.006297365127539931,43171414.52823383,0.6085490866283252,43171.41452823382,0.000608549086628319,1340375.1920472314,149067.29588514165,-0.005075276
2025-01-17,1524986.7095817886,0.02416403443314755,43618132.44340909,0.2999229032303139,43618.13244340908,0.00029992290323031253,929648.2164365667,595338.493145222,0.040907025
2025-01-18,1593256.2672478948,0.04507693361606783,44090299.45050695,0.30962040792299234,44090.29945050692,0.0003096204079229846,1441227.648505982,152028.61874191265,0.004599929
2025-01-19,1560568.3558273397,-0.020188778278960866,44612313.350029476,0.32763963353128794,44612.31335002944,0.0003276396335312833,923787.8628277043,636780.4929996354,-0.03084135
2025-01-20,1545870.9234165829,-0.009409946450438952,44624881.10020147,0.008053316040317776,44624.88110020144,8.053316040318858e-06,921670.7483391156,624200.1750774673,0.009162426
2025-01-21,1579049.0792099042,0.021477473371337152,44648126.90008419,0.015037348546113464,44648.12690008416,1.503734854611241e-05,960731.396653879,618317.6825560253,0.037979722
2025-01-22,1581462.0986104622,0.0015365712070836634,44661428.849212125,0.008424025132005814,44661.4288492121,8.424025132009722e-06,949855.7688756281,631606.3297348339,-0.02296096
2025-01-23,1574535.6711117583,-0.004364460173427306,44685628.00274582,0.015301760032668189,44685.62800274579,1.53017600326655e-05,941967.4539852132,632568.217126545,0.0019640923
2025-01-24,1579376.648741197,0.0030801106557544395,44694394.47176388,0.005567653485974759,44694.394471763844,5.5676534859726155e-06,949563.7627880259,629812.8859531712,0.00924027
2025-01-25,1584499.2311757097,0.00324590041406794,44698311.3553695,0.0024800186888565244,44698.31135536946,2.480018688850591e-06,952759.9349569238,631739.2962187859,-0.0011790395
2025-01-26,1532530.7492528998,-0.03249411108642573,45179899.243999794,0.30393696579641233,45179.89924399975,0.0003039369657964142,1374564.2824160687,157966.46683683107,-0.02030468
2025-01-27,1518917.018028922,-0.0085681035709636,45662748.28269237,0.3150664604465293,45662.74828269233,0.00031506646044652815,906394.964777335,612522.053251587,-0.005234599
2025-01-28,1500383.247092151,-0.012196512866100162,45671028.26653497,0.005451241736261034,45671.02826653492,5.451241736258543e-06,892817.0771164356,607566.1699757155,-0.007320583
2025-01-29,1513202.2383063044,0.008551724466489012,45682901.17564979,0.00791325092294471,45682.90117564974,7.913250922942731e-06,913060.8123785586,600141.4259277458,0.023661137
2025-01-30,1537719.9347528797,0.01620812176010138,45691370.855201095,0.005597189415198937,45691.37085520104,5.597189415197321e-06,932447.4952291965,605272.4395236832,0.009540796
2025-01-31,1514940.7536063264,-0.014803304937983347,45707214.89839162,0.010303594843537104,45707.21489839156,1.0303594843533394e-05,899876.5780139081,615064.1755924183,-0.021899462
2025-02-01,1444512.416527451,-0.046183170405900045,46170784.99862341,0.30599883139209066,46170.78499862335,0.00030599883139208954,1293481.91126705,151030.50526040094,-0.017513633
2025-02-02,1443218.9692457544,2.399718707038051e-08,47464266.944554694,0.8954453635232597,47464.266944554634,0.0008954453635232597,0.0,1443218.9692457544,-0.029165149
2025-02-03,1443218.9692457544,0.0,47464266.944554694,0.0,47464.266944554634,0.0,0.0,1443218.9692457544,0.037133098
2025-02-04,1443218.9692457544,0.0,47464266.944554694,0.0,47464.266944554634,0.0,0.0,1443218.9692457544,-0.03518647
2025-02-05,1443218.9692457544,0.0,47464266.944554694,0.0,47464.266944554634,0.0,0.0,1443218.9692457544,-0.011770308
2025-02-06,1443218.9692457544,0.0,47464266.944554694,0.0,47464.266944554634,0.0,0.0,1443218.9692457544,-0.00060117245
2025-02-07,1443218.9692457544,0.0,47464266.944554694,0.0,47464.266944554634,0.0,0.0,1443218.9692457544,-0.0004925132
2025-02-08,1443218.9692457544,0.0,47464266.944554694,0.0,47464.266944554634,0.0,0.0,1443218.9692457544,-0.0006430149
2025-02-09,1443218.9692457544,0.0,47464266.944554694,0.0,47464.266944554634,0.0,0.0,1443218.9692457544,0.00018668175
2025-02-10,1443218.9692457544,0.0,47464266.944554694,0.0,47464.266944554634,0.0,0.0,1443218.9692457544,0.010035634
2025-02-11,1443218.9692457544,0.0,47464266.944554694,0.0,47464.266944554634,0.0,0.0,1443218.9692457544,-0.016961932
2025-02-12,1443218.9692457544,0.0,47464266.944554694,0.0,47464.266944554634,0.0,0.0,1443218.9692457544,0.021839976
2025-02-13,1443218.9692457544,0.0,47464266.944554694,0.0,47464.266944554634,0.0,0.0,1443218.9692457544,-0.01289314
2025-02-14,1443218.9692457544,0.0,47464266.944554694,0.0,47464.266944554634,0.0,0.0,1443218.9692457544,0.009236693
2025-02-15,1443218.9692457544,0.0,47464266.944554694,0.0,47464.266944554634,0.0,0.0,1443218.9692457544,0.0007095337
2025-02-16,1443218.9692457544,0.0,47464266.944554694,0.0,47464.266944554634,0.0,0.0,1443218.9692457544,-0.014876962
2025-02-17,1443218.9692457544,0.0,47464266.944554694,0.0,47464.266944554634,0.0,0.0,1443218.9692457544,-0.003517747
2025-02-18,1443218.9692457544,0.0,47464266.944554694,0.0,47464.266944554634,0.0,0.0,1443218.9692457544,-0.0011302829
2025-02-19,1443218.9692457544,0.0,47464266.944554694,0.0,47464.266944554634,0.0,0.0,1443218.9692457544,0.010166287
2025-02-20,1443218.9692457544,0.0,47464266.944554694,0.0,47464.266944554634,0.0,0.0,1443218.9692457544,0.017182946
2025-02-21,1421136.485459513,-0.014700854726003207,48330198.326102145,0.5999999999999989,48330.198326102094,0.0006000000000000049,844714.8291427589,576421.6563167542,-0.021596313
2025-02-22,1420291.8393788906,4.8424157954987936e-08,49174913.22406224,0.5943939281011175,49174.91322406219,0.0005943939281011178,0.0,1420291.8393788906,0.003836751
2025-02-23,1428571.826493824,0.006129778701364819,49601000.77587591,0.30000000000000165,49601.00077587586,0.00030000000000000003,434793.6264804141,993778.2000134097,-0.0030347705
2025-02-24,1382030.2275485229,-0.03257475397686783,49607223.934855916,0.00435621007259966,49607.22393485586,4.356210072596115e-06,382035.09171409224,999995.1358344306,-0.04888028
2025-02-25,1381648.1924568086,-1.0529375507350063e-16,49989259.02657001,0.27643034435777447,49989.25902656995,0.00027643034435777296,0.0,1381648.1924568086,-0.03137511
2025-02-26,1381648.1924568086,0.0,49989259.02657001,0.0,49989.25902656995,0.0,0.0,1381648.1924568086,-0.04995811
2025-02-27,1381648.1924568086,0.0,49989259.02657001,0.0,49989.25902656995,0.0,0.0,1381648.1924568086,0.005441904
2025-02-28,1381648.1924568086,0.0,49989259.02657001,0.0,49989.25902656995,0.0,0.0,1381648.1924568086,-0.004233837
2025-03-01,1381648.1924568086,0.0,49989259.02657001,0.0,49989.25902656995,0.0,0.0,1381648.1924568086,0.020327091
2025-03-02,1381648.1924568086,0.0,49989259.02657001,0.0,49989.25902656995,0.0,0.0,1381648.1924568086,0.09534085
2025-03-03,1260635.5961510688,-0.08698567989044924,50818247.942044094,0.6000000000000013,50818.24794204403,0.0005999999999999972,708805.3080838195,551830.2880672493,-0.085386574
2025-03-04,1259929.1929857524,1.907408708775321e-06,51527055.65467523,0.5622621753623684,51527.05565467516,0.0005622621753623658,0.0,1259929.1929857524,0.012309909
2025-03-05,1259929.1929857524,0.0,51527055.65467523,0.0,51527.05565467516,0.0,0.0,1259929.1929857524,0.03808379
2025-03-06,1259929.1929857524,0.0,51527055.65467523,0.0,51527.05565467516,0.0,0.0,1259929.1929857524,-0.00744009
2025-03-07,1259929.1929857524,0.0,51527055.65467523,0.0,51527.05565467516,0.0,0.0,1259929.1929857524,-0.034805655
2025-03-08,1259929.1929857524,0.0,51527055.65467523,0.0,51527.05565467516,0.0,0.0,1259929.1929857524,-0.006673813
2025-03-09,1259929.1929857524,0.0,51527055.65467523,0.0,51527.05565467516,0.0,0.0,1259929.1929857524,-0.06365031
2025-03-10,1259929.1929857524,0.0,51527055.65467523,0.0,51527.05565467516,0.0,0.0,1259929.1929857524,-0.026488185
2025-03-11,1259929.1929857524,0.0,51527055.65467523,0.0,51527.05565467516,0.0,0.0,1259929.1929857524,0.055182695
2025-03-12,1259929.1929857524,0.0,51527055.65467523,0.0,51527.05565467516,0.0,0.0,1259929.1929857524,0.009008765
2025-03-13,1259929.1929857524,0.0,51527055.65467523,0.0,51527.05565467516,0.0,0.0,1259929.1929857524,-0.030644536
2025-03-14,1259929.1929857524,0.0,51527055.65467523,0.0,51527.05565467516,0.0,0.0,1259929.1929857524,0.035349727
2025-03-15,1259929.1929857524,0.0,51527055.65467523,0.0,51527.05565467516,0.0,0.0,1259929.1929857524,0.004229784
2025-03-16,1259929.1929857524,0.0,51527055.65467523,0.0,51527.05565467516,0.0,0.0,1259929.1929857524,-0.020914614
2025-03-17,1259929.1929857524,0.0,51527055.65467523,0.0,51527.05565467516,0.0,0.0,1259929.1929857524,0.01738429
2025-03-18,1259929.1929857524,0.0,51527055.65467523,0.0,51527.05565467516,0.0,0.0,1259929.1929857524,-0.015414834
2025-03-19,1259929.1929857524,0.0,51527055.65467523,0.0,51527.05565467516,0.0,0.0,1259929.1929857524,0.04994142
2025-03-20,1248137.161077137,-0.009059281437610603,51905034.41257095,0.2999999999999978,51905.03441257089,0.00030000000000000003,366564.7047450063,881572.4563321309,-0.03019768
2025-03-21,1247770.562404121,-2.724241725715762e-08,52271599.08331369,0.2936894134506752,52271.59908331362,0.00029368941345067054,0.0,1247770.562404121,-0.0015981197
2025-03-22,1247770.562404121,0.0,52271599.08331369,0.0,52271.59908331362,0.0,0.0,1247770.562404121,-0.0029515624
2025-03-23,1247770.562404121,0.0,52271599.08331369,0.0,52271.59908331362,0.0,0.0,1247770.562404121,0.026740074
2025-03-24,1276170.2858785514,0.023360373044633852,53020261.42075616,0.6,53020.261420756084,0.0005999999999999956,777810.7232543455,498359.562624206,0.016445398
2025-03-25,1279681.9725400764,0.0030649311987230718,53419948.88330375,0.31319289202257933,53419.94888330367,0.0003131928920225775,1152464.6314147688,127217.3411253076,-0.0012033582
2025-03-26,1250185.5902654994,-0.023040849876625902,53431370.93876027,0.008925698495114862,53431.370938760185,8.925698495108267e-06,1122228.624093635,127956.96617186454,-0.0055347085
2025-03-27,1253444.6071275747,0.0026199196253892617,53447739.840000406,0.013093177019146827,53447.739840000315,1.3093177019144687e-05,1128439.7417023922,125004.86542518254,0.0037146807
2025-03-28,1197017.1767967981,-0.04501431247611209,53452222.954038806,0.003576635148380405,53452.22295403872,3.5766351483840276e-06,1071674.278990807,125342.897805991,-0.032185733
2025-03-29,1188777.8867997054,-0.006287881254762042,54164811.083522715,0.5953031780135225,54164.81108352263,0.0005953031780135262,351559.4476392861,837218.4391604194,-0.021034718
2025-03-30,1188426.2941535166,-2.795457558774307e-08,54516370.49793022,0.2957317917091606,54516.37049793014,0.0002957317917091614,0.0,1188426.2941535166,-0.0031282902
2025-03-31,1188426.2941535166,0.0,54516370.49793022,0.0,54516.37049793014,0.0,0.0,1188426.2941535166,0.0019421577
2025-04-01,1188426.2941535166,0.0,54516370.49793022,0.0,54516.37049793014,0.0,0.0,1188426.2941535166,0.03159702
2025-04-02,1177008.385361863,-0.009307586812765903,54872898.38617627,0.29999999999999744,54872.898386176195,0.0003000000000000002,345466.5073426476,831541.8780192155,-0.031025171
2025-04-03,1176662.8861790553,-2.7789244055125993e-08,55218364.86081075,0.2935123308643759,55218.36486081067,0.0002935123308643721,0.0,1176662.8861790553,0.008444428
2025-04-04,1176662.8861790553,0.0,55218364.86081075,0.0,55218.36486081067,0.0,0.0,1176662.8861790553,0.008133054
2025-04-05,1176662.8861790553,0.0,55218364.86081075,0.0,55218.36486081067,0.0,0.0,1176662.8861790553,-0.004194498
2025-04-06,1176662.8861790553,0.0,55218364.86081075,0.0,55218.36486081067,0.0,0.0,1176662.8861790553,-0.061145723
2025-04-07,1176662.8861790553,0.0,55218364.86081075,0.0,55218.36486081067,0.0,0.0,1176662.8861790553,0.0093489885
2025-04-08,1176662.8861790553,0.0,55218364.86081075,0.0,55218.36486081067,0.0,0.0,1176662.8861790553,-0.035885572
2025-04-09,1176662.8861790553,0.0,55218364.86081075,0.0,55218.36486081067,0.0,0.0,1176662.8861790553,0.08245015
2025-04-10,1176662.8861790553,0.0,55218364.86081075,0.0,55218.36486081067,0.0,0.0,1176662.8861790553,-0.036408782
2025-04-11,1176662.8861790553,0.0,55218364.86081075,0.0,55218.36486081067,0.0,0.0,1176662.8861790553,0.04794216
2025-04-12,1184150.9530298163,0.006663816636621169,55571363.72666447,0.3000000000000024,55571.363726664385,0.0003000000000000017,360839.9315703313,823311.021459485,0.022212505
2025-04-13,1167101.6586869387,-0.0140931815623251,55932203.69129255,0.3047246330417743,55932.20369129246,0.00030472463304177095,693802.1042165421,473299.55447039654,-0.017787933
2025-04-14,1173407.7036920749,0.005408700989452579,55938662.58228817,0.005534128880331069,55938.66258228808,5.5341288803312685e-06,706573.4991082952,466834.20458377973,0.009928107
2025-04-15,1160458.211655133,-0.011033653539609617,55941180.55598284,0.002145864294866975,55941.180555982755,2.1458642948662804e-06,691108.5513503733,469349.6603047596,-0.011201918
2025-04-16,1176472.677906203,0.01380458455869229,55946357.81453481,0.004461391629592528,55946.35781453473,4.461391629594183e-06,712305.4534119695,464167.2244942337,0.004619479
2025-04-17,1189719.6489186052,0.011270811272430488,55959188.32198444,0.010905911960880968,55959.18832198435,1.0905911960878346e-05,719143.4082635735,470576.2406550317,0.010918975
2025-04-18,1185634.9928548196,-0.0034286035191707976,55964767.41066102,0.004689414587420159,55964.76741066092,4.689414587410716e-06,709741.9422607864,475893.0505940331,-0.0055707097
2025-04-19,1203639.2656920757,0.01518671545167389,55966395.83943849,0.0013734655161873964,55966.39583943839,1.3734655161853834e-06,729376.27230429,474262.99338778574,0.007130146
2025-04-20,1198870.2646467357,-0.003951450064152433,55979276.43114313,0.010701372140124269,55979.27643114302,1.0701372140121803e-05,717438.0601937007,481432.204453035,0.0012016296
2025-04-21,1205340.796544036,0.005401860007922692,55984873.87112587,0.004668928863951294,55984.87387112576,4.668928863948866e-06,725798.2881253243,479542.5084187116,0.027436137
2025-04-22,1262198.6804503123,0.04718260360213898,55998106.973673135,0.010978722851833822,55998.10697367303,1.0978722851834788e-05,780065.1623937294,482133.5180565828,0.06772196
2025-04-23,1277050.3225798295,0.012084491450993648,56399494.00751323,0.3180062220449283,56399.49400751313,0.0003180062220449326,1151234.4879141434,125815.83466568601,0.00265491
2025-04-24,1276476.1210992057,-0.0004427346800528419,56408301.02215828,0.0068963724368010975,56408.30102215817,6.896372436795947e-06,1148779.6832087447,127696.43789046095,0.003088832
2025-04-25,1278040.0404741438,0.001233381723677789,56418763.96569504,0.008196740513836263,56418.763965694925,8.19674051383225e-06,1150403.104941626,127636.93553251769,0.007003665
2025-04-26,1281688.641062731,0.0028625025028533335,56428556.19171193,0.007661908631016862,56428.556191711825,7.661908631021416e-06,1153894.4292413336,127794.21182139737,-0.00011283159
2025-04-27,1268686.6696727765,-0.010134260550421523,56441560.948620975,0.010146580450505914,56441.56094862086,1.0146580450502644e-05,1140528.4845917858,128158.1850809906,-0.009285867
2025-04-28,1275271.2028535553,0.0051926952857563324,56444931.056553856,0.002656375300096555,56444.931056553745,2.656375300097794e-06,1148408.4845765252,126862.71827703026,0.013460159
2025-04-29,1267828.6820234617,-0.005831626635182576,56450546.37300539,0.004403233162459687,56450.54637300528,4.4032331624595495e-06,1140307.1770545575,127521.50496890416,-0.007939696
2025-04-30,1269791.296993383,0.0015514377287818872,56454888.6540071,0.0034249745752549915,56454.888654006994,3.4249745752590778e-06,1143015.357457402,126775.93953598102,-0.0008999109
2025-05-01,1297159.8292690685,0.021557544035822662,56459938.17956074,0.003976657869367975,56459.938179560646,3.976657869374209e-06,1170185.5373308263,126974.29193824233,0.0246135
2025-05-02,1292401.8761091665,-0.003665864126663197,56462679.65479672,0.0021134444454089067,56462.67965479662,2.1134444454089964e-06,1162688.8504101844,129713.02569898216,0.004116893
2025-05-03,1282930.2836019283,-0.007320044277353485,56473833.20478117,0.00863009423819928,56473.833204781076,8.630094238204189e-06,1153703.8349079972,129226.44869393109,-0.010638356
2025-05-04,1264171.115097095,-0.01461982889471645,56476780.479504175,0.0022972992068856367,56476.78047950408,2.2972992068814626e-06,1135881.0340116252,128290.08108546991,-0.016470492
2025-05-05,1275676.6494976357,0.009103457753591403,56479574.41856047,0.0022100956294018688,56479.57441856038,2.2100956294113996e-06,1149264.9570231156,126411.69247452015,0.0048373938
2025-05-06,1283901.6496735949,0.006452712169630449,56486148.48332807,0.005153394294853627,56486.148483327976,5.1533942948481065e-06,1156340.558788599,127561.09088499598,0.02217102
2025-05-07,1284577.0366301201,0.0005347562852462208,56497336.00360375,0.008713689462527293,56497.336003603654,8.71368946252421e-06,1156195.4522257936,128381.58440432652,0.0020290613
2025-05-08,1438479.8862622518,0.11981049649249681,56500298.912987076,0.0023065252599404097,56500.29891298698,2.3065252599415425e-06,1310025.145508623,128454.74075362869,0.064217925
2025-05-09,1485950.923013003,0.03304317658302729,56561207.055132344,0.0423420186315795,56561.20705513226,4.23420186315869e-05,1342163.8394260562,143787.08358694694,-0.002804637
2025-05-10,1552332.833635538,0.04469703712651326,56596900.00668639,0.024020276175522617,56596.9000066863,2.4020276175518934e-05,1403776.0568499616,148556.77678557628,0.017845035
2025-05-11,1524533.9650635258,-0.017879436035580818,56640932.97377993,0.02836567399686943,56640.93297377984,2.8365673996867293e-05,1369344.9049464343,155189.06011709146,-0.0065979958
2025-05-12,1517938.506971681,-0.004317522159327984,56654181.88881481,0.008690468916068528,56654.18188881472,8.69046891606994e-06,1365495.5624578674,152442.94451381356,-0.012742102
2025-05-13,1582273.083453021,0.04238945458229046,56664190.80746069,0.006593757652178623,56664.190807460596,6.593757652177243e-06,1430489.0596102118,151784.02384280923,0.012767553
2025-05-14,1548760.832619318,-0.021158696636222808,56697605.47272033,0.021118140483514392,56697.60547272024,2.111814048351568e-05,1390566.9389392757,158193.8936800424,-0.0057240725
2025-05-15,1519347.0560555237,-0.018980186058382493,56715613.27346464,0.011627231503430136,56715.61327346455,1.1627231503428858e-05,1364491.3816037322,154855.67445179154,0.0024721622
2025-05-16,1511195.7025511698,-0.005349997356644405,56738464.04409603,0.015039862380562484,56738.46404409594,1.5039862380564132e-05,1359283.6695096088,151912.03304156102,-0.0028893948
2025-05-17,1494674.2082253052,-0.010930214176814005,56742265.67799542,0.002515646314354161,56742.26567799534,2.515646314359284e-06,1343558.2649575074,151115.94326779776,-0.0032595992
2025-05-18,1533132.9273862576,0.025737601874469187,56752876.22038341,0.007098899766652509,56752.87622038333,7.098899766652821e-06,1383675.938241812,149456.9891444456,0.032267213
2025-05-19,1517808.5359576237,-0.00998327147577012,56771585.42647807,0.01220325110788405,56771.58542647799,1.2203251107883974e-05,1364513.9456312195,153294.59032640426,-0.008271277
2025-05-20,1527298.2776189228,0.006267709102792684,56795026.14229709,0.015443789689999838,56795.02614229701,1.5443789689999225e-05,1375538.2189379586,151760.0586809642,0.012088656
2025-05-21,1557561.8547472414,0.019820390167891853,56803096.77913475,0.005284257146052368,56803.09677913466,5.284257146048862e-06,1404840.094252574,152721.76049466745,0.026148796
2025-05-22,1603707.0137727929,0.029633904187624287,56814576.52346135,0.0073703296543955596,56814.57652346127,7.370329654400754e-06,1447959.4100647192,155747.60370807373,0.01871717
2025-05-23,1544680.5495973602,-0.03679703448532953,56829378.40873173,0.009229793935712348,56829.37840873165,9.229793935714309e-06,1384324.4634228165,160356.0861745437,-0.039194822
2025-05-24,1552253.8526895898,0.004909889316208056,56840285.84392456,0.007061288624158579,56840.285843924474,7.061288624152285e-06,1397799.5620205305,154454.29066905944,0.004133582
2025-05-25,1561104.9184198729,0.005705054332372329,56844912.6808699,0.0029807218305969206,56844.91268086982,2.9807218306010456e-06,1405883.97976737,155220.93865250287,0.011528015
2025-05-26,1563027.202969642,0.0012357514652254092,56851765.82140882,0.004389929503175283,56851.76582140876,4.389929503183783e-06,1406920.9111244022,156106.29184523958,0.0039503574
2025-05-27,1583480.6910871312,0.013089512559008564,56857541.90726271,0.0036954480657249134,56857.54190726265,3.695448065724876e-06,1427181.0868917522,156299.60419537887,-0.0045379996
2025-05-28,1570031.7341586591,-0.0084798989412273,56878742.599931106,0.013388665101964722,56878.74259993104,1.3388665101967148e-05,1411702.1864688755,158329.54768978368,-0.01061511
2025-05-29,1551188.205869528,-0.01170155741189962,57350454.41330036,0.3004473114182182,57350.45441330029,0.0003004473114182166,923635.7624281049,627552.443441423,-0.0203377
2025-05-30,1533029.9838616897,-0.011406497186489884,57815052.5151716,0.2995111103302976,57815.05251517154,0.00029951111033029994,447662.8378548915,1085367.1460067981,-0.015193462
2025-05-31,1532584.0894622628,1.1547123378427869e-06,58262717.12323513,0.292012950024541,58262.71712323507,0.0002920129500245404,0.0,1532584.0894622628,0.0058315992
2025-06-01,1532584.0894622628,0.0,58262717.12323513,0.0,58262.71712323507,0.0,0.0,1532584.0894622628,0.0100489855
2025-06-02,1532584.0894622628,0.0,58262717.12323513,0.0,58262.71712323507,0.0,0.0,1532584.0894622628,0.002035737
2025-06-03,1529645.09931294,-0.001617669751063449,58722492.35007381,0.29999999999999954,58722.49235007374,0.00029999999999999797,457296.0119161946,1072349.0873967453,-0.0045447946
2025-06-04,1532177.3979720892,0.0016565263496116638,58724091.10349072,0.0010451793148808625,58724.09110349065,1.0451793148808627e-06,461428.6627456705,1070748.7352264188,-0.0064533353
2025-06-05,1498037.6127181675,-0.022280716224995233,58725866.54684476,0.0011587714036183207,58725.8665468447,1.1587714036224616e-06,425515.20958105894,1072522.4031371085,-0.030451536
2025-06-06,1497613.86015588,1.177815356764037e-06,59151383.52083752,0.28404959286747855,59151.383520837466,0.0002840495928674792,0.0,1497613.86015588,0.0273844
2025-06-07,1497613.86015588,0.0,59151383.52083752,0.0,59151.383520837466,0.0,0.0,1497613.86015588,0.012117505
2025-06-08,1497613.86015588,0.0,59151383.52083752,0.0,59151.383520837466,0.0,0.0,1497613.86015588,0.0017228127
2025-06-09,1497613.86015588,0.0,59151383.52083752,0.0,59151.383520837466,0.0,0.0,1497613.86015588,0.042834163
2025-06-10,1519605.2637215487,0.015284294897871569,60049951.83693106,0.6000000000000042,60049.951836930995,0.000600000000000001,921458.2879752901,598146.9757462586,0.000103116035
2025-06-11,1493683.37174435,-0.01674330267672024,60528632.93450254,0.315003579547483,60528.63293450248,0.0003150035795474821,1342201.3586708421,151482.01307350787,-0.01477474
2025-06-12,1460150.7390402015,-0.022151033866405077,60974634.68545586,0.29859189664304014,60974.63468545579,0.0002985918966430381,863112.9767643288,597037.7622758729,-0.02736789
2025-06-13,1449185.0485954804,-0.007204092890309896,61421263.57227675,0.3058786157342028,61421.26357227668,0.0003058786157342005,427524.98217529303,1021660.0664201874,0.0037367344
2025-06-14,1448757.523613305,-2.0082894510221813e-17,61848788.55445204,0.29501062172124864,61848.788554451974,0.0002950106217212517,0.0,1448757.523613305,-0.0061466694
2025-06-15,1448757.523613305,0.0,61848788.55445204,0.0,61848.788554451974,0.0,0.0,1448757.523613305,0.0017015934
2025-06-16,1448757.523613305,0.0,61848788.55445204,0.0,61848.788554451974,0.0,0.0,1448757.523613305,0.011369228
2025-06-17,1439192.9800543513,-0.006301893969875053,62283415.81153603,0.2999999999999987,62283.41581153597,0.00030000000000000155,425497.34078212176,1013695.6392722295,-0.021006286
2025-06-18,1438767.4827135692,3.0333489872533906e-17,62708913.15231815,0.2956499556897866,62708.91315231809,0.0002956499556897884,0.0,1438767.4827135692,0.0032099485
2025-06-19,1438767.4827135692,0.0,62708913.15231815,0.0,62708.91315231809,0.0,0.0,1438767.4827135692,-0.0021755695
2025-06-20,1438767.4827135692,0.0,62708913.15231815,0.0,62708.91315231809,0.0,0.0,1438767.4827135692,-0.013000369
2025-06-21,1438767.4827135692,0.0,62708913.15231815,0.0,62708.91315231809,0.0,0.0,1438767.4827135692,-0.011403739
2025-06-22,1438767.4827135692,0.0,62708913.15231815,0.0,62708.91315231809,0.0,0.0,1438767.4827135692,-0.011321366
2025-06-23,1438767.4827135692,0.0,62708913.15231815,0.0,62708.91315231809,0.0,0.0,1438767.4827135692,0.043283463
2025-06-24,1441405.309833871,0.0021333936177976016,63140543.39713222,0.29999999999999816,63140.54339713216,0.0002999999999999998,434699.7021791867,1006705.6076546843,0.00711143
2025-06-25,1446529.243616008,0.003556398645400331,63142821.506361246,0.0015804778943757244,63142.821506361186,1.5804778943729783e-06,437547.80484152725,1008981.4387744807,0.011854649
2025-06-26,1444934.741882223,-0.0010998136846976606,63146410.58270203,0.0024811640391142068,63146.410582701974,2.48116403911473e-06,432367.81584329496,1012566.926038928,-0.0036660433
2025-06-27,1445341.1049715353,0.0002820028366837601,63147523.189423405,0.0007700048238317611,63147.523189423344,7.70004823830754e-07,433887.89826070063,1011453.2067108346,0.00093996525
2025-06-28,1446350.1992145581,0.0006983678537806662,63147808.71186051,0.00019754674942889402,63147.808711860445,1.9754674942776639e-07,434611.7555890603,1011738.4436254979,0.002327919
2025-06-29,1457658.6076605585,0.008119071168218141,63582420.46744957,0.30048860630369933,63582.420467449505,0.0003004886063036988,879553.1397303243,578105.4679302343,0.009880424
2025-06-30,1454023.8926235628,-0.002190128376278192,64024676.02488172,0.3034013280667563,64024.676024881664,0.0003034013280667613,1308700.2874149391,145323.60520862363,-0.011170745
2025-07-01,1411583.2981747936,-0.029181058206841234,64035314.62886489,0.007316663802529102,64035.31462886484,7.316663802533546e-06,1266188.689389544,145394.60878524953,-0.013676226
2025-07-02,1439382.3646250619,0.02000420013525681,64473842.98287109,0.3106641702074736,64473.842982871036,0.0003106641702074684,875198.8677057608,564183.496919301,0.029981375
2025-07-03,1445612.302350656,0.00463625385293103,64917247.29111097,0.3080517860557348,64917.24729111092,0.00030805178605574073,1302114.5916361555,143497.71071450046,0.0067540407
2025-07-04,1412082.8585515127,-0.023190917274141805,64921615.77595842,0.003021892412194706,64921.61577595838,3.0218924122015107e-06,1267528.665900404,144554.19265110858,-0.014605463
2025-07-05,1413894.7711905546,0.0012907968635515463,64932415.261809714,0.00764791229204014,64932.41526180968,7.647912292041706e-06,1272700.1267405995,141194.64444995506,0.0019806623
2025-07-06,1439317.7559972631,0.017982305794612064,64934518.592052795,0.0014876144151164574,64934.51859205276,1.4876144151162517e-06,1297930.2131401692,141387.54285709406,0.009295225
2025-07-07,1422400.3856106354,-0.011746856344859202,64944430.06437557,0.006886229452446052,64944.430064375534,6.8862294524452835e-06,1278478.5184204984,143921.86719013695,-0.00861603
2025-07-08,1445239.4537860802,0.016060278721414387,64949508.53528483,0.003570352595960546,64949.5085352848,3.570352595961978e-06,1303001.4837252432,142237.970060837,0.0060966015
2025-07-09,1495253.8569592016,0.03461377362106529,64960296.643746875,0.007464582034334587,64960.29664374684,7.46458203433644e-06,1350737.829034786,144516.02792441566,0.021216989
2025-07-10,1564895.496292464,0.046586244431045795,64976918.97724988,0.011116730062687565,64976.91897724985,1.1116730062687721e-05,1415383.8728693994,149511.62342306448,0.042936563
2025-07-11,1568100.8305429209,0.0020549366568859834,64987345.84632016,0.00666298107124716,64987.34584632013,6.662981071250025e-06,1411624.5591993488,156476.27134357215,0.013082147
2025-07-12,1558816.30394743,-0.005914299107321209,64997655.099541254,0.0065743560747463245,64997.65509954124,6.574356074755196e-06,1402019.5446149153,156796.75933251495,-0.0009160042
2025-07-13,1571354.1704446292,0.008047285782933735,65004028.883303665,0.004088861366326352,65004.028883303654,4.0888613663287044e-06,1415475.8688053729,155878.3016392564,0.0141938925
2025-07-14,1584032.4792534525,0.008072305758099868,65010171.392574735,0.003909054614550889,65010.171392574724,3.909054614551037e-06,1426903.2016067402,157129.2776467122,0.006336093
2025-07-15,1600549.2081136475,0.010429735284488656,65014481.97302548,0.0027212702436347734,65014.481973025475,2.7212702436391828e-06,1442150.4326304712,158398.77548317626,-0.017382026
2025-07-16,1668059.6261389852,0.04219708221899771,65042570.478011124,0.017549291732648173,65042.57047801112,1.7549291732647446e-05,1508032.6421867316,160026.9839522536,0.0074079037
2025-07-17,1692445.3850250281,0.014643306593194638,65082720.113250926,0.02406966430374892,65082.72011325092,2.4069664303749094e-05,1525682.499914207,166762.8851108211,0.004612088
2025-07-18,1701394.2686595507,0.005295922323777428,65096895.7750565,0.008375845939257854,65096.895775056495,8.375845939255343e-06,1532160.875844185,169233.3928153656,-0.010511339
2025-07-19,1706577.4687822517,0.0030563941231893975,65113827.09631468,0.009951438987460115,65113.827096314664,9.951438987453856e-06,1536454.9732375548,170122.49554469687,-0.00071948767
2025-07-20,1740474.6137066002,0.019868101906150758,65123137.23247282,0.005455443030536358,65123.1372324728,5.455443030534721e-06,1569823.4400452697,170651.17366133057,-0.004878521
2025-07-21,1782867.1368591364,0.024373384570283534,65151871.17462321,0.016509256684415767,65151.87117462319,1.6509256684416537e-05,1608845.5169588025,174021.6199003339,0.0009827614
2025-07-22,1819525.191874281,0.020590745330359178,65204379.33241167,0.029451525973471424,65204.379332411656,2.9451525973475636e-05,1641291.1254742136,178234.0664000673,0.021929264
2025-07-23,1753604.722915712,-0.03621283981694462,65234673.97474191,0.016649751520635924,65234.67397474189,1.664975152063068e-05,1571682.4948107416,181922.22810497036,-0.009990692
2025-07-24,1744991.8313602847,-0.004888499779991201,65275069.22800427,0.023035552273827642,65275.06922800424,2.3035552273825185e-05,1569671.7507668654,175320.08059341917,-0.0034945607
2025-07-25,1755426.370258748,0.005997042854402705,65305321.12279119,0.017336410545453197,65305.32112279117,1.7336410545453595e-05,1580954.5204697067,174471.84978904141,-0.00614053
2025-07-26,1753760.1701157696,-0.0009407052842372397,65320182.40317785,0.008465909273349918,65320.18240317782,8.465909273349786e-06,1578235.1140041994,175525.05611157027,0.002599001
2025-07-27,1789546.542757002,0.020410858695906135,65329560.780686796,0.005347582679065334,65329.56078068677,5.347582679065964e-06,1614176.9442399777,175369.5985170242,0.0126827955
2025-07-28,1757577.4773001196,-0.017857741088962494,65341367.410366654,0.006597553848288973,65341.367410366634,6.5975538482920955e-06,1578634.4819085964,178942.99539152315,-0.011332095
2025-07-29,1751652.4145419726,-0.0033653384105381086,65351587.17465892,0.0058146877871702455,65351.58717465889,5.814687787165808e-06,1575907.7309862368,175744.6835557358,-0.00094497204
2025-07-30,1742623.9720046509,-0.004851250893362697,65882324.37107296,0.3029923014451613,65882.32437107293,0.000302992301445158,1042505.2696301006,700118.7023745503,-0.0009365082
2025-07-31,1726789.7304060417,-0.008788197434793215,66402042.44910167,0.29823879757079436,66402.04244910163,0.0002982387975707904,507472.6680808146,1219317.062325227,-0.017618895
2025-08-01,1697337.665166963,-0.017049847164144812,66412606.70014267,0.006117856074179348,66412.60670014263,6.117856074179955e-06,488595.41813377466,1208742.2470331881,-0.021303236
2025-08-02,1696850.470423952,8.260449460584578e-07,66901203.520353645,0.2878607069400751,66901.2035203536,0.0002878607069400759,0.0,1696850.470423952,-0.0066336393
2025-08-03,1696850.470423952,0.0,66901203.520353645,0.0,66901.2035203536,0.0,0.0,1696850.470423952,0.014771223
2025-08-04,1696850.470423952,0.0,66901203.520353645,0.0,66901.2035203536,0.0,0.0,1696850.470423952,0.0074095726
2025-08-05,1681430.8901253208,-0.00878717684168051,67410258.66148083,0.2999999999999991,67410.2586614808,0.0003000000000000015,494144.61596968153,1187286.274155639,-0.008042097
2025-08-06,1680938.1135396718,8.144252186858451e-07,67904404.64685023,0.2938842079513416,67904.40464685019,0.0002938842079513397,0.0,1680938.1135396718,0.007557392
2025-08-07,1711512.3684522775,0.018488804612338375,68408686.08091213,0.29999999999999893,68408.6860809121,0.0003000000000000038,535359.970408569,1176152.3980437084,0.021564364
2025-08-08,1720516.5754385642,0.005573763743750423,68944044.68088517,0.31279855748700386,68944.04468088514,0.00031279855748700636,1036447.5348318373,684069.0406067269,-0.006786883
2025-08-09,1752323.6983408316,0.018789366429835322,69464338.16313837,0.30240538782405196,69464.33816313835,0.0003024053878240536,548481.4689631562,1203842.2293776753,-0.0018212199
2025-08-10,1758422.4190289236,0.0037933650161240673,70012820.88925758,0.31300308649510944,70012.82088925755,0.0003130030864951045,1058040.9195562913,700381.4994726323,0.024314761
2025-08-11,1729218.3103824623,-0.01630291793153904,70549513.14931196,0.30521236208462593,70549.51314931193,0.00030521236208462424,1553909.7146359028,175308.59574655961,-0.0050967336
2025-08-12,1780119.4503122205,0.02973453774119949,71065880.33239435,0.298613066945942,71065.88033239431,0.0002986130669459425,1088960.038666349,691159.4116458715,0.012200952
2025-08-13,1839244.0046348246,0.03353560226023335,71638703.87116612,0.32178938254469897,71638.70387116609,0.0003217893825446956,1661804.8763129455,177439.12832187896,0.026406765
2025-08-14,1768530.4408063928,-0.038439601850304754,71652460.45587517,0.007479477804131591,71652.46045587513,7.479477804129565e-06,1584619.6741663977,183910.76663999507,-0.040641308
2025-08-15,1733113.077127663,-0.020022444851632938,71659520.91512494,0.0039922746517980995,71659.5209151249,3.992274651800732e-06,1556269.8301966933,176843.24693096976,-0.008056521
2025-08-16,1742083.8965637535,0.005185498824971152,71675757.30402203,0.009368337883642407,71675.757304022,9.368337883648251e-06,1568791.5839108906,173292.31265286283,0.00032901764
2025-08-17,1751958.2241427004,0.0056770109846299936,71691259.14201455,0.008898445145550334,71691.2591420145,8.898445145540642e-06,1577762.4238285967,174195.80031410378,0.00020742416
2025-08-18,1705800.1453940282,-0.02634273336336762,71697969.52833663,0.0038302205096041805,71697.96952833657,3.830220509597336e-06,1530608.1630982168,175191.9822958115,-0.010033309
2025-08-19,1658300.9623772004,-0.027532924065616256,72231486.67091349,0.3127665008221814,72231.48667091342,0.0003127665008221761,976514.4213621661,681786.5410150344,-0.028858244
2025-08-20,1689600.8927673292,0.019180349064368458,72738347.59295747,0.30565074346781185,72738.3475929574,0.00030565074346781414,529297.9113925128,1160302.9813748165,0.012388349
2025-08-21,1655454.2715188256,-0.019896606045260022,73267645.50434998,0.31326801119617914,73267.64550434992,0.00031326801119617936,980143.2123232863,675311.0591955392,-0.015500307
2025-08-22,1782953.4360214465,0.07702555440455029,73280764.0568475,0.00792444268816027,73280.76405684745,7.924442688165614e-06,1120774.047875936,662179.3881455106,0.039431095
2025-08-23,1778769.7045262093,-0.0020179121930385784,73866652.07391702,0.32860533832947003,73866.65207391695,0.0003286053383294623,1601060.248941134,177709.4555850753,-0.012809932
2025-08-24,1783232.194823231,0.0028141288701774756,74409848.95579946,0.3053778577970155,74409.8489557994,0.0003053778577970208,1072256.8262220072,710975.368601224,-0.016844153
2025-08-25,1689243.2693685042,-0.0527044719443332,74414463.2282337,0.0025875892369092318,74414.46322823362,2.587589236901463e-06,975944.5396803581,713298.7296881462,-0.029795647
2025-08-26,1738642.8482771106,0.029265880213198137,74452075.4919171,0.02226574725230027,74452.07549191703,2.226574725229779e-05,1062993.9945360562,675648.8537410543,0.014996052
2025-08-27,1746856.6475778646,0.004735645835223814,74471872.9545483,0.011386733423033871,74471.87295454822,1.1386733423031462e-05,1051430.1286682412,695426.5189096234,-0.004484594
2025-08-28,1776993.9851655497,0.017269244244626593,74501429.47423494,0.0169198312452378,74501.42947423487,1.6919831245244998e-05,1078280.8826540904,698713.1025114593,0.011728048
2025-08-29,1735872.2174582246,-0.023124808848059383,74530550.95045538,0.016388055594758137,74530.55095045532,1.6388055594760037e-05,1025104.1991015022,710768.0183567224,-0.037217855
2025-08-30,1729302.181810693,-0.0034817612149426803,75056694.03714451,0.30310012534191133,75056.69403714447,0.00030310012534192087,514700.37942364835,1214601.8023870445,0.0040500164
2025-08-31,1723974.5319518035,-0.003078443802225319,75060784.31226407,0.002365274943026551,75060.78431226402,2.365274943023993e-06,513467.094959438,1210507.4369923654,-0.0052379966
2025-09-01,1715463.5366503496,-0.004934684288634023,75064509.57689017,0.0021608582708487513,75064.50957689012,2.1608582708507095e-06,508685.08954871324,1206778.4471016363,0.00915575
2025-09-02,1747615.967414855,0.01874617795651019,75070463.54833657,0.0034707653757658826,75070.46354833651,3.4707653757629642e-06,546797.4457310566,1200818.5216837984,0.018332362
2025-09-03,1750393.3720121253,0.0016021248706814591,75092957.95686163,0.012871482605151082,75092.95795686159,1.2871482605157278e-05,527102.9362117823,1223290.435800343,0.004186511
2025-09-04,1710771.5687724613,-0.022334808237140343,75620060.89307341,0.3011339877309181,75620.06089307337,0.0003011339877309207,1011141.322903823,699630.2458686384,-0.008726895
2025-09-05,1712894.7204712334,0.0015428097975053183,76136304.331897,0.30176059051181126,76136.30433189697,0.00030176059051181364,515870.0188551643,1197024.701616069,-0.0006400943
2025-09-06,1704807.0367667205,-0.004720467789286037,76138323.68198733,0.0011789108029764588,76138.3236819873,1.1789108029771385e-06,505765.0044104223,1199042.032356298,-0.004265547
2025-09-07,1720617.025430425,0.009277089870775631,76143983.1106983,0.003319688732456656,76143.98311069826,3.319688732453515e-06,527240.0812138034,1193376.9442166216,0.008615971
2025-09-08,1740017.6180518642,0.011281794442413961,76155038.08428298,0.006425005344763613,76155.03808428293,6.4250053447582675e-06,535596.7552241517,1204420.8628277127,0.008348942
2025-09-09,1744623.1469987608,0.0029546400270801586,76690634.83950713,0.30781111045519827,76690.6348395071,0.0003078111104552042,1049151.696533239,695471.4504655218,-0.004629791
2025-09-10,1772467.7463146567,0.015965968592646654,76700633.89459778,0.00573135528314644,76700.63389459775,5.731355283146707e-06,1074618.7543882797,697848.9919263769,0.021637678
2025-09-11,1790620.0145595213,0.01024751888533306,76711762.3537363,0.006278511505583716,76711.76235373627,6.2785115055874595e-06,1081653.691953758,708966.3226057632,0.013361573
2025-09-12,1854727.3077752844,0.03610579596880737,77256230.0413222,0.30406657088541483,77256.23004132217,0.00030406657088541216,1676209.7740069185,178517.53376836586,0.004734397
2025-09-13,1849225.4809942753,-0.002944634250921513,77296563.26573674,0.02174617489345179,77296.56326573671,2.1746174893451726e-05,1663793.0907093775,185432.39028489788,-0.00095778704
2025-09-14,1832734.193540883,-0.008914177260185329,77303526.98749459,0.0037657504881989283,77303.52698749455,3.7657504881977953e-06,1647818.4880837176,184915.70545716546,-0.0056098104
2025-09-15,1810978.0577932824,-0.011867954161108982,77308857.33665493,0.002908413658199423,77308.8573366549,2.9084136581996132e-06,1627712.378267332,183265.67952595043,0.00070881844
2025-09-16,1821188.8549446415,0.005647096364909608,77324827.7923914,0.008818690910001176,77324.82779239137,8.818690910002075e-06,1640104.724105069,181084.13083957258,0.012477279
2025-09-17,1848579.8782174683,0.015047073048776954,77337366.25553507,0.006884768215893101,77337.36625553505,6.884768215900708e-06,1666473.4139011852,182106.46431628306,-0.0029229522
2025-09-18,1857216.8526591964,0.004684328083041407,77359746.45108631,0.012106696505225934,77359.7464510863,1.2106696505233743e-05,1672381.1169187287,184835.73574046773,0.005375266
2025-09-19,1815697.5730646057,-0.022352002860299546,77366509.64284207,0.003641573543807271,77366.50964284208,3.6415735438164227e-06,1629982.6509904414,185714.92207416415,-0.01230979
2025-09-20,1819544.5554242062,0.00212718354010319,77381849.27446993,0.008448340657286254,77381.84927446993,8.44834065728324e-06,1637990.1340313242,181554.42139288204,0.0004605055
2025-09-21,1805516.808276334,-0.007708270376688387,77384055.02670099,0.0012122551352127854,77384.055026701,1.212255135214321e-06,1623564.6775265303,181952.1307498037,-0.003918767
2025-09-22,1756644.5763002026,-0.026765332197289406,77931029.84152666,0.3029463986811883,77931.02984152667,0.0003029463986811926,1034984.3518932932,721660.2244069094,-0.022400796
2025-09-23,1755632.4923756882,1.3049509866041377e-05,78966037.11677068,0.5891956114559792,78966.0371167707,0.0005891956114559818,0.0,1755632.4923756882,-0.0057895184
2025-09-24,1755632.4923756882,0.0,78966037.11677068,0.0,78966.0371167707,0.0,0.0,1755632.4923756882,0.011680484
2025-09-25,1755632.4923756882,0.0,78966037.11677068,0.0,78966.0371167707,0.0,0.0,1755632.4923756882,-0.038060367
2025-09-26,1755632.4923756882,0.0,78966037.11677068,0.0,78966.0371167707,0.0,0.0,1755632.4923756882,0.0059541464
2025-09-27,1755632.4923756882,0.0,78966037.11677068,0.0,78966.0371167707,0.0,0.0,1755632.4923756882,-6.937981e-05
2025-09-28,1755632.4923756882,0.0,78966037.11677068,0.0,78966.0371167707,0.0,0.0,1755632.4923756882,0.02305913
2025-09-29,1755632.4923756882,0.0,78966037.11677068,0.0,78966.0371167707,0.0,0.0,1755632.4923756882,0.019150615
2025-09-30,1753893.856241419,-0.0006903189544620999,79492726.86448339,0.2999999999999972,79492.72686448341,0.00029999999999999965,525477.8013261501,1228416.054915269,-0.0023009777
2025-10-01,1753368.4144000097,2.0523427130211445e-08,80018204.70180544,0.29960640745281547,80018.20470180547,0.00029960640745281845,0.0,1753368.4144000097,0.039860606
2025-10-02,1777387.5466286617,0.014298850755715938,81070225.75044546,0.600000000000004,81070.22575044549,0.0006000000000000066,1077092.2019172977,700295.344711364,0.016310692
2025-10-03,1783451.4047898008,0.003717666477185166,81614101.68837416,0.30599738304700463,81614.10168837418,0.0003059973830469971,1606256.5260648634,177194.87872493744,0.01412642
2025-10-04,1769641.2635986246,-0.007735965947566297,81627523.54295713,0.0075257753291838566,81627.52354295715,7.525775329183334e-06,1591309.335537286,178331.92806133867,0.0013008118
2025-10-05,1779207.2991775123,0.005413112943177394,81640755.99283598,0.007477475887936695,81640.75599283598,7.477475887925446e-06,1602256.2871194086,176951.0120581037,0.008916616
2025-10-06,1813202.818994071,0.019109053020398527,81644202.79054031,0.0019372659419267804,81644.20279054032,1.9372659419349593e-06,1635285.5324852127,177917.2865088584,0.009525418
2025-10-07,1742248.8398744576,-0.03912284364174043,81660531.53188582,0.009005468761938473,81660.53153188583,9.005468761939051e-06,1560944.7654767018,181304.07439775584,-0.026677549
2025-10-08,1759412.555211395,0.01015449053855789,82188465.555267,0.30301872574025085,82188.46555526702,0.000303018725740247,1063031.580278998,696380.9749323971,0.016261458
2025-10-09,1714790.3796772133,-0.025057777134943005,82723673.39254104,0.3041968955426285,82723.67339254104,0.0003041968955426238,1539384.3286278562,175406.05104935705,-0.013329446
2025-10-10,1538110.9795148608,-0.10302295437663976,82740302.5039072,0.009697460146293727,82740.30250390721,9.697460146296172e-06,1366648.5673142863,171462.4122005746,-0.07305378
2025-10-11,1536744.2979462184,-2.1477229466427257e-08,84106951.03818713,0.8885240093084736,84106.95103818714,0.0008885240093084737,0.0,1536744.2979462184,-0.018888175
2025-10-12,1536744.2979462184,0.0,84106951.03818713,0.0,84106.95103818714,0.0,0.0,1536744.2979462184,0.03899336
2025-10-13,1536744.2979462184,0.0,84106951.03818713,0.0,84106.95103818714,0.0,0.0,1536744.2979462184,0.0018024445
2025-10-14,1536744.2979462184,0.0,84106951.03818713,0.0,84106.95103818714,0.0,0.0,1536744.2979462184,-0.01856327
2025-10-15,1536744.2979462184,0.0,84106951.03818713,0.0,84106.95103818714,0.0,0.0,1536744.2979462184,-0.020038009
2025-10-16,1536744.2979462184,0.0,84106951.03818713,0.0,84106.95103818714,0.0,0.0,1536744.2979462184,-0.023193598
2025-10-17,1536744.2979462184,0.0,84106951.03818713,0.0,84106.95103818714,0.0,0.0,1536744.2979462184,-0.016291082
2025-10-18,1536744.2979462184,0.0,84106951.03818713,0.0,84106.95103818714,0.0,0.0,1536744.2979462184,0.0070780516
2025-10-19,1536744.2979462184,0.0,84106951.03818713,0.0,84106.95103818714,0.0,0.0,1536744.2979462184,0.013600588
2025-10-20,1536744.2979462184,0.0,84106951.03818713,0.0,84106.95103818714,0.0,0.0,1536744.2979462184,0.017390132
2025-10-21,1536744.2979462184,0.0,84106951.03818713,0.0,84106.95103818714,0.0,0.0,1536744.2979462184,-0.020215154
2025-10-22,1536744.2979462184,0.0,84106951.03818713,0.0,84106.95103818714,0.0,0.0,1536744.2979462184,-0.006742835
2025-10-23,1536744.2979462184,0.0,84106951.03818713,0.0,84106.95103818714,0.0,0.0,1536744.2979462184,0.02334106
2025-10-24,1536744.2979462184,0.0,84106951.03818713,0.0,84106.95103818714,0.0,0.0,1536744.2979462184,0.008418679
2025-10-25,1536744.2979462184,0.0,84106951.03818713,0.0,84106.95103818714,0.0,0.0,1536744.2979462184,0.005777955
2025-10-26,1536744.2979462184,0.0,84106951.03818713,0.0,84106.95103818714,0.0,0.0,1536744.2979462184,0.02609241
2025-10-27,1526230.6580757308,-0.005941502444185776,85490020.9063387,0.8999999999999861,85490.02090633874,0.0009000000000000073,1373939.2981492602,152291.3599264705,-0.0039433837
2025-10-28,1495227.8322037766,-0.020311669868470616,85492553.50832002,0.0016593835066222146,85492.55350832005,1.6593835066191635e-06,1342604.8782978337,152622.95390594282,-0.010596991
2025-10-29,1482723.3276051441,-0.008063428094332213,85940395.9973331,0.2995145484638369,85940.39599733312,0.000299514548463833,885071.2812695701,597652.0463355739,-0.025484502
2025-10-30,1461199.4747632162,-0.014219498662500945,86380666.46552068,0.2969336625321049,86380.66646552073,0.00029693366253211856,423717.23070823564,1037482.2440549806,-0.015437067
2025-10-31,1460775.757532508,8.962995081593811e-17,86804383.69622892,0.28997904668485036,86804.38369622896,0.0002899790466848469,0.0,1460775.757532508,0.011863828
2025-11-01,1460775.757532508,0.0,86804383.69622892,0.0,86804.38369622896,0.0,0.0,1460775.757532508,0.004471302
2025-11-02,1460775.757532508,0.0,86804383.69622892,0.0,86804.38369622896,0.0,0.0,1460775.757532508,0.0040198565
2025-11-03,1444647.6362445233,-0.010740791993445896,87242616.42348868,0.3000000000000019,87242.61642348871,0.0002999999999999961,422542.83869902743,1022104.7975454959,-0.035802543
2025-11-04,1444225.1243470963,2.1439307046256952e-08,87665159.29315995,0.29248853427656873,87665.15929315999,0.0002924885342765734,0.0,1444225.1243470963,-0.047716975
2025-11-05,1444225.1243470963,0.0,87665159.29315995,0.0,87665.15929315999,0.0,0.0,1444225.1243470963,0.023527145
2025-11-06,1444225.1243470963,0.0,87665159.29315995,0.0,87665.15929315999,0.0,0.0,1444225.1243470963,-0.0244416
2025-11-07,1444225.1243470963,0.0,87665159.29315995,0.0,87665.15929315999,0.0,0.0,1444225.1243470963,0.019665718
2025-11-08,1444225.1243470963,0.0,87665159.29315995,0.0,87665.15929315999,0.0,0.0,1444225.1243470963,-0.009929836
2025-11-09,1444225.1243470963,0.0,87665159.29315995,0.0,87665.15929315999,0.0,0.0,1444225.1243470963,0.023555398
2025-11-10,1444225.1243470963,0.0,87665159.29315995,0.0,87665.15929315999,0.0,0.0,1444225.1243470963,0.01230073
2025-11-11,1444225.1243470963,0.0,87665159.29315995,0.0,87665.15929315999,0.0,0.0,1444225.1243470963,-0.027847469
2025-11-12,1444225.1243470963,0.0,87665159.29315995,0.0,87665.15929315999,0.0,0.0,1444225.1243470963,-0.013629317
2025-11-13,1444225.1243470963,0.0,87665159.29315995,0.0,87665.15929315999,0.0,0.0,1444225.1243470963,-0.019304097
2025-11-14,1444225.1243470963,0.0,87665159.29315995,0.0,87665.15929315999,0.0,0.0,1444225.1243470963,-0.051137745
2025-11-15,1444225.1243470963,0.0,87665159.29315995,0.0,87665.15929315999,0.0,0.0,1444225.1243470963,0.010595202
2025-11-16,1444225.1243470963,0.0,87665159.29315995,0.0,87665.15929315999,0.0,0.0,1444225.1243470963,-0.0139629245
2025-11-17,1444225.1243470963,0.0,87665159.29315995,0.0,87665.15929315999,0.0,0.0,1444225.1243470963,-0.021708727
2025-11-18,1444225.1243470963,0.0,87665159.29315995,0.0,87665.15929315999,0.0,0.0,1444225.1243470963,0.008086443
2025-11-19,1444225.1243470963,0.0,87665159.29315995,0.0,87665.15929315999,0.0,0.0,1444225.1243470963,-0.015123248
2025-11-20,1444225.1243470963,0.0,87665159.29315995,0.0,87665.15929315999,0.0,0.0,1444225.1243470963,-0.05371344
2025-11-21,1444225.1243470963,0.0,87665159.29315995,0.0,87665.15929315999,0.0,0.0,1444225.1243470963,-0.017403543
2025-11-22,1444225.1243470963,0.0,87665159.29315995,0.0,87665.15929315999,0.0,0.0,1444225.1243470963,-0.004577577
2025-11-23,1444225.1243470963,0.0,87665159.29315995,0.0,87665.15929315999,0.0,0.0,1444225.1243470963,0.024666786
2025-11-24,1444225.1243470963,0.0,87665159.29315995,0.0,87665.15929315999,0.0,0.0,1444225.1243470963,0.016929746
2025-11-25,1444225.1243470963,0.0,87665159.29315995,0.0,87665.15929315999,0.0,0.0,1444225.1243470963,-0.010532796
2025-11-26,1444225.1243470963,0.0,87665159.29315995,0.0,87665.15929315999,0.0,0.0,1444225.1243470963,0.035642266
2025-11-27,1444225.1243470963,0.0,87665159.29315995,0.0,87665.15929315999,0.0,0.0,1444225.1243470963,0.009393096
2025-11-28,1444225.1243470963,0.0,87665159.29315995,0.0,87665.15929315999,0.0,0.0,1444225.1243470963,-0.00485307
2025-11-29,1444225.1243470963,0.0,87665159.29315995,0.0,87665.15929315999,0.0,0.0,1444225.1243470963,-0.0009711385
2025-11-30,1444225.1243470963,0.0,87665159.29315995,0.0,87665.15929315999,0.0,0.0,1444225.1243470963,-0.004872501
2025-12-01,1444225.1243470963,0.0,87665159.29315995,0.0,87665.15929315999,0.0,0.0,1444225.1243470963,-0.045086265
2025-12-02,1444225.1243470963,0.0,87665159.29315995,0.0,87665.15929315999,0.0,0.0,1444225.1243470963,0.057852626
2025-12-03,1499694.666182702,0.03930782222971106,88964961.90507235,0.9000000000000089,88964.96190507237,0.000899999999999997,1356571.9563599045,143122.70982279733,0.023577094
2025-12-04,1467787.9035225206,-0.021262369127832508,88984662.99383557,0.01313673323475166,88984.66299383559,1.3136733234750575e-05,1317837.7072640588,149950.1962584618,-0.014469564
2025-12-05,1420847.412306523,-0.03197165273273544,88997549.07310136,0.008779251576377692,88997.54907310139,8.779251576381818e-06,1274081.5080335368,146765.90427298614,-0.029844522
2025-12-06,1422292.8963245903,0.0016162762532866862,89848546.98708889,0.5989368785252391,89848.54698708889,0.0005989368785252212,428551.69033791963,993741.2059866706,-0.0010438561
2025-12-07,1425351.3885038379,0.002151705888847851,89850410.80852944,0.001310434331328018,89850.41080852943,1.3104343313200786e-06,429748.2248980654,995603.1636057725,0.012982607
2025-12-08,1435039.4164242148,0.0070984443785064065,90280160.43927382,0.30150434076153115,90280.16043927382,0.00030150434076153934,865328.0483148948,569711.3681093199,0.0026443005
2025-12-09,1471459.5263965542,0.025384644169494857,90288015.42206272,0.0054737052508831395,90288.01542206272,5.473705250874297e-06,897451.6000271635,574007.9263693907,0.02255714
2025-12-10,1463497.6731460998,-0.005099297365762558,90746458.98573697,0.3115570326265923,90746.45898573696,0.0003115570326265927,1316810.1566482666,146687.51649783313,-0.0071583986
2025-12-11,1454892.6967056328,-0.005875129611886158,90753196.90977676,0.00460398684837769,90753.19690977676,4.6039868483807125e-06,1308549.6598727284,146343.03683290433,0.00541234
2025-12-12,1410473.4663220798,-0.030519315852948647,90770097.55042242,0.011616417268381203,90770.0975504224,1.1616417268376722e-05,1265001.229500221,145472.23682185877,-0.024266362
2025-12-13,1413734.012961757,0.0029188230753966187,91626473.4114808,0.6071548891248918,91626.47341148081,0.0006071548891249062,427236.5511885153,986497.4617732416,-0.00031477213
2025-12-14,1406767.1825367059,-0.004925759735498015,91629589.75878079,0.0022043377830772604,91629.5897587808,2.2043377830755314e-06,417156.4898107759,989610.6927259299,-0.022914827
2025-12-15,1406348.6643811357,-9.689085763967559e-07,92046744.88556278,0.29653458792645715,92046.74488556279,0.0002965345879264596,0.0,1406348.6643811357,-0.019735157
2025-12-16,1406348.6643811357,0.0,92046744.88556278,0.0,92046.74488556279,0.0,0.0,1406348.6643811357,0.016560316
2025-12-17,1406348.6643811357,0.0,92046744.88556278,0.0,92046.74488556279,0.0,0.0,1406348.6643811357,-0.018440008
2025-12-18,1406348.6643811357,0.0,92046744.88556278,0.0,92046.74488556279,0.0,0.0,1406348.6643811357,-0.008427501
2025-12-19,1406348.6643811357,0.0,92046744.88556278,0.0,92046.74488556279,0.0,0.0,1406348.6643811357,0.030643582
2025-12-20,1406348.6643811357,0.0,92046744.88556278,0.0,92046.74488556279,0.0,0.0,1406348.6643811357,0.0025410652
2025-12-21,1406348.6643811357,0.0,92046744.88556278,0.0,92046.74488556279,0.0,0.0,1406348.6643811357,0.0033720732
2025-12-22,1406348.6643811357,0.0,92046744.88556278,0.0,92046.74488556279,0.0,0.0,1406348.6643811357,-0.00042939186
2025-12-23,1406348.6643811357,0.0,92046744.88556278,0.0,92046.74488556279,0.0,0.0,1406348.6643811357,-0.012804985
2025-12-24,1406348.6643811357,0.0,92046744.88556278,0.0,92046.74488556279,0.0,0.0,1406348.6643811357,0.0020968914
2025-12-25,1406348.6643811357,0.0,92046744.88556278,0.0,92046.74488556279,0.0,0.0,1406348.6643811357,-0.005066514
2025-12-26,1406348.6643811357,0.0,92046744.88556278,0.0,92046.74488556279,0.0,0.0,1406348.6643811357,0.0016542673
2025-12-27,1406348.6643811357,0.0,92046744.88556278,0.0,92046.74488556279,0.0,0.0,1406348.6643811357,0.005807996
2025-12-28,1406348.6643811357,0.0,92046744.88556278,0.0,92046.74488556279,0.0,0.0,1406348.6643811357,0.00086152554
2025-12-29,1406348.6643811357,0.0,92046744.88556278,0.0,92046.74488556279,0.0,0.0,1406348.6643811357,-0.008135915
2025-12-30,1406348.6643811357,0.0,92046744.88556278,0.0,92046.74488556279,0.0,0.0,1406348.6643811357,0.014310002
2025-12-31,1401934.5485122388,-0.002838706624249102,92468649.48487712,0.30000000000000443,92468.64948487713,0.00029999999999999753,417912.388044758,984022.1604674808,-0.009462297
2026-01-01,1405701.4403190743,0.00328502105600839,93307142.1890499,0.5980968976494663,93307.1421890499,0.0005980968976494689,425185.77514003444,980515.6651790398,0.013586402
2026-01-02,1445241.3543639905,0.028730716988512633,94154038.39628565,0.6024723194731308,94154.03839628564,0.0006024723194731205,1305518.1065393188,139723.24782467162,0.013013363
2026-01-03,1452042.4718039143,0.004717996952617787,94171565.26204836,0.012127293278584354,94171.56526204835,1.2127293278578475e-05,1307539.0400975607,144503.43170635353,0.007032275
2026-01-04,1461272.2807994254,0.006359422610761833,94175907.99351352,0.002990774408799314,94175.90799351351,2.9907744088011582e-06,1316072.3763504992,145199.90444892627,0.009949684
2026-01-05,1495977.4579629118,0.023751480088908213,94178110.3119082,0.0015071239108641805,94178.11031190818,1.5071239108622684e-06,1349852.2852529958,146125.17270991593,0.02545607
2026-01-06,1515787.531583576,0.013244550818636184,94181586.15676798,0.0023234607187945034,94181.58615676795,2.323460718789445e-06,1366189.9898587433,149597.54172483282,-0.0011905432
2026-01-07,1471420.8264805516,-0.029259898836679843,94196501.42775626,0.009839948328842127,94196.50142775624,9.839948328845737e-06,1319857.127893254,151563.69858729764,-0.025427878
2026-01-08,1467898.0364466624,-0.0023887626898706138,94204416.29025018,0.005379061075850526,94204.41629025016,5.3790610758466495e-06,1320763.8686611012,147134.16778556118,-0.002891302
2026-01-09,1455440.3178986383,-0.008476368719540859,94219689.83866233,0.010405047239600394,94219.68983866229,1.0405047239595319e-05,1308665.6445842958,146774.67331434254,-0.0050352216
2026-01-10,1454121.0939998468,-0.0009018662428959943,94226301.24619119,0.0045425480162648605,94226.30124619117,4.5425480162761385e-06,1308586.8581987629,145534.235801084,-0.0015068054
2026-01-11,1474160.2493652424,0.01378124499096763,94226744.92374136,0.00030511733307328807,94226.74492374134,3.0511733307352827e-07,1328745.3691024338,145414.8802628087,0.00562346
2026-01-12,1470080.5286265386,-0.0027602442803727426,94237423.26578194,0.0072436779143797096,94237.42326578192,7.24367791438042e-06,1322678.246266993,147402.28235954564,0.0031045675
2026-01-13,1542668.2776431104,0.04938051980199468,94243014.90357974,0.00380362686867693,94243.01490357972,3.803626868674554e-06,1395668.9805384155,146999.29710469485,0.04510367
2026-01-14,1557914.8970000828,0.009892801184863227,94257706.11152603,0.00952324498999282,94257.706111526,9.523244989987991e-06,1403659.4505455946,154255.44645448824,0.016116977
2026-01-15,1532701.8717472628,-0.016181110700913597,94261937.95338528,0.0027163498259115985,94261.93795338525,2.716349825909282e-06,1376911.435245834,155790.4365014287,-0.013893366
2026-01-16,1537367.5788819445,0.00305042953654844,94271629.87900445,0.006323425186478949,94271.62987900442,6.323425186482747e-06,1384103.7475548766,153263.83132706792,-0.0005633831
2026-01-17,1533683.1283217662,-0.0023882680521939903,94284434.56606025,0.008328969097363581,94284.43456606023,8.328969097367746e-06,1379955.948044081,153727.18027768508,-0.004219353
2026-01-18,1504130.8404744137,-0.019264556353552873,94290997.35936476,0.004279106409483167,94290.99735936474,4.279106409483243e-06,1350765.909161431,153364.9313129827,-0.01549834
2026-01-19,1471612.8746130755,-0.021607926492671015,94307814.58437234,0.01118069289921245,94307.81458437233,1.118069289921841e-05,1321216.4686710353,150396.40594204026,-0.011125267
2026-01-20,1416576.6022132086,-0.03709642056849816,94752516.8735761,0.3021870064304015,94752.51687357608,0.0003021870064303922,828375.6195588041,588200.9826544045,-0.045377314
2026-01-21,1415748.22659365,1.335437121248572e-16,95580892.4931349,0.5847729083373056,95580.89249313489,0.0005847729083373128,0.0,1415748.22659365,0.0116147995
2026-01-22,1415748.22659365,0.0,95580892.4931349,0.0,95580.89249313489,0.0,0.0,1415748.22659365,0.0011731386
2026-01-23,1415748.22659365,0.0,95580892.4931349,0.0,95580.89249313489,0.0,0.0,1415748.22659365,0.0004531145
2026-01-24,1415748.22659365,0.0,95580892.4931349,0.0,95580.89249313489,0.0,0.0,1415748.22659365,-0.0041843057
2026-01-25,1415748.22659365,0.0,95580892.4931349,0.0,95580.89249313489,0.0,0.0,1415748.22659365,-0.028635204
2026-01-26,1415748.22659365,0.0,95580892.4931349,0.0,95580.89249313489,0.0,0.0,1415748.22659365,0.01934588
2026-01-27,1415748.22659365,0.0,95580892.4931349,0.0,95580.89249313489,0.0,0.0,1415748.22659365,0.01022017
2026-01-28,1415748.22659365,0.0,95580892.4931349,0.0,95580.89249313489,0.0,0.0,1415748.22659365,0.00056016445
2026-01-29,1415748.22659365,0.0,95580892.4931349,0.0,95580.89249313489,0.0,0.0,1415748.22659365,-0.052069843
2026-01-30,1415748.22659365,0.0,95580892.4931349,0.0,95580.89249313489,0.0,0.0,1415748.22659365,-0.004603207
2026-01-31,1415748.22659365,0.0,95580892.4931349,0.0,95580.89249313489,0.0,0.0,1415748.22659365,-0.065504014
2026-02-01,1415748.22659365,0.0,95580892.4931349,0.0,95580.89249313489,0.0,0.0,1415748.22659365,-0.022515357
2026-02-02,1415748.22659365,0.0,95580892.4931349,0.0,95580.89249313489,0.0,0.0,1415748.22659365,0.02300167
2026-02-03,1415748.22659365,0.0,95580892.4931349,0.0,95580.89249313489,0.0,0.0,1415748.22659365,-0.0376994
2026-02-04,1415748.22659365,0.0,95580892.4931349,0.0,95580.89249313489,0.0,0.0,1415748.22659365,-0.03437209
2026-02-05,1415748.22659365,0.0,95580892.4931349,0.0,95580.89249313489,0.0,0.0,1415748.22659365,-0.14017433
2026-02-06,1415748.22659365,0.0,95580892.4931349,0.0,95580.89249313489,0.0,0.0,1415748.22659365,0.121926785
2026-02-07,1415748.22659365,0.0,95580892.4931349,0.0,95580.89249313489,0.0,0.0,1415748.22659365,-0.018289447
2026-02-08,1415748.22659365,0.0,95580892.4931349,0.0,95580.89249313489,0.0,0.0,1415748.22659365,0.015023947
2026-02-09,1415748.22659365,0.0,95580892.4931349,0.0,95580.89249313489,0.0,0.0,1415748.22659365,-0.002735436
2026-02-10,1415748.22659365,0.0,95580892.4931349,0.0,95580.89249313489,0.0,0.0,1415748.22659365,-0.01848799
2026-02-11,1415748.22659365,0.0,95580892.4931349,0.0,95580.89249313489,0.0,0.0,1415748.22659365,-0.0255481
2026-02-12,1415748.22659365,0.0,95580892.4931349,0.0,95580.89249313489,0.0,0.0,1415748.22659365,-0.012079895
2026-02-13,1415748.22659365,0.0,95580892.4931349,0.0,95580.89249313489,0.0,0.0,1415748.22659365,0.038957357
2026-02-14,1415748.22659365,0.0,95580892.4931349,0.0,95580.89249313489,0.0,0.0,1415748.22659365,0.0140731335
2026-02-15,1415748.22659365,0.0,95580892.4931349,0.0,95580.89249313489,0.0,0.0,1415748.22659365,-0.014184117
2026-02-16,1415748.22659365,0.0,95580892.4931349,0.0,95580.89249313489,0.0,0.0,1415748.22659365,0.00086951256
2026-02-17,1415748.22659365,0.0,95580892.4931349,0.0,95580.89249313489,0.0,0.0,1415748.22659365,-0.020160496
2026-02-18,1415748.22659365,0.0,95580892.4931349,0.0,95580.89249313489,0.0,0.0,1415748.22659365,-0.015443981
2026-02-19,1415748.22659365,0.0,95580892.4931349,0.0,95580.89249313489,0.0,0.0,1415748.22659365,0.008166075
2026-02-20,1415748.22659365,0.0,95580892.4931349,0.0,95580.89249313489,0.0,0.0,1415748.22659365,0.015167475
2026-02-21,1415748.22659365,0.0,95580892.4931349,0.0,95580.89249313489,0.0,0.0,1415748.22659365,-0.0006480217
2026-02-22,1415748.22659365,0.0,95580892.4931349,0.0,95580.89249313489,0.0,0.0,1415748.22659365,-0.0048918724
2026-02-23,1415748.22659365,0.0,95580892.4931349,0.0,95580.89249313489,0.0,0.0,1415748.22659365,-0.044163644
2026-02-24,1415748.22659365,0.0,95580892.4931349,0.0,95580.89249313489,0.0,0.0,1415748.22659365,-0.009246945
2026-02-25,1415748.22659365,0.0,95580892.4931349,0.0,95580.89249313489,0.0,0.0,1415748.22659365,0.061348796
2026-02-26,1398424.5366780863,-0.011636420000500513,96430341.42909108,0.599999999999993,96430.34142909109,0.0006000000000000067,832974.6949765825,565449.8417015037,-0.0073962808
2026-02-27,1358348.9581904728,-0.028653314790776655,96436421.45612134,0.004347769129324836,96436.42145612136,4.347769129333577e-06,798985.2235462684,559363.7346442044,-0.023902714
2026-02-28,1357501.17802491,-3.5958201688820135e-05,97235357.83588181,0.5881672562437701,97235.35783588182,0.0005881672562437599,0.0,1357501.17802491,0.0167166
2026-03-01,1353472.851553175,-0.0026674570725573987,97642608.18928929,0.29999999999999954,97642.6081892893,0.0003000000000000041,403629.2772891454,949843.5742640295,-0.017869651
2026-03-02,1368234.1117243774,0.010907968289505847,97644986.9635359,0.0017575337723903322,97644.9869635359,1.7575337723831073e-06,420771.6904812077,947462.4212431697,0.046423793
2026-03-03,1357014.5735528062,-0.0075924383187706826,98476292.03620179,0.6075751697333406,98476.29203620179,0.0006075751697333398,1221017.6098632375,135996.96368956869,-0.0071489215
2026-03-04,1430618.4875736039,0.05424770378188331,98487302.62919542,0.008113835479898402,98487.30262919542,8.113835479893512e-06,1294923.0951937633,135695.39237984066,0.063343525
2026-03-05,1399307.5891278058,-0.02187563511836557,98502513.04724535,0.010632057520610621,98502.51304724533,1.063205752059939e-05,1256256.269181652,143051.31994615385,-0.024441063
2026-03-06,1344541.8604888525,-0.03913550773834504,98505628.70356248,0.002226570013153243,98505.62870356244,2.2265700131390167e-06,1204609.3125161347,139932.54797271785,-0.039168656
2026-03-07,1332049.8485110756,-0.008990708415351148,98909256.86145036,0.30019753921318876,98909.25686145031,0.00030019753921318407,794655.6365684795,537394.2119425962,-0.012495458
2026-03-08,1331255.1928745073,1.2016897692752105e-16,99703912.49801883,0.5965659899715566,99703.91249801879,0.0005965659899715635,0.0,1331255.1928745073,-0.019203782
2026-03-09,1331255.1928745073,0.0,99703912.49801883,0.0,99703.91249801879,0.0,0.0,1331255.1928745073,0.037303448
2026-03-10,1352004.6915473193,0.016486417077561783,100902042.1716059,0.9000000000000092,100902.04217160586,0.0009000000000000108,1220077.3019334555,131927.38961386378,0.022160292
2026-03-11,1359793.1941842372,0.005765867268381657,100909019.13237916,0.005160456037526414,100909.01913237912,5.1604560375265865e-06,1224599.8980191874,135193.2961650499,0.0034772158
2026-03-12,1367330.9015925673,0.005545216072947081,100911658.80032346,0.0019412275010545082,100911.65880032344,1.941227501066323e-06,1231354.2218420878,135976.67975047952,0.0049790144
2026-03-13,1379617.0798382396,0.008987947252248905,100914978.57453513,0.0024279230490646397,100914.97857453511,2.4279230490649803e-06,1242892.2175502444,136724.8622879953,0.005509615
2026-03-14,1381333.1392153916,0.0012468263538041268,100919062.13068372,0.0029599199721907295,100919.06213068371,2.959919972200349e-06,1243380.4332641785,137952.70595121325,0.0039750338
2026-03-15,1426999.3807380777,0.03306134723121069,100921555.16557597,0.001804803505736633,100921.55516557598,1.8048035057498645e-06,1288863.864844179,138135.5158938986,0.022514343
2026-03-16,1491570.1669597188,0.04525866939644987,100934862.14569819,0.009325147790422175,100934.86214569821,9.325147790426743e-06,1348879.024689226,142691.1422704929,0.02842033
2026-03-17,1471603.0449899966,-0.0133708821104562,100958375.25352854,0.015763997129462984,100958.37525352855,1.5763997129458146e-05,1322474.176633026,149128.86835697063,-0.013024211
2026-03-18,1412793.9691866606,-0.039961031986527784,100960674.7045476,0.0015625484242452236,100960.6747045476,1.5625484242342275e-06,1265640.8026219965,147153.16656466408,-0.036028206
2026-03-19,1386739.4174791386,-0.018435242448269495,100970027.06066053,0.006619759368247664,100970.02706066053,6.619759368257058e-06,1245474.0354174643,141265.38206167423,-0.018478632
2026-03-20,1392399.0538195376,0.004386358222254886,101393126.56624608,0.30510382863038227,101393.12656624606,0.0003051038286303677,838106.7715756948,554292.282243843,0.0083043575
2026-03-21,1360002.3477976457,-0.02296479567289881,101813672.82203469,0.3020299781409608,101813.67282203466,0.00030202997814094773,1221178.5026436693,138823.84515397655,-0.022586763
2026-03-22,1358732.80268709,-3.559922011420062e-05,103034802.90965542,0.897888220265357,103034.80290965541,0.0008978882202653703,0.0,1358732.80268709,-0.015367746
2026-03-23,1358732.80268709,0.0,103034802.90965542,0.0,103034.80290965541,0.0,0.0,1358732.80268709,0.044908643
2026-03-24,1353442.1010898477,-0.0029938499068978175,104257662.4320738,0.8999999999999991,104257.6624320738,0.0009000000000000107,1218791.680343557,134650.4207462907,-0.0049319863
2026-03-25,1364358.4416093715,0.008068619793954901,104261731.63937557,0.0030065617867871745,104261.73163937555,3.0065617867694555e-06,1229018.4903044417,135339.95130492974,0.011051893
2026-03-26,1306350.1409215922,-0.042514835376452204,104264557.78765947,0.0020714118795388983,104264.55778765945,2.0714118795402636e-06,1169917.122908939,136433.01801265337,-0.03527254
2026-03-27,1305135.6234073369,-3.41753982981229e-05,105434430.26553202,0.8955275015680247,105434.430265532,0.0008955275015680313,0.0,1305135.6234073369,-0.03506279
2026-03-28,1305135.6234073369,0.0,105434430.26553202,0.0,105434.430265532,0.0,0.0,1305135.6234073369,-0.0004554987
2026-03-29,1305135.6234073369,0.0,105434430.26553202,0.0,105434.430265532,0.0,0.0,1305135.6234073369,-0.005515456
2026-03-30,1305135.6234073369,0.0,105434430.26553202,0.0,105434.430265532,0.0,0.0,1305135.6234073369,0.011913776
2026-03-31,1305135.6234073369,0.0,105434430.26553202,0.0,105434.430265532,0.0,0.0,1305135.6234073369,0.02226305
2026-04-01,1305135.6234073369,0.0,105434430.26553202,0.0,105434.430265532,0.0,0.0,1305135.6234073369,-0.0024977326
2026-04-02,1289527.6827455247,-0.011658864950038154,105825970.95255421,0.29999999999999477,105825.97095255421,0.0003000000000000044,376324.2870474112,913203.3956981136,-0.017792702
2026-04-03,1289153.1877439215,1.4199901136816586e-06,106202297.07071818,0.2918325237987444,106202.29707071818,0.00029183252379874066,0.0,1289153.1877439215,0.00093126297
2026-04-04,1289153.1877439215,0.0,106202297.07071818,0.0,106202.29707071818,0.0,0.0,1289153.1877439215,0.0050194263
2026-04-05,1289153.1877439215,0.0,106202297.07071818,0.0,106202.29707071818,0.0,0.0,1289153.1877439215,0.025761485
2026-04-06,1286816.6943850766,-0.0012124249166492404,106975788.98336454,0.6000000000000002,106975.78898336455,0.0006000000000000091,771928.9112001543,514887.7831849223,-0.002614975
2026-04-07,1328371.0780047965,0.03229274493436993,106976248.652711,0.0003572143169049574,106976.248652711,3.572143168962725e-07,813644.8599201124,514726.2180846842,0.04459548
2026-04-08,1300399.0309885982,-0.020744891194913618,107391382.18922967,0.31251323022042204,107391.38218922967,0.00031251323022042556,1167977.0567246373,132421.97426396108,-0.011877656
2026-04-09,1303940.7052231664,0.0030224385978670355,107780084.17855036,0.2989097808118126,107780.08417855036,0.0002989097808118076,784188.4295279395,519752.2756952268,0.010103226
2026-04-10,1320134.701146097,0.012422272713989864,107783995.29877426,0.0029994617149599117,107783.99529877426,2.9994617149640184e-06,798564.4526769305,521570.2484691666,0.016363978
2026-04-11,1327681.3796665866,0.006021509651397211,108186520.62238014,0.3049123117939564,108186.52062238014,0.0003049123117939547,1196070.2518366142,131611.12782997242,0.0011026859
2026-04-12,1282903.6009813037,-0.03371999183100831,108194894.0311239,0.006306790824973156,108194.89403112391,6.306790824979207e-06,1150138.9902056903,132764.61077561352,-0.0315181
2026-04-13,1333796.2423313349,0.03997084397816054,108580992.35493678,0.3009566139790568,108580.9923549368,0.0003009566139790652,821001.5584573054,512794.6838740295,0.051978588
2026-04-14,1310990.0305974816,-0.016783184948260237,109001855.07044867,0.31553748777719204,109001.85507044868,0.00031553748777719213,1178031.2648292915,132958.76576819015,-0.0038491488
2026-04-15,1326472.540324906,0.011819291082093465,109014318.12037869,0.009506593977942877,109014.3181203787,9.506593977935151e-06,1195386.0003150876,131086.54000981819,0.009151936
2026-04-16,1345765.7201690322,0.014547477955554876,109017968.31527779,0.0027518058520857184,109017.9683152778,2.7518058520926515e-06,1213122.2858432897,132643.43432574262,0.004602313
2026-04-17,1366908.0041851592,0.015729141649350263,109043423.93852936,0.018915345271519435,109043.42393852938,1.8915345271521597e-05,1232352.3761340904,134555.62805106892,0.025516987
2026-04-18,1335891.4903443179,-0.022678233762545186,109060878.52856559,0.012769396318396221,109060.8785285656,1.2769396318396137e-05,1199213.609424143,136677.88092017482,-0.017908454
2026-04-19,1298521.9128106325,-0.02796822115434167,109067947.422098,0.005291517749385693,109067.947422098,5.291517749377763e-06,1164944.2836104874,133577.62920014514,-0.02496928
2026-04-20,1317598.2990565,0.01499359360338953,109461071.02200915,0.30274698950612455,109461.07102200917,0.0003027469895061349,798581.9582817934,519016.34077470656,0.027630448
2026-04-21,1325475.7040050947,0.006284697101588879,109864372.28455324,0.30608817788615067,109864.37228455325,0.0003060881778861352,1194119.347650667,131356.35635442776,0.006529212
2026-04-22,1346971.9537118135,0.016218822007215073,109865777.09598115,0.0010598545289523889,109865.77709598113,1.0598545289363162e-06,1214420.9856763575,132550.96803545597,0.024131179
2026-04-23,1336428.7766920365,-0.007821820431503203,109873181.36755331,0.00549697530951108,109873.18136755329,5.496975309511944e-06,1201743.4413755913,134685.33531644518,0.0010137558
2026-04-24,1329869.878188686,-0.004901674420996805,109881341.12070848,0.006105640119011135,109881.34112070844,6.105640118996587e-06,1196234.989902299,133634.88828638708,-0.010482609
2026-04-25,1331609.8880684762,0.001312274237873727,109886485.22178952,0.0038681236152591624,109886.48522178948,3.868123615254785e-06,1198628.216571364,132981.67149711217,0.0024260283
2026-04-26,1349000.3434339557,0.013060595656023062,109887648.17593457,0.0008733444798393424,109887.64817593452,8.733444798350586e-07,1215836.0597136908,133164.283720265,0.01330173
2026-04-27,1321320.7752157748,-0.020514660168274048,109892932.78168291,0.003917423575214391,109892.93278168284,3.917423575203431e-06,1186425.8530753686,134894.9221404062,-0.016352236
2026-04-28,1315259.4931042409,-0.003989382280715154,110682961.2054302,0.5979081223620909,110682.96120543014,0.0005979081223620976,391126.1756402912,924133.3174639498,-0.013293624
2026-04-29,1312347.3451571958,-0.0022114999496464535,110686412.84970318,0.0026243066794648974,110686.41284970313,2.6243066794736598e-06,391669.1236105073,920678.2215466885,-0.007371664
2026-04-30,1315288.8454907755,0.0022429545229611424,110688447.92963983,0.0015507174561393343,110688.44792963979,1.5507174561420843e-06,396647.73896067525,918641.1065301003,0.007476568
2026-05-01,1325026.8836424893,0.00740529298855645,110690509.04336539,0.0015670426557817094,110690.50904336535,1.5670426557847187e-06,404326.7245005598,920700.1591419295,0.02468431
2026-05-02,1327335.6632880832,0.0017475859045486596,110697327.7027732,0.005146053632560972,110697.32770277317,5.146053632564662e-06,399823.6633977485,927511.9998903347,0.005825281
2026-05-03,1326735.4690344145,-0.000450957006280058,110698950.63939671,0.0012227024922191506,110698.95063939667,1.2227024922130988e-06,397602.15545719466,929133.3135772198,-0.0015031695
2026-05-04,1337084.5457449704,0.008100722466195193,111097389.74954587,0.30031541286760066,111097.38974954584,0.0003003154128676035,806788.7814270565,530295.764317914,0.01644981
2026-05-05,1344652.3405619522,0.005663316939223021,111101928.48965491,0.0033945049499562703,111101.92848965488,3.394504949956096e-06,809822.3748751059,534829.9656868463,0.013079166
2026-05-06,1358665.8910560692,0.010723943700431615,111508353.9923779,0.3022532222367171,111508.35399237789,0.00030225322223672945,1224607.2496430997,134058.64141296933,0.006692767
2026-05-07,1337689.863156548,-0.01542646451542381,111524970.73520596,0.01223019061377944,111524.97073520593,1.22301906137719e-05,1201839.8907937692,135849.97236277876,-0.017692566
2026-05-08,1354520.4322524853,0.01288166908945163,111926079.80076514,0.2998520633270564,111926.07980076512,0.00029985206332705993,819827.3059332507,534693.1263192346,0.0023394823
2026-05-09,1361911.1428876754,0.005467665140142259,111941433.31461234,0.011335018270392645,111941.43331461232,1.133501827039634e-05,820100.164650938,541810.9782367374,0.006050706
2026-05-10,1391784.6346527075,0.022237124556142365,112352929.26837173,0.30214596297882373,112352.9292683717,0.0003021459629788202,1256009.4260355928,135775.2086171147,0.018984914
2026-05-11,1387784.2359302575,-0.00286855616433688,112360915.59765936,0.005738193315825858,112360.91559765935,5.738193315830542e-06,1248618.322977945,139165.9129523124,-0.005649209
2026-05-12,1356690.4079269106,-0.022397711608805965,112371552.50939323,0.007664672546691394,112371.55250939322,7.664672546699028e-06,1217922.4453287674,138767.9625981432,-0.015183449
2026-05-13,1336833.9637005962,-0.014332501308374457,112783229.68903603,0.3034422424139192,112783.22968903602,0.00030344224241391654,794568.7652927744,542265.1984078219,-0.014792442
2026-05-14,1350119.6959278674,0.009943840597377284,112790761.30196361,0.0056339179973681885,112790.7613019636,5.633917997370452e-06,815393.6420605564,534726.053867311,0.022396922
2026-05-15,1327450.6093318588,-0.016786472506543002,112796100.74173689,0.003954789926686409,112796.10074173688,3.954789926687013e-06,787390.4551310467,540060.1542008122,-0.024377644
2026-05-16,1315000.2846393066,-0.009076872079050795,113197326.06212579,0.30225254150197395,113197.32606212578,0.0003022525415019735,386216.8592925907,928783.4253467158,-0.0121997595
2026-05-17,1314569.4741746676,-3.394542504014035e-05,113583498.28317478,0.2936670246842719,113583.49828317478,0.0002936670246842728,0.0,1314569.4741746676,-0.008834183
2026-05-18,1314569.4741746676,0.0,113583498.28317478,0.0,113583.49828317478,0.0,0.0,1314569.4741746676,-0.0058845878
2026-05-19,1314569.4741746676,0.0,113583498.28317478,0.0,113583.49828317478,0.0,0.0,1314569.4741746676,-0.0021753907
2026-05-20,1314569.4741746676,0.0,113583498.28317478,0.0,113583.49828317478,0.0,0.0,1314569.4741746676,0.009343028
2026-05-21,1314569.4741746676,0.0,113583498.28317478,0.0,113583.49828317478,0.0,0.0,1314569.4741746676,0.000816226
2026-05-22,1314569.4741746676,0.0,113583498.28317478,0.0,113583.49828317478,0.0,0.0,1314569.4741746676,-0.026747525
2026-05-23,1314569.4741746676,0.0,113583498.28317478,0.0,113583.49828317478,0.0,0.0,1314569.4741746676,0.016051292
2026-05-24,1314569.4741746676,0.0,113583498.28317478,0.0,113583.49828317478,0.0,0.0,1314569.4741746676,0.0040774345
2026-05-25,1314569.4741746676,0.0,113583498.28317478,0.0,113583.49828317478,0.0,0.0,1314569.4741746676,0.003335476
2026-05-26,1314569.4741746676,0.0,113583498.28317478,0.0,113583.49828317478,0.0,0.0,1314569.4741746676,-0.01800263
2026-05-27,1314569.4741746676,0.0,113583498.28317478,0.0,113583.49828317478,0.0,0.0,1314569.4741746676,-0.01950097
2026-05-28,1314569.4741746676,0.0,113583498.28317478,0.0,113583.49828317478,0.0,0.0,1314569.4741746676,-0.011172533
2026-05-29,1314569.4741746676,0.0,113583498.28317478,0.0,113583.49828317478,0.0,0.0,1314569.4741746676,-0.0021289587
2026-05-30,1314569.4741746676,0.0,113583498.28317478,0.0,113583.49828317478,0.0,0.0,1314569.4741746676,0.0057663918
2026-05-31,1314569.4741746676,0.0,113583498.28317478,0.0,113583.49828317478,0.0,0.0,1314569.4741746676,-0.0028421879
2026-06-01,1314569.4741746676,0.0,113583498.28317478,0.0,113583.49828317478,0.0,0.0,1314569.4741746676,-0.030750036
2026-06-02,1314569.4741746676,0.0,113583498.28317478,0.0,113583.49828317478,0.0,0.0,1314569.4741746676,-0.065090895
2026-06-03,1314569.4741746676,0.0,113583498.28317478,0.0,113583.49828317478,0.0,0.0,1314569.4741746676,-0.039215803
2026-06-04,1314569.4741746676,0.0,113583498.28317478,0.0,113583.49828317478,0.0,0.0,1314569.4741746676,-0.0040029883
2026-06-05,1314569.4741746676,0.0,113583498.28317478,0.0,113583.49828317478,0.0,0.0,1314569.4741746676,-0.044290125
2026-06-06,1314569.4741746676,0.0,113583498.28317478,0.0,113583.49828317478,0.0,0.0,1314569.4741746676,-0.002814591
2026-06-07,1314569.4741746676,0.0,113583498.28317478,0.0,113583.49828317478,0.0,0.0,1314569.4741746676,0.040197134
2026-06-08,1314569.4741746676,0.0,113583498.28317478,0.0,113583.49828317478,0.0,0.0,1314569.4741746676,-0.0038846731
2026-06-09,1314569.4741746676,0.0,113583498.28317478,0.0,113583.49828317478,0.0,0.0,1314569.4741746676,-0.02149427
2026-06-10,1314569.4741746676,0.0,113583498.28317478,0.0,113583.49828317478,0.0,0.0,1314569.4741746676,-0.0035479069
2026-06-11,1314569.4741746676,0.0,113583498.28317478,0.0,113583.49828317478,0.0,0.0,1314569.4741746676,0.03438413
2026-06-12,1314569.4741746676,0.0,113583498.28317478,0.0,113583.49828317478,0.0,0.0,1314569.4741746676,-0.0007225871
2026-06-13,1314569.4741746676,0.0,113583498.28317478,0.0,113583.49828317478,0.0,0.0,1314569.4741746676,0.013809323
2026-06-14,1314569.4741746676,0.0,113583498.28317478,0.0,113583.49828317478,0.0,0.0,1314569.4741746676,0.019988894
2026-06-15,1314569.4741746676,0.0,113583498.28317478,0.0,113583.49828317478,0.0,0.0,1314569.4741746676,0.008856535
2026-06-16,1310583.9621034681,-0.0024318002581808864,114372239.96767959,0.6000000000000049,114372.23996767959,0.00060000000000001,785544.9141181058,525039.0479853624,-0.009855986
2026-06-17,1293425.6135585706,-0.013090795141512014,114374002.34892945,0.0013447297546899115,114374.00234892945,1.3447297546931094e-06,769171.5871986833,524254.0263598874,-0.017748117
2026-06-18,1280438.9715671758,-0.00974156940983015,114760648.94939129,0.29893222803750513,114760.6489493913,0.0002989322280375058,375426.1521285478,905012.8194386279,-0.024048984
2026-06-19,1280117.3584763557,4.206911022921823e-05,115136128.96844807,0.2932431981488493,115136.12896844809,0.00029324319814885637,0.0,1280117.3584763557,0.009306192
2026-06-20,1280117.3584763557,0.0,115136128.96844807,0.0,115136.12896844809,0.0,0.0,1280117.3584763557,0.011867404
2026-06-21,1261559.4549064827,-0.013597032984507972,116288234.5910768,0.9000000000000105,116288.23459107682,0.00090000000000001,1134699.8246814758,126859.63022500696,-0.015335202
2026-06-22,1258139.9298445233,-0.002111082669871234,117044503.35077094,0.599471358050414,117044.50335077094,0.0005994713580504107,375767.80868508434,882372.121159439,0.011183143
2026-06-23,1224718.3448041491,-0.025962952241914646,117801061.47894593,0.6013306709600126,117801.06147894594,0.0006013306709600131,1099660.9099478717,125057.43485627742,-0.020078719
2026-06-24,1215549.0204867397,-0.006886149448795424,118536792.24135262,0.6007346632211558,118536.79224135262,0.0006007346632211534,359018.63898112584,856530.3815056139,-0.026406229
2026-06-25,1215242.6719747721,4.337369285386371e-05,118895863.60318361,0.2953985037042869,118895.8636031836,0.0002953985037042766,0.0,1215242.6719747721,-0.021022141
2026-06-26,1215242.6719747721,0.0,118895863.60318361,0.0,118895.8636031836,0.0,0.0,1215242.6719747721,0.0050718784
2026-06-27,1207779.3165905445,-0.005841452696110172,119260436.40477604,0.29999999999999416,119260.43640477603,0.0002999999999999946,357474.01900979644,850305.2975807481,-0.0011360049
2026-06-28,1212298.3016963974,0.0037456183601878934,119265331.68219994,0.004053122417862136,119265.33168219993,4.053122417859823e-06,366893.1768169776,845405.1248794198,-0.007529497
2026-06-29,1231553.211909801,0.015885652780712956,119268571.35619326,0.002672340618464879,119268.57135619326,2.672340618475346e-06,382911.6527110482,848641.5591987529,0.011467457
2026-06-30,1224217.7357670907,-0.0059453336973302115,119282052.68808098,0.010946609336364906,119282.05268808098,1.0946609336357723e-05,362108.326012505,862109.4097545856,-0.027140617
2026-07-01,1243106.781791308,0.01543369489504728,119287209.68279861,0.00421248162557979,119287.2096827986,4.2124816255715165e-06,386159.52374906227,856947.2580422458,0.02386856
2026-07-02,1258837.0265547223,0.012664617781217325,119300437.17201027,0.010640670138250622,119300.43717201026,1.0640670138255212e-05,388675.5067900183,870161.5197647039,0.025589705
2026-07-03,1278778.9690194833,0.016150279493919957,119689064.5234032,0.3087193522234953,119689.0645234032,0.0003087193522235023,775652.0479078214,503126.9211116618,0.016622186
2026-07-04,1284203.2680082072,0.004548363554824434,120081117.19204348,0.30658360681431607,120081.11719204349,0.00030658360681431795,1156712.5221408543,127490.74586735299,0.008960009
2026-07-05,1287376.0609749537,0.0024778571924183113,120090396.52945824,0.007225754400351763,120090.39652945823,7.225754400342154e-06,1158965.0135115476,128411.0474634062,0.008013248
2026-07-06,1294415.873747516,0.0054716111681251565,120094604.98970352,0.0032690216735072057,120094.6049897035,3.2690216734959023e-06,1165682.4689602968,128733.40478721923,0.006158948
2026-07-07,1277791.8659360406,-0.012841611277922807,120096227.31854042,0.001253328910596643,120096.2273185404,1.2533289106000606e-06,1148351.3486293792,129440.51730666141,-0.010587275
2026-07-08,1252169.058430398,-0.020049745670284506,120099632.89260706,0.0026652024930086783,120099.63289260704,2.665202493007312e-06,1124393.270305158,127775.78812524005,-0.016949534
2026-07-09,1259192.2825239338,0.005615422107926364,120107866.61264277,0.006575565799416103,120107.86661264276,6.575565799425866e-06,1133983.3867023948,125208.895821539,0.015090704
2026-07-10,1276377.181323156,0.013652623548544756,120114246.02195264,0.005066270972604766,120114.24602195264,5.066270972608834e-06,1150459.28215661,125917.89916654606,0.014735341
2026-07-11,1265816.1478909026,-0.008265480166536129,120125409.17696021,0.008745968802104955,120125.40917696021,8.745968802103404e-06,1138184.751740988,127631.39614991446,-0.0053414702
2026-07-12,1270265.5029122008,0.003519603581044124,120131225.20272233,0.0045946844427617595,120131.22520272234,4.594684442780613e-06,1143689.69715493,126575.80575727075,-0.0006111264
2026-07-13,1245817.0411006818,-0.019242822337253055,120136193.62056045,0.003911322339098295,120136.19362056046,3.911322339088489e-06,1118795.4592272998,127021.58187338209,-0.022663534
2026-07-14,1285962.2371180067,0.032524160023855546,120510150.40844032,0.3001699090176819,120510.15040844033,0.0003001699090176823,787990.415896769,497971.82122123765,0.04346645
2026-07-15,1286280.0109848722,0.000559873084633671,120912352.18599246,0.31276328802121317,120912.35218599245,0.00031276328802119823,1158085.984366229,128194.02661864314,-0.0044231415
2026-07-16,1269628.590664603,-0.01264230822736,121302224.14069891,0.3031003757944821,121302.22414069888,0.00030310037579446607,755526.2795216201,514102.31114298286,-0.014301062
2026-07-17,1265574.7895047374,-0.00318797978775022,121308475.01557605,0.004923388558749946,121308.47501557601,4.923388558746921e-06,757729.6041137732,507845.1853909641,0.0015897751
2026-07-18,1275192.1847254103,0.007603384525015046,121313731.5646726,0.004153487522149193,121313.73156467256,4.153487522145513e-06,768966.7176021596,506225.4671232508,0.01411736
2026-07-19,1276505.1922709623,0.0010326748779784314,121317582.95288098,0.003020241383618351,121317.58295288094,3.0202413836219113e-06,766432.1883275427,510073.0039434195,-0.0017225146
2026-07-20,1286311.8843587707,0.007684519335064626,121320219.69638917,0.0020655955997319736,121320.21969638915,2.065595599745015e-06,775711.5941809701,510600.2901778006,0.008234739
2026-07-21,1299129.0733456365,0.009967344316983331,121324144.15995488,0.0030509424762592166,121324.14415995486,3.050942476260393e-06,784608.244065694,514520.82927994244,0.019931555
2026-07-22,1297377.677217879,-0.0013441815613300535,121329274.94153327,0.0039494009361044705,121329.27494153324,3.949400936095599e-06,777731.1971411345,519646.4800767446,-0.006635964
2026-07-23,1280153.680396364,-0.013273365864580682,121332703.18879552,0.0026424435401154384,121332.7031887955,2.64244354011831e-06,761205.2109573893,518948.46943897463,-0.015360057
2026-07-24,1271025.868052221,-0.007124867517182673,121339590.15848078,0.0053797991528049365,121339.59015848076,5.379799152810393e-06,758971.2552681997,512054.6127840213,-0.014731109
2026-07-25,1273402.011653426,0.0021677430198325087,121718704.01077233,0.2982739075739866,121718.70401077232,0.0002982739075739889,384062.9694754963,889339.0421779299,0.0036640167
2026-07-26,1295366.363051243,0.017550162566350867,122102764.92979139,0.30160225561476955,122102.76492979137,0.00030160225561477,786390.4394914685,508975.92355977435,0.015922189
2026-07-27,1273222.95554514,-0.01708645736104298,122112950.30668993,0.007862931437057184,122112.95030668992,7.86293143705997e-06,755086.5678845571,518136.38766058296,-0.02513957
2026-07-28,1278832.6972012555,0.00470797567998053,122497511.36047387,0.3020374806384838,122497.51136047386,0.0003020374806384839,387961.1893734414,890871.5078278141,0.0024961233
2026-07-29,1276531.1219465923,-0.0017963767220358763,122501821.3265063,0.0033702344660587386,122501.8213265063,3.3702344660637454e-06,381353.9580523755,895177.1638942168,0.0010839701
2026-07-30,1278050.7729885597,0.0011917111885052644,122503426.7050379,0.00125761017808712,122503.4267050379,1.2576101780859346e-06,384480.5930044767,893570.179984083,0.012436509
2026-07-31,1255332.3382707785,-0.017475011646675982,122887909.27980073,0.3008351333834394,122887.90927980072,0.0003008351333834386,744495.7189467815,510836.61932399706,-0.02920872
2026-08-01,1254587.8425518319,8.114457302907125e-17,123632404.99874751,0.5930666296483115,123632.4049987475,0.0005930666296483096,0.0,1254587.8425518319,-0.0010214448
2026-08-02,1254587.8425518319,0.0,123632404.99874751,0.0,123632.4049987475,0.0,0.0,1254587.8425518319,0.011880279
2026-08-03,1254587.8425518319,0.0,123632404.99874751,0.0,123632.4049987475,0.0,0.0,1254587.8425518319,-0.0007865429
2026-08-04,1254587.8425518319,0.0,123632404.99874751,0.0,123632.4049987475,0.0,0.0,1254587.8425518319,0.00923419
2026-08-05,1254587.8425518319,0.0,123632404.99874751,0.0,123632.4049987475,0.0,0.0,1254587.8425518319,0.008714795
2026-08-06,1250898.2887124948,-0.002340849348446195,124385157.7042786,0.5999999999999931,124385.15770427861,0.0006000000000000067,749815.9043972931,501082.3843152017,-0.0052829385
2026-08-07,1252510.3741898309,0.001588164212107433,124759704.12206215,0.2994219603330426,124759.70412206215,0.0002994219603330385,377256.11850886786,875254.2556809629,0.009321332
2026-08-08,1252863.6845879913,0.0005832833647050966,125136962.18928714,0.30120155090054124,125136.96218928715,0.00030120155090054916,752236.0134928302,500627.671095161,0.0006070137
2026-08-09,1252176.16829206,-0.000248341472585526,125513340.47283892,0.30041439318720115,125513.34047283894,0.000300414393187209,1127265.9816260487,124910.18666601123,-0.0009391904
2026-08-10,1238031.8527802345,-0.011293779374049764,125515854.60253087,0.0020078082905640522,125515.8546025309,2.0078082905779978e-06,1112821.6915861866,125210.16119404798,-0.0143536925
2026-08-11,1238805.837831577,0.001224065173554826,126257301.22592819,0.5988913950253073,126257.30122592823,0.0005988913950253082,372890.49986361346,865915.3379679637,-0.005784154
2026-08-12,1235541.1275057364,-0.002634360831749784,126258549.97444233,0.0010080260166770278,126258.54997444237,1.0080260166776857e-06,368378.2897721464,867162.8377335899,-0.0018869638
2026-08-13,1238723.939474898,0.0025778679834116054,126260799.92006615,0.0018210204207100452,126260.79992006619,1.8210204207097625e-06,373813.2973107518,864910.6421641462,0.00017130375
2026-08-14,1234434.6156119518,-0.0034609226566616486,126262996.03553443,0.001772885304218366,126262.99603553447,1.772885304219118e-06,367330.05409499153,867104.5615169604,-0.00704515
2026-08-15,1234186.0231193197,-0.00019895113028871322,126265996.36612302,0.00243053018009116,126265.99636612306,2.430530180088802e-06,370084.79252154205,864101.2305977778,0.0006734133
2026-08-16,1230549.640933981,-0.002946242383894638,126266167.38053727,0.00013856453650206116,126266.16738053731,1.3856453650640014e-07,366619.5957648712,863930.0451691097,-0.0029485226
2026-08-17,1237522.6954381296,0.005668658268292358,126268678.27301322,0.002040464189678673,126268.67827301325,2.0404641896729022e-06,376106.0536374391,861416.6418006904,0.02594757
2026-08-18,1243744.171868214,0.005631282010457171,127016041.13528208,0.603918509958535,127016.04113528214,0.0006039185099585509,1120739.2651866698,123004.90668154403,0.0029957294
2026-08-19,1375815.3084999137,0.1061923325164362,127020999.16799128,0.0039863766370449045,127020.99916799135,3.986376637057353e-06,1251445.8493458014,124369.45915411222,0.0712142
2026-08-20,1422328.4704652806,0.03383630668555525,127060345.92370924,0.02859886459677771,127060.34592370932,2.85988645967816e-05,1284781.2524855433,137547.21797973738,0.05322528
2026-08-21,1517607.0576046477,0.06699578291146646,127071768.22043219,0.008030702443305534,127071.76822043228,8.030702443312164e-06,1375389.168092505,142217.88951214252,0.072754145
2026-08-22,1493789.0841664893,-0.015688138981069494,127081311.22023694,0.006288188867421658,127081.31122023702,6.2881888674199705e-06,1342037.737849399,151751.34631709027,-0.016123712
2026-08-23,1512843.3669887576,0.012767519891482872,127099010.24374425,0.011848408650802075,127099.01024374434,1.1848408650805581e-05,1363477.2941144863,149366.0728742712,0.008551002
2026-08-24,1540504.1956104112,0.018287762892355338,127104702.41085356,0.0037625620956653386,127104.70241085364,3.762562095658644e-06,1389220.5886850331,151283.60692537803,0.016193032
2026-08-25,1519384.6612633034,-0.013700210685399958,127119004.7163562,0.009284171729873841,127119.00471635628,9.284171729876562e-06,1365343.782899292,154040.87836401147,-0.0057424307
2026-08-26,1559967.3909792851,0.026716225390593193,127128498.06569496,0.006248153993381569,127128.49806569504,6.248153993378734e-06,1408038.2364077107,151929.15457157439,0.006170273
2026-08-27,1600395.5559335984,0.025930946900128666,127151764.69279774,0.014914816320725463,127151.76469279782,1.4914816320730164e-05,1444417.3638631478,155978.19207045063,0.015512109
2026-08-28,1550999.9199903053,-0.03084183186142771,127188269.98821066,0.02281017044666331,127188.26998821076,2.281017044666782e-05,1390992.274777045,160007.6452132602,-0.029952943
2026-08-29,1562642.5316016912,0.007512626592269608,127197741.62035204,0.006106790863948404,127197.74162035213,6.106790863942624e-06,1407556.5930604078,155085.93854128325,0.0049345493
2026-08-30,1534438.954116592,-0.018045479164365382,127202685.86008176,0.0031640248039643357,127202.68586008184,3.164024803959493e-06,1378179.6451961529,156259.30892043913,-0.0070049763
2026-08-31,1555350.0043087213,0.013637285644059244,127217217.9886119,0.009470646252272145,127217.21798861198,9.470646252273662e-06,1401920.4500924808,153429.55421624053,0.011576533
2026-09-01,1525427.937397531,-0.01923514597210591,127221900.52920838,0.003010602490435201,127221.90052920846,3.0106024904397668e-06,1369897.8055284028,155530.13186912824,-0.014536381
2026-09-02,1521760.0346974602,-0.0023996949979173455,127229241.43822291,0.004812360410195417,127229.24143822299,4.812360410189387e-06,1369219.8594836243,152540.17521383593,-0.0012783408
2026-09-03,1582970.8517264868,0.040228647178302684,127236771.93508212,0.004948544243182783,127236.7719350822,4.948544243184237e-06,1430797.991212578,152172.8605139087,0.050819278
2026-09-04,1554587.0621634428,-0.0179237939981028,127247718.04677922,0.006914916775096736,127247.7180467793,6.91491677509659e-06,1396296.5712428314,158290.4909206113,-0.019805431
2026-09-05,1565955.2765389117,0.00731451216039978,127250549.64190498,0.0018214451893250776,127250.54964190506,1.8214451893273992e-06,1410499.212339195,155456.06419971678,0.0021463633
2026-09-06,1590761.093478841,0.015844496493309258,127256505.58977562,0.003803395895064025,127256.50558977571,3.803395895069526e-06,1434171.7118618782,156589.38161696293,0.0063893795
2026-09-07,1566509.9070510597,-0.015236650024013244,127269821.96440326,0.008371071358373026,127269.82196440335,8.371071358376539e-06,1407447.114077803,159062.79297325664,-0.015307367
2026-09-08,1559694.3106069413,-0.004345900854919087,127277521.66422912,0.004915193827508327,127277.52166422924,4.915193827518359e-06,1403046.547788347,156647.76281859443,-0.008294702
2026-09-09,1547464.9470606195,-0.007838946571912024,127280524.84118803,0.001925490744231163,127280.52484118813,1.9254907442267595e-06,1391498.3302631776,155966.61679744194,-0.001903832
2026-09-10,1528121.6699465124,-0.012194976738562666,127752502.92214972,0.30500082205946105,127752.50292214981,0.00030500082205945413,909606.9153157474,618514.7546307651,-0.022191167
2026-09-11,1527212.0630311966,-6.665922524489388e-17,128662109.83746547,0.5952450863075487,128662.10983746556,0.0005952450863075466,0.0,1527212.0630311966,0.008580327
2026-09-12,1524937.855453066,-0.0008891236346160816,129578437.07528418,0.6,129578.43707528427,0.000599999999999995,914969.3574784063,609968.4979746598,0.0006866455
2026-09-13,1515680.972241455,-0.00577031068362977,130035955.08770296,0.30002403755846563,130035.95508770304,0.00030002403755846483,448651.97986043553,1067028.9923810195,-0.0056512356
2026-09-14,1522769.6176711884,0.00468086482015638,130042007.39951496,0.003993130429715736,130042.00739951505,3.993130429719116e-06,461798.98941398185,1060970.6282572066,0.01753211
2026-09-15,1501429.6035554004,-0.014010687908847465,130046971.645037,0.0032600108804568214,130046.97164503709,3.260010880462326e-06,435499.6940216757,1065929.9095337247,-0.032545865
2026-09-16,1500994.1038613787,1.9384079272058803e-17,130482471.33905867,0.29005668530206435,130482.47133905877,0.0002900566853020701,0.0,1500994.1038613787,0.0074232817
2026-09-17,1500994.1038613787,0.0,130482471.33905867,0.0,130482.47133905877,0.0,0.0,1500994.1038613787,0.002768755
2026-09-18,1500994.1038613787,0.0,130482471.33905867,0.0,130482.47133905877,0.0,0.0,1500994.1038613787,0.05845368
2026-09-19,1498592.6595926313,-0.0006999025329744009,131833366.03253393,0.9000000000000137,131833.36603253402,0.0009000000000000032,1349844.1438999688,148748.51569266245,0.004526496
